Date,High,Low,Open,Close,Volume,Adj Close
2000-01-03,9.46875,9.03125,9.03125,9.3125,535200.0,8.531961441040039
2000-01-04,9.265625,9.046875,9.265625,9.125,290800.0,8.360180854797363
2000-01-05,9.5,9.15625,9.15625,9.5,532000.0,8.703747749328613
2000-01-06,10.234375,9.453125,9.46875,10.203125,1078400.0,9.34793758392334
2000-01-07,11.25,10.25,10.25,11.046875,1452400.0,10.120969772338867
2000-01-10,11.75,11.15625,11.15625,11.578125,1233600.0,10.607691764831543
2000-01-11,11.546875,11.125,11.546875,11.125,1100400.0,10.192547798156738
2000-01-12,11.171875,11.0,11.140625,11.078125,360400.0,10.1496000289917
2000-01-13,11.5,11.0625,11.0625,11.5,556800.0,10.536113739013672
2000-01-14,11.671875,11.34375,11.5,11.453125,858800.0,10.493168830871582
2000-01-18,11.625,11.40625,11.515625,11.4375,230400.0,10.478854179382324
2000-01-19,11.421875,10.875,11.40625,11.140625,782800.0,10.20685863494873
2000-01-20,12.140625,11.875,12.0,12.0,1220800.0,10.994208335876465
2000-01-21,12.28125,11.96875,12.015625,12.0,1683600.0,10.994208335876465
2000-01-24,12.046875,11.9375,11.96875,12.0,1110400.0,10.994208335876465
2000-01-25,12.25,11.84375,12.015625,11.859375,998400.0,10.86536979675293
2000-01-26,11.984375,11.640625,11.859375,11.640625,775200.0,10.66495132446289
2000-01-27,11.875,11.5,11.640625,11.5,813200.0,10.536113739013672
2000-01-28,11.640625,11.1875,11.5,11.25,526800.0,10.307069778442383
2000-01-31,11.390625,11.0625,11.28125,11.171875,377600.0,10.235491752624512
2000-02-01,11.296875,10.9375,11.203125,11.265625,574800.0,10.321383476257324
2000-02-02,11.59375,11.21875,11.265625,11.5,538000.0,10.536113739013672
2000-02-03,12.09375,11.5,11.5,12.015625,812000.0,11.008520126342773
2000-02-04,12.359375,11.984375,11.984375,12.125,808800.0,11.10872745513916
2000-02-07,12.125,11.875,12.125,11.9375,238000.0,10.936948776245117
2000-02-08,12.234375,11.765625,11.9375,11.78125,426400.0,10.793790817260742
2000-02-09,11.984375,11.46875,11.8125,11.5,371600.0,10.536113739013672
2000-02-10,11.4375,10.828125,11.4375,11.390625,766800.0,10.435907363891602
2000-02-11,11.515625,11.25,11.359375,11.3125,342400.0,10.364331245422363
2000-02-14,11.25,11.015625,11.21875,11.046875,300800.0,10.120969772338867
2000-02-15,11.75,10.90625,11.0,11.5625,1029200.0,10.593375205993652
2000-02-16,11.546875,10.78125,11.546875,10.78125,565600.0,9.877608299255371
2000-02-17,10.84375,10.546875,10.84375,10.625,774000.0,9.734455108642578
2000-02-18,10.625,10.140625,10.625,10.21875,958400.0,9.362252235412598
2000-02-22,10.21875,9.8125,10.21875,10.078125,1105600.0,9.233414649963379
2000-02-23,10.078125,9.8125,10.078125,9.96875,770000.0,9.133211135864258
2000-02-24,10.0,9.546875,10.0,9.71875,694400.0,8.904160499572754
2000-02-25,9.875,9.625,9.75,9.875,568400.0,9.047316551208496
2000-02-28,9.859375,9.578125,9.84375,9.578125,874400.0,8.775325775146484
2000-02-29,9.921875,9.5625,9.578125,9.71875,568400.0,8.904160499572754
2000-03-01,10.0625,9.734375,9.734375,10.015625,452800.0,9.176158905029297
2000-03-02,10.484375,10.078125,10.078125,10.4375,520800.0,9.562671661376953
2000-03-03,10.46875,10.296875,10.46875,10.34375,584800.0,9.47677993774414
2000-03-06,10.34375,10.046875,10.3125,10.078125,392000.0,9.233414649963379
2000-03-07,10.109375,9.78125,10.109375,9.78125,443200.0,8.961423873901367
2000-03-08,9.8125,9.59375,9.8125,9.78125,510800.0,8.961423873901367
2000-03-09,10.0625,9.734375,9.84375,10.03125,545200.0,9.190467834472656
2000-03-10,10.0,9.84375,10.0,9.875,250800.0,9.047316551208496
2000-03-13,9.90625,9.78125,9.90625,9.859375,413600.0,9.033001899719238
2000-03-14,10.0625,9.875,9.875,9.921875,345600.0,9.090264320373535
2000-03-15,9.96875,9.828125,9.9375,9.953125,475200.0,9.118894577026367
2000-03-16,10.5,10.015625,10.015625,10.4375,1466400.0,9.562671661376953
2000-03-17,10.578125,10.234375,10.4375,10.421875,433200.0,9.548358917236328
2000-03-20,10.53125,10.34375,10.421875,10.46875,408400.0,9.591300010681152
2000-03-21,10.734375,10.546875,10.59375,10.6875,198000.0,9.791716575622559
2000-03-22,11.15625,10.75,10.75,11.046875,788000.0,10.120969772338867
2000-03-23,11.03125,10.9375,11.03125,10.96875,220800.0,10.049392700195312
2000-03-24,11.140625,10.921875,10.9375,11.125,442000.0,10.192547798156738
2000-03-27,11.09375,10.8125,11.09375,10.921875,489600.0,10.00644302368164
2000-03-28,10.90625,10.78125,10.890625,10.796875,423600.0,9.891921043395996
2000-03-29,10.984375,10.78125,10.8125,10.84375,548000.0,9.934874534606934
2000-03-30,11.328125,10.875,10.875,11.328125,429200.0,10.378644943237305
2000-03-31,12.53125,11.296875,11.296875,12.25,1278000.0,11.22325325012207
2000-04-03,12.25,12.125,12.21875,12.25,462000.0,11.22325325012207
2000-04-04,12.59375,12.15625,12.15625,12.375,1647200.0,11.337777137756348
2000-04-05,12.546875,12.3125,12.3125,12.515625,906400.0,11.466615676879883
2000-04-06,12.6875,12.59375,12.640625,12.6875,758400.0,11.624082565307617
2000-04-07,12.6875,12.5625,12.6875,12.671875,389600.0,11.60976791381836
2000-04-10,12.984375,12.625,12.640625,12.921875,765200.0,11.838814735412598
2000-04-11,13.015625,12.8125,12.875,13.0,532000.0,11.910387992858887
2000-04-12,13.53125,12.890625,12.90625,13.484375,1599600.0,12.354171752929688
2000-04-13,13.625,13.234375,13.5625,13.28125,610000.0,12.16806697845459
2000-04-14,13.25,12.625,13.25,12.796875,821600.0,11.72429370880127
2000-04-17,13.046875,12.53125,12.78125,12.59375,1036000.0,11.538191795349121
2000-04-18,13.0,12.25,12.59375,13.0,1206800.0,11.910387992858887
2000-04-19,13.140625,12.9375,13.03125,13.109375,616800.0,12.010600090026855
2000-04-20,13.5625,13.234375,13.234375,13.46875,944400.0,12.339853286743164
2000-04-24,13.453125,13.21875,13.4375,13.421875,637600.0,12.29690170288086
2000-04-25,14.078125,13.40625,13.40625,13.984375,975600.0,12.812261581420898
2000-04-26,14.4375,13.609375,14.4375,13.71875,972400.0,12.568901062011719
2000-04-27,13.734375,13.140625,13.734375,13.296875,643600.0,12.182387351989746
2000-04-28,13.6875,13.1875,13.328125,13.6875,499600.0,12.540266036987305
2000-05-01,13.859375,13.515625,13.65625,13.75,914800.0,12.597529411315918
2000-05-02,13.9375,13.671875,13.6875,13.796875,502800.0,12.640478134155273
2000-05-03,13.859375,13.1875,13.859375,13.203125,374400.0,12.096489906311035
2000-05-04,13.84375,13.15625,13.171875,13.71875,921200.0,12.568901062011719
2000-05-05,13.9375,13.59375,13.65625,13.625,287600.0,12.483006477355957
2000-05-08,13.6875,13.421875,13.6875,13.65625,190400.0,12.511635780334473
2000-05-09,13.90625,13.6875,13.6875,13.875,243600.0,12.712053298950195
2000-05-10,13.859375,13.109375,13.84375,13.1875,456000.0,12.08217716217041
2000-05-11,13.9375,13.21875,13.21875,13.90625,493200.0,12.74068546295166
2000-05-12,14.125,13.390625,13.875,13.5625,360000.0,12.425745010375977
2000-05-15,14.046875,13.5,13.5,13.953125,388800.0,12.783629417419434
2000-05-16,14.078125,13.703125,14.046875,13.765625,391200.0,12.611846923828125
2000-05-17,13.921875,13.3125,13.578125,13.40625,576800.0,12.282590866088867
2000-05-18,13.671875,13.234375,13.421875,13.65625,565600.0,12.511635780334473
2000-05-19,13.84375,13.28125,13.75,13.4375,469200.0,12.311220169067383
2000-05-22,13.4375,12.9375,13.375,13.21875,367600.0,12.11080265045166
2000-05-23,13.8125,13.234375,13.25,13.734375,726800.0,12.58321475982666
2000-05-24,14.125,13.734375,13.734375,13.890625,930000.0,12.72636890411377
2000-05-25,14.140625,13.890625,13.9375,13.96875,1070800.0,12.797941207885742
2000-05-26,14.0,13.75,13.96875,13.8125,196800.0,12.654791831970215
2000-05-30,14.09375,13.75,13.875,14.0,596800.0,12.826574325561523
2000-05-31,14.0,13.28125,14.0,13.28125,995600.0,12.16806697845459
2000-06-01,13.84375,13.328125,13.328125,13.6875,575600.0,12.540266036987305
2000-06-02,14.21875,13.71875,13.75,14.109375,782400.0,12.92678165435791
2000-06-05,14.265625,14.0,14.203125,14.125,823200.0,12.9410982131958
2000-06-06,14.15625,14.015625,14.109375,14.046875,447600.0,12.869525909423828
2000-06-07,14.140625,14.0,14.140625,14.0625,534800.0,12.88383674621582
2000-06-08,14.25,14.015625,14.125,14.046875,508400.0,12.869525909423828
2000-06-09,14.171875,14.0625,14.0625,14.0625,465600.0,12.88383674621582
2000-06-12,14.75,14.15625,14.15625,14.75,399200.0,13.513711929321289
2000-06-13,14.75,13.796875,14.75,14.109375,1762800.0,12.92678165435791
2000-06-14,14.9375,14.109375,14.109375,14.859375,2845600.0,13.613922119140625
2000-06-15,16.28125,14.765625,14.796875,16.28125,3612400.0,14.916618347167969
2000-06-16,16.53125,15.84375,16.28125,16.0625,3242800.0,14.716204643249512
2000-06-19,15.9375,15.25,15.9375,15.578125,4560400.0,14.27242660522461
2000-06-20,16.15625,15.625,15.640625,16.125,4123200.0,14.773466110229492
2000-06-21,16.28125,16.015625,16.21875,16.015625,2325200.0,14.673257827758789
2000-06-22,17.015625,15.859375,15.953125,16.78125,3348400.0,15.374711036682129
2000-06-23,16.65625,16.265625,16.640625,16.515625,2262000.0,15.131354331970215
2000-06-26,17.171875,16.640625,16.640625,16.65625,1531600.0,15.260189056396484
2000-06-27,17.375,16.953125,16.953125,17.25,1161200.0,15.804179191589355
2000-06-28,17.5,17.015625,17.3125,17.484375,1740000.0,16.018901824951172
2000-06-29,17.5625,17.25,17.359375,17.515625,1351600.0,16.047536849975586
2000-06-30,17.46875,16.375,17.453125,16.375,2407600.0,15.002513885498047
2000-07-03,16.6875,16.390625,16.4375,16.65625,728000.0,15.260189056396484
2000-07-05,17.015625,16.296875,16.40625,17.0,1144000.0,15.575125694274902
2000-07-06,17.171875,16.9375,17.0625,17.03125,1083200.0,15.603757858276367
2000-07-07,17.1875,16.875,17.09375,16.953125,428800.0,15.532184600830078
2000-07-10,17.0625,16.859375,16.921875,16.96875,1042000.0,15.546491622924805
2000-07-11,17.0,16.859375,16.953125,16.953125,754800.0,15.532184600830078
2000-07-12,17.0,16.859375,16.984375,16.984375,623200.0,15.560813903808594
2000-07-13,16.96875,16.4375,16.921875,16.46875,631600.0,15.088401794433594
2000-07-14,16.5625,16.234375,16.53125,16.234375,412800.0,14.873669624328613
2000-07-17,17.0625,16.234375,16.234375,16.953125,986000.0,15.532184600830078
2000-07-18,17.25,15.84375,16.53125,17.1875,3308800.0,15.74691104888916
2000-07-19,17.1875,16.828125,17.1875,16.859375,822800.0,15.446287155151367
2000-07-20,17.0625,16.78125,16.828125,16.859375,674000.0,15.446287155151367
2000-07-21,16.828125,16.703125,16.828125,16.765625,624800.0,15.360393524169922
2000-07-24,17.0625,16.625,16.796875,16.625,991200.0,15.231562614440918
2000-07-25,16.640625,16.0625,16.640625,16.078125,728800.0,14.730525016784668
2000-07-26,16.59375,16.109375,16.109375,16.53125,719600.0,15.145665168762207
2000-07-27,16.71875,16.421875,16.515625,16.578125,488000.0,15.188610076904297
2000-07-28,16.84375,16.53125,16.546875,16.828125,729200.0,15.417655944824219
2000-07-31,17.0625,16.421875,16.859375,16.84375,1265200.0,15.431973457336426
2000-08-01,17.171875,16.859375,17.0,17.015625,2878800.0,15.58944320678711
2000-08-02,17.0,16.78125,17.0,16.96875,319200.0,15.546491622924805
2000-08-03,17.09375,16.8125,16.90625,16.984375,1192800.0,15.560813903808594
2000-08-04,17.0625,16.921875,16.984375,17.03125,2444400.0,15.603757858276367
2000-08-07,17.0,16.859375,17.0,16.921875,348400.0,15.503551483154297
2000-08-08,17.0625,16.546875,16.890625,16.75,597600.0,15.346078872680664
2000-08-09,16.734375,16.65625,16.71875,16.65625,185600.0,15.260189056396484
2000-08-10,16.953125,16.625,16.625,16.78125,500000.0,15.374711036682129
2000-08-11,17.078125,16.8125,16.8125,16.9375,1174400.0,15.517866134643555
2000-08-14,17.0625,16.9375,16.984375,17.0,1044800.0,15.575125694274902
2000-08-15,17.203125,16.359375,17.03125,16.359375,688000.0,14.988192558288574
2000-08-16,16.859375,16.25,16.359375,16.796875,594800.0,15.389028549194336
2000-08-17,16.796875,16.296875,16.78125,16.40625,355600.0,15.031142234802246
2000-08-18,16.484375,16.25,16.375,16.3515625,654400.0,14.981039047241211
2000-08-21,16.375,15.8125,16.375,16.015625,772000.0,14.673257827758789
2000-08-22,16.09375,15.859375,16.078125,15.953125,414400.0,14.615997314453125
2000-08-23,16.03125,15.875,15.953125,15.96875,190800.0,14.630309104919434
2000-08-24,16.28125,15.90625,15.9375,16.15625,328400.0,14.802091598510742
2000-08-25,16.59375,16.125,16.125,16.53125,373200.0,15.145665168762207
2000-08-28,16.75,16.4375,16.46875,16.53125,326000.0,15.145665168762207
2000-08-29,16.53125,16.34375,16.5,16.53125,471600.0,15.145665168762207
2000-08-30,17.171875,16.5,16.5625,17.03125,554800.0,15.603757858276367
2000-08-31,18.0,17.09375,17.09375,17.6875,1042400.0,16.205001831054688
2000-09-01,17.6875,17.109375,17.6875,17.46875,503200.0,16.004589080810547
2000-09-05,17.4375,17.234375,17.4375,17.390625,379200.0,15.933013916015625
2000-09-06,17.5,17.234375,17.234375,17.296875,353200.0,15.847124099731445
2000-09-07,17.296875,16.75,17.296875,16.78125,449200.0,15.374711036682129
2000-09-08,17.015625,16.8125,16.8125,16.984375,366000.0,15.560813903808594
2000-09-11,17.109375,16.890625,16.890625,16.984375,342000.0,15.560813903808594
2000-09-12,18.09375,17.1875,17.203125,17.1875,1034800.0,15.74691104888916
2000-09-13,18.03125,17.125,17.125,18.0,1009600.0,16.491315841674805
2000-09-14,18.40625,17.859375,18.015625,18.0,892800.0,16.491315841674805
2000-09-15,18.546875,17.953125,18.0625,18.546875,1182400.0,16.992351531982422
2000-09-18,19.125,18.4375,18.515625,19.046875,1715200.0,17.450443267822266
2000-09-19,21.203125,19.375,19.53125,20.25,5589200.0,18.55272102355957
2000-09-20,20.3125,19.640625,20.3125,20.0,2308000.0,18.32367706298828
2000-09-21,20.578125,19.96875,19.96875,20.5,1028800.0,18.781776428222656
2000-09-22,21.71875,20.46875,20.46875,21.125,1593600.0,19.354385375976562
2000-09-25,21.1875,20.6875,21.15625,20.875,668400.0,19.125343322753906
2000-09-26,21.5,20.9375,20.96875,21.34375,1355600.0,19.554805755615234
2000-09-27,21.5625,21.171875,21.34375,21.21875,1212000.0,19.440282821655273
2000-09-28,21.6875,21.125,21.21875,21.125,1253600.0,19.354385375976562
2000-09-29,22.375,21.25,21.25,21.40625,2450000.0,19.612062454223633
2000-10-02,21.625,21.078125,21.375,21.34375,1852000.0,19.554805755615234
2000-10-03,21.96875,21.40625,21.6875,21.4375,2253200.0,19.64069366455078
2000-10-04,21.734375,21.0,21.15625,21.640625,1909600.0,19.826786041259766
2000-10-05,22.3125,21.59375,21.6875,22.21875,1799200.0,20.356454849243164
2000-10-06,22.5,21.9375,22.234375,21.96875,1010000.0,20.12740707397461
2000-10-09,22.125,21.71875,22.0625,21.765625,644800.0,19.941312789916992
2000-10-10,22.4375,21.59375,21.671875,21.8125,1526800.0,19.984264373779297
2000-10-11,21.8125,21.21875,21.75,21.640625,1280400.0,19.826786041259766
2000-10-12,21.625,20.8125,21.546875,21.5,1498400.0,19.697952270507812
2000-10-13,21.875,21.1875,21.5,21.390625,2215600.0,19.597753524780273
2000-10-16,22.484375,21.203125,21.390625,22.375,3070800.0,20.499618530273438
2000-10-17,22.90625,20.28125,22.515625,21.375,4174000.0,19.583433151245117
2000-10-18,21.5,20.65625,21.28125,20.8125,2199600.0,19.068077087402344
2000-10-19,21.8125,21.125,21.1875,21.390625,1482400.0,19.597753524780273
2000-10-20,21.5625,21.21875,21.453125,21.3125,1260400.0,19.526161193847656
2000-10-23,21.390625,20.9375,21.21875,21.015625,562800.0,19.25418472290039
2000-10-24,21.34375,20.875,21.015625,21.03125,741600.0,19.268495559692383
2000-10-25,21.90625,21.09375,21.09375,21.71875,826400.0,19.89836311340332
2000-10-26,21.875,21.359375,21.703125,21.578125,853600.0,19.769527435302734
2000-10-27,21.75,20.53125,21.609375,20.6875,1392000.0,18.95355987548828
2000-10-30,20.84375,20.125,20.59375,20.71875,2988400.0,18.982189178466797
2000-10-31,21.234375,20.75,20.78125,20.96875,1256800.0,19.211233139038086
2000-11-01,20.015625,19.3125,20.0,19.3125,3442000.0,17.693798065185547
2000-11-02,20.28125,19.21875,19.375,20.203125,2117600.0,18.509780883789062
2000-11-03,20.328125,19.859375,20.328125,20.1875,1240800.0,18.495471954345703
2000-11-06,20.25,19.53125,20.21875,20.171875,1650000.0,18.481155395507812
2000-11-07,21.640625,20.25,20.3125,21.640625,1380800.0,19.826786041259766
2000-11-08,22.40625,21.296875,21.609375,21.390625,2026000.0,19.597753524780273
2000-11-09,21.78125,20.75,21.421875,21.734375,1838400.0,19.912689208984375
2000-11-10,22.625,21.546875,21.734375,21.625,3374400.0,19.812482833862305
2000-11-13,21.875,21.21875,21.671875,21.71875,1251600.0,19.89836311340332
2000-11-14,22.0,21.5,21.6875,21.609375,2155200.0,19.798166275024414
2000-11-15,23.03125,22.1875,22.25,22.8125,3065600.0,20.90044403076172
2000-11-16,22.8125,22.375,22.8125,22.40625,1366400.0,20.52824592590332
2000-11-17,22.796875,22.40625,22.46875,22.4375,1030400.0,20.556880950927734
2000-11-20,22.3125,21.8125,22.1875,21.96875,840000.0,20.12740707397461
2000-11-21,22.640625,21.96875,21.96875,22.25,858400.0,20.385095596313477
2000-11-22,22.1875,21.375,22.1875,22.0625,1021200.0,20.21331214904785
2000-11-24,22.109375,21.90625,22.109375,22.046875,185600.0,20.198991775512695
2000-11-27,23.0625,22.078125,22.109375,22.96875,1429200.0,21.043596267700195
2000-11-28,24.890625,23.0625,24.125,23.125,3865600.0,21.186750411987305
2000-11-29,24.34375,23.1875,23.28125,24.21875,1548800.0,22.18882942199707
2000-11-30,26.0,23.9375,24.0,25.609375,2792000.0,23.4628963470459
2000-12-01,26.5625,25.640625,25.640625,25.921875,2598400.0,23.749208450317383
2000-12-04,25.890625,25.25,25.890625,25.25,1323200.0,23.133644104003906
2000-12-05,25.875,25.09375,25.5,25.125,1332400.0,23.019119262695312
2000-12-06,26.15625,24.9375,25.0625,25.53125,1116400.0,23.39132308959961
2000-12-07,26.234375,25.234375,25.25,25.75,826800.0,23.591739654541016
2000-12-08,26.25,25.75,25.765625,26.09375,1082800.0,23.90667152404785
2000-12-11,26.5,25.75,26.3125,26.109375,828800.0,23.920984268188477
2000-12-12,26.5,24.9375,26.109375,24.9375,1117600.0,22.847339630126953
2000-12-13,25.75,23.53125,25.0,24.125,2400800.0,22.10294532775879
2000-12-14,24.203125,23.375,23.9375,23.984375,1271600.0,21.974090576171875
2000-12-15,25.5,23.75,23.921875,25.40625,1421600.0,23.276798248291016
2000-12-18,26.75,25.140625,25.40625,26.25,1507200.0,24.049829483032227
2000-12-19,26.875,26.234375,26.40625,26.3125,1121600.0,24.107088088989258
2000-12-20,26.8125,25.78125,26.3125,26.8125,900400.0,24.565181732177734
2000-12-21,26.65625,25.75,26.65625,26.0,1103600.0,23.820775985717773
2000-12-22,26.4375,25.875,26.03125,25.96875,416800.0,23.79215431213379
2000-12-26,27.75,26.0,26.03125,26.921875,1026000.0,24.66539192199707
2000-12-27,28.234375,26.9375,26.984375,27.9375,1224400.0,25.595882415771484
2000-12-28,28.015625,27.5,28.0,27.84375,742000.0,25.5100040435791
2000-12-29,27.9375,26.5,27.859375,27.9375,1396400.0,25.595882415771484
2001-01-02,27.5,24.875,27.5,25.171875,1878400.0,23.06206512451172
2001-01-03,27.25,24.9375,25.109375,25.34375,2271600.0,23.21953582763672
2001-01-04,25.5,20.671875,25.3125,22.1875,6584000.0,20.327836990356445
2001-01-05,23.359375,21.53125,22.15625,22.03125,3984800.0,20.1846866607666
2001-01-08,22.71875,21.71875,22.015625,22.1875,2031600.0,20.327836990356445
2001-01-09,22.46875,21.09375,22.34375,21.09375,1933600.0,19.325756072998047
2001-01-10,23.625,21.75,21.875,22.921875,3023600.0,21.00065040588379
2001-01-11,23.328125,22.59375,23.125,22.78125,1950800.0,20.871814727783203
2001-01-12,22.78125,21.6875,22.78125,22.28125,1388800.0,20.41371726989746
2001-01-16,22.75,21.5,22.34375,21.8125,2137600.0,19.984264373779297
2001-01-17,21.828125,20.75,21.8125,21.203125,2511600.0,19.42595672607422
2001-01-18,22.078125,20.375,21.703125,20.5,3098000.0,18.781776428222656
2001-01-19,20.15625,18.625,19.96875,19.4375,6615600.0,17.808320999145508
2001-01-22,21.0625,19.515625,19.515625,20.40625,3137600.0,18.69587516784668
2001-01-23,21.3125,20.4375,20.4375,20.5,2856000.0,18.781776428222656
2001-01-24,20.625,19.46875,20.625,19.671875,3516400.0,18.02305793762207
2001-01-25,20.0625,19.625,19.859375,19.984375,3050400.0,18.309362411499023
2001-01-26,21.375,19.859375,19.859375,20.921875,2214000.0,19.168283462524414
2001-01-29,20.924999237060547,19.8125,20.924999237060547,20.3125,1892000.0,18.609981536865234
2001-01-30,20.6875,20.100000381469727,20.3125,20.350000381469727,1271600.0,18.64434242248535
2001-01-31,20.7450008392334,20.174999237060547,20.350000381469727,20.475000381469727,1528800.0,18.758869171142578
2001-02-01,20.950000762939453,20.46500015258789,20.475000381469727,20.497499465942383,1206000.0,18.779481887817383
2001-02-02,21.184999465942383,20.530000686645508,20.684999465942383,20.712499618530273,1364800.0,18.97645378112793
2001-02-05,21.9375,20.842500686645508,20.962499618530273,21.112499237060547,1585200.0,19.342931747436523
2001-02-06,21.5,21.165000915527344,21.25,21.5,1135200.0,19.697952270507812
2001-02-07,22.524999618530273,21.707500457763672,21.707500457763672,22.3125,1920800.0,20.442359924316406
2001-02-08,22.412500381469727,21.700000762939453,22.3125,21.827499389648438,1419200.0,19.998008728027344
2001-02-09,22.0674991607666,21.399999618530273,21.549999237060547,22.0049991607666,1652800.0,20.160627365112305
2001-02-12,23.0,21.575000762939453,22.00749969482422,22.774999618530273,1192800.0,20.866085052490234
2001-02-13,22.9375,22.375,22.774999618530273,22.764999389648438,1010800.0,20.85692596435547
2001-02-14,22.987499237060547,22.149999618530273,22.887500762939453,22.252500534057617,736000.0,20.38737678527832
2001-02-15,22.475000381469727,21.162500381469727,22.412500381469727,21.162500381469727,993600.0,19.38874053955078
2001-02-16,21.674999237060547,20.9375,20.9375,21.287500381469727,1204400.0,19.503257751464844
2001-02-20,21.6875,21.200000762939453,21.290000915527344,21.6875,906000.0,19.869749069213867
2001-02-21,21.8125,20.8125,21.8125,20.8125,830000.0,19.068077087402344
2001-02-22,21.149999618530273,20.5,20.815000534057617,20.514999389648438,961200.0,18.79551124572754
2001-02-23,20.625,20.075000762939453,20.475000381469727,20.475000381469727,906400.0,18.758869171142578
2001-02-26,21.5,20.450000762939453,20.487499237060547,21.302499771118164,1613200.0,19.517009735107422
2001-02-27,21.875,21.25,21.25,21.825000762939453,1371600.0,19.995725631713867
2001-02-28,22.920000076293945,21.825000762939453,21.825000762939453,22.4375,2164800.0,20.556880950927734
2001-03-01,22.592500686645508,22.272499084472656,22.440000534057617,22.549999237060547,1302000.0,20.65995216369629
2001-03-02,24.012500762939453,22.450000762939453,22.549999237060547,23.200000762939453,1812000.0,21.255468368530273
2001-03-05,23.450000762939453,22.262500762939453,23.450000762939453,22.40250015258789,1009200.0,20.524818420410156
2001-03-06,22.61750030517578,21.8125,22.575000762939453,22.15999984741211,1309600.0,20.302637100219727
2001-03-07,22.5,21.5,22.22249984741211,21.612499237060547,1209200.0,19.8010311126709
2001-03-08,21.787500381469727,21.1875,21.737499237060547,21.25,1752400.0,19.468910217285156
2001-03-09,21.407499313354492,20.875,21.225000381469727,20.934999465942383,1407200.0,19.180313110351562
2001-03-12,21.457500457763672,20.0,20.934999465942383,20.014999389648438,2083200.0,18.33742904663086
2001-03-13,20.4375,19.332500457763672,20.125,20.02750015258789,2084400.0,18.348873138427734
2001-03-14,20.532499313354492,19.90250015258789,19.90250015258789,20.530000686645508,2849600.0,18.80925750732422
2001-03-15,20.987499237060547,20.674999237060547,20.674999237060547,20.875,1149600.0,19.125343322753906
2001-03-16,21.25,20.75,20.877500534057617,21.092500686645508,882000.0,19.324609756469727
2001-03-19,21.5,20.5,21.094999313354492,21.229999542236328,1389200.0,19.45058822631836
2001-03-20,21.612499237060547,20.897499084472656,21.229999542236328,20.897499084472656,672800.0,19.145957946777344
2001-03-21,21.122499465942383,20.647499084472656,21.002500534057617,21.122499465942383,1047600.0,19.352100372314453
2001-03-22,21.25,20.360000610351562,21.25,20.512500762939453,2656400.0,18.79322624206543
2001-03-23,20.90999984741211,20.612499237060547,20.612499237060547,20.712499618530273,1354400.0,18.97645378112793
2001-03-26,21.837499618530273,20.940000534057617,21.0,21.18000030517578,950400.0,19.40477752685547
2001-03-27,21.1875,20.5,21.18000030517578,20.772499084472656,1280400.0,19.031421661376953
2001-03-28,20.75,20.287500381469727,20.725000381469727,20.6875,1931600.0,18.95355987548828
2001-03-29,21.747499465942383,20.8125,20.8125,21.747499465942383,2272400.0,19.92470932006836
2001-03-30,22.5625,21.74250030517578,22.24250030517578,22.075000762939453,2526800.0,20.224763870239258
2001-04-02,22.337499618530273,21.575000762939453,22.075000762939453,21.579999923706055,728000.0,19.771251678466797
2001-04-03,21.725000381469727,21.100000381469727,21.600000381469727,21.387500762939453,1014400.0,19.594886779785156
2001-04-04,22.712499618530273,21.637500762939453,21.75,22.712499618530273,1854800.0,20.80883026123047
2001-04-05,22.899999618530273,22.262500762939453,22.774999618530273,22.607500076293945,1199200.0,20.712627410888672
2001-04-06,22.9375,22.415000915527344,22.604999542236328,22.6299991607666,1722800.0,20.733240127563477
2001-04-09,23.112499237060547,22.6875,22.8174991607666,22.975000381469727,660000.0,21.049325942993164
2001-04-10,23.25,22.399999618530273,22.725000381469727,23.075000762939453,1803600.0,21.140949249267578
2001-04-11,23.037500381469727,21.9375,23.012500762939453,22.100000381469727,1060000.0,20.247661590576172
2001-04-12,22.75,22.0,22.1875,22.602500915527344,704800.0,20.708044052124023
2001-04-16,23.0,22.252500534057617,22.625,22.282499313354492,923600.0,20.414873123168945
2001-04-17,23.15250015258789,22.282499313354492,22.399999618530273,23.11750030517578,849200.0,21.179885864257812
2001-04-18,24.0,22.0625,23.612499237060547,22.387500762939453,2632800.0,20.511066436767578
2001-04-19,22.237499237060547,21.375,22.174999237060547,21.375,1664400.0,19.583433151245117
2001-04-20,21.337499618530273,20.56999969482422,21.0,21.2450008392334,2116000.0,19.46433448791504
2001-04-23,21.537500381469727,20.75,21.302499771118164,20.899999618530273,1149600.0,19.148244857788086
2001-04-24,21.549999237060547,21.0,21.125,21.170000076293945,868800.0,19.39562225341797
2001-04-25,22.15250015258789,21.225000381469727,21.225000381469727,21.924999237060547,1051600.0,20.08733558654785
2001-04-26,22.112499237060547,21.600000381469727,22.049999237060547,21.690000534057617,641600.0,19.872028350830078
2001-04-27,21.997499465942383,21.587499618530273,21.627500534057617,21.822500228881836,475200.0,19.993425369262695
2001-04-30,22.625,21.75,21.75,22.440000534057617,1133600.0,20.55916976928711
2001-05-01,22.40999984741211,21.462499618530273,22.40250015258789,21.887500762939453,1428000.0,20.052974700927734
2001-05-02,21.75,20.8125,21.75,21.0,1877200.0,19.2398681640625
2001-05-03,21.549999237060547,20.375,21.149999618530273,21.40999984741211,1910000.0,19.615497589111328
2001-05-04,21.424999237060547,20.25,21.25,20.575000762939453,2548000.0,18.850492477416992
2001-05-07,20.887500762939453,20.424999237060547,20.637500762939453,20.647499084472656,994400.0,18.916912078857422
2001-05-08,20.875,20.0625,20.647499084472656,20.075000762939453,2170000.0,18.392391204833984
2001-05-09,20.412500381469727,20.0,20.200000762939453,20.174999237060547,1327600.0,18.4840087890625
2001-05-10,20.422500610351562,20.040000915527344,20.177499771118164,20.299999237060547,862800.0,18.598533630371094
2001-05-11,20.8700008392334,20.149999618530273,20.149999618530273,20.262500762939453,649600.0,18.564186096191406
2001-05-14,20.712499618530273,20.219999313354492,20.4375,20.375,532000.0,18.66724967956543
2001-05-15,20.5,20.184999465942383,20.375,20.5,487200.0,18.781776428222656
2001-05-16,20.912500381469727,20.362499237060547,20.4375,20.912500381469727,603200.0,19.159696578979492
2001-05-17,20.852500915527344,20.709999084472656,20.850000381469727,20.75,844400.0,19.010820388793945
2001-05-18,20.747499465942383,20.309999465942383,20.7450008392334,20.3125,1059200.0,18.609981536865234
2001-05-21,20.3125,19.125,20.309999465942383,19.3125,2711200.0,17.693798065185547
2001-05-22,19.9375,19.125,19.3125,19.850000381469727,1719600.0,18.18625259399414
2001-05-23,19.875,18.905000686645508,19.612499237060547,18.907499313354492,2314400.0,17.322744369506836
2001-05-24,19.737499237060547,19.024999618530273,19.024999618530273,19.725000381469727,2054000.0,18.071725845336914
2001-05-25,20.3125,19.725000381469727,19.725000381469727,20.237499237060547,1405600.0,18.541269302368164
2001-05-29,20.135000228881836,19.375,20.135000228881836,19.450000762939453,1168400.0,17.819778442382812
2001-05-30,19.924999237060547,19.612499237060547,19.924999237060547,19.662500381469727,1551200.0,18.014463424682617
2001-05-31,20.25,19.9375,20.024999618530273,20.0,1159200.0,18.32367706298828
2001-06-01,20.049999237060547,19.549999237060547,20.024999618530273,19.6875,1047200.0,18.037364959716797
2001-06-04,20.450000762939453,20.0,20.450000762939453,20.149999618530273,790000.0,18.461103439331055
2001-06-05,21.25,20.2450008392334,20.350000381469727,21.059999465942383,1622400.0,19.294832229614258
2001-06-06,21.899999618530273,21.139999389648438,21.375,21.655000686645508,1320600.0,19.839956283569336
2001-06-07,22.010000228881836,21.514999389648438,21.655000686645508,21.75,1149600.0,19.927005767822266
2001-06-08,21.90999984741211,21.600000381469727,21.75,21.600000381469727,646400.0,19.789573669433594
2001-06-11,21.950000762939453,21.0,21.604999542236328,21.440000534057617,684000.0,19.642986297607422
2001-06-12,22.299999237060547,21.399999618530273,21.700000762939453,22.25,1318800.0,20.385095596313477
2001-06-13,22.5,21.799999237060547,22.125,22.225000381469727,639800.0,20.362184524536133
2001-06-14,22.219999313354492,21.600000381469727,22.219999313354492,21.920000076293945,362400.0,20.082752227783203
2001-06-15,22.875,22.0,22.125,22.299999237060547,901400.0,20.430896759033203
2001-06-18,23.524999618530273,22.600000381469727,22.625,23.375,1569400.0,21.41579818725586
2001-06-19,23.475000381469727,22.950000762939453,23.375,23.0,441400.0,21.072227478027344
2001-06-20,23.375,22.924999237060547,23.0,23.375,1069000.0,21.41579818725586
2001-06-21,23.649999618530273,23.200000762939453,23.5,23.200000762939453,789000.0,21.255468368530273
2001-06-22,23.075000762939453,22.325000762939453,23.075000762939453,22.5,488600.0,20.614139556884766
2001-06-25,22.924999237060547,22.2549991607666,22.625,22.299999237060547,313800.0,20.430896759033203
2001-06-26,22.424999237060547,21.75,22.299999237060547,22.385000228881836,634800.0,20.508773803710938
2001-06-27,23.19499969482422,22.34000015258789,22.389999389648438,23.010000228881836,401000.0,21.081392288208008
2001-06-28,23.100000381469727,22.7450008392334,23.010000228881836,22.815000534057617,1069600.0,20.90273094177246
2001-06-29,23.625,22.75,22.93000030517578,22.75,1854400.0,20.843181610107422
2001-07-02,22.950000762939453,22.174999237060547,22.850000381469727,22.295000076293945,843600.0,20.426315307617188
2001-07-03,22.469999313354492,22.125,22.350000381469727,22.25,201000.0,20.385095596313477
2001-07-05,22.774999618530273,21.875,22.375,22.0,938800.0,20.156047821044922
2001-07-06,22.850000381469727,22.125,22.125,22.799999237060547,471200.0,20.888986587524414
2001-07-09,24.25,22.799999237060547,22.799999237060547,24.1299991607666,1987000.0,22.107515335083008
2001-07-10,24.5,23.739999771118164,24.174999237060547,24.1200008392334,1107200.0,22.098358154296875
2001-07-11,25.350000381469727,24.25,24.25,24.885000228881836,1842800.0,22.79923439025879
2001-07-12,25.0,24.649999618530273,25.0,24.989999771118164,983600.0,22.895431518554688
2001-07-13,25.0,24.655000686645508,25.0,24.889999389648438,669200.0,22.803813934326172
2001-07-16,26.299999237060547,24.889999389648438,24.889999389648438,26.299999237060547,1997200.0,24.095643997192383
2001-07-17,26.700000762939453,25.399999618530273,26.299999237060547,25.950000762939453,2835800.0,23.774972915649414
2001-07-18,26.600000381469727,25.280000686645508,26.450000762939453,25.5,3770000.0,23.362680435180664
2001-07-19,25.399999618530273,24.700000762939453,25.375,24.844999313354492,1541600.0,22.762584686279297
2001-07-20,25.200000762939453,24.690000534057617,25.0,24.924999237060547,816200.0,22.835887908935547
2001-07-23,25.174999237060547,23.5,24.924999237060547,24.350000381469727,1940800.0,22.309083938598633
2001-07-24,25.0,24.125,24.799999237060547,24.5,2309400.0,22.44650650024414
2001-07-25,24.75,23.454999923706055,24.75,23.825000762939453,1562200.0,21.828086853027344
2001-07-26,24.8700008392334,23.825000762939453,23.825000762939453,24.420000076293945,731000.0,22.373210906982422
2001-07-27,24.799999237060547,24.274999618530273,24.424999237060547,24.274999618530273,800800.0,22.24036407470703
2001-07-30,24.864999771118164,24.325000762939453,24.399999618530273,24.700000762939453,788000.0,22.629737854003906
2001-07-31,24.854999542236328,24.329999923706055,24.825000762939453,24.75,787200.0,22.675554275512695
2001-08-01,24.905000686645508,24.375,24.875,24.69499969482422,848200.0,22.625164031982422
2001-08-02,24.854999542236328,23.299999237060547,24.795000076293945,24.520000457763672,1065200.0,22.46482276916504
2001-08-03,24.524999618530273,23.475000381469727,24.524999618530273,24.274999618530273,509400.0,22.24036407470703
2001-08-06,24.5,23.875,24.399999618530273,24.260000228881836,487600.0,22.226627349853516
2001-08-07,24.850000381469727,24.0049991607666,24.209999084472656,24.649999618530273,635000.0,22.58393669128418
2001-08-08,24.825000762939453,24.0,24.649999618530273,24.2549991607666,851800.0,22.222036361694336
2001-08-09,24.625,24.219999313354492,24.2549991607666,24.219999313354492,667400.0,22.18996810913086
2001-08-10,24.674999237060547,24.25,24.25,24.674999237060547,1038800.0,22.606836318969727
2001-08-13,25.350000381469727,24.65999984741211,24.674999237060547,24.825000762939453,582600.0,22.7442684173584
2001-08-14,25.100000381469727,24.125,24.899999618530273,24.225000381469727,676600.0,22.194543838500977
2001-08-15,24.639999389648438,24.274999618530273,24.274999618530273,24.420000076293945,492400.0,22.373210906982422
2001-08-16,24.850000381469727,24.25,24.399999618530273,24.600000381469727,498200.0,22.538127899169922
2001-08-17,24.635000228881836,24.325000762939453,24.604999542236328,24.399999618530273,398200.0,22.35489273071289
2001-08-20,24.799999237060547,24.399999618530273,24.399999618530273,24.739999771118164,900600.0,22.666391372680664
2001-08-21,24.725000381469727,24.229999542236328,24.674999237060547,24.25,536200.0,22.21745491027832
2001-08-22,24.649999618530273,24.174999237060547,24.225000381469727,24.575000762939453,485800.0,22.515222549438477
2001-08-23,24.875,24.5,24.600000381469727,24.5,1037800.0,22.44650650024414
2001-08-24,24.524999618530273,24.094999313354492,24.524999618530273,24.149999618530273,698200.0,22.12584114074707
2001-08-27,24.674999237060547,24.0,24.075000762939453,24.1200008392334,675800.0,22.098358154296875
2001-08-28,24.25,23.59000015258789,24.2450008392334,24.024999618530273,825400.0,22.011320114135742
2001-08-29,24.5,24.0,24.375,24.079999923706055,803000.0,22.061702728271484
2001-08-30,24.5,23.934999465942383,24.049999237060547,24.0049991607666,632200.0,21.99299430847168
2001-08-31,24.049999237060547,23.549999237060547,24.049999237060547,23.649999618530273,984400.0,21.667747497558594
2001-09-04,24.149999618530273,23.524999618530273,23.575000762939453,24.0,808200.0,21.98841667175293
2001-09-05,24.149999618530273,23.899999618530273,23.950000762939453,23.989999771118164,452800.0,21.979249954223633
2001-09-06,24.524999618530273,23.825000762939453,23.875,24.049999237060547,601800.0,22.03423309326172
2001-09-07,24.0,23.600000381469727,24.0,23.844999313354492,479600.0,21.84640884399414
2001-09-10,23.825000762939453,23.350000381469727,23.799999237060547,23.350000381469727,382000.0,21.392902374267578
2001-09-17,23.399999618530273,22.434999465942383,22.799999237060547,22.434999465942383,552200.0,20.55458641052246
2001-09-18,22.475000381469727,21.274999618530273,22.434999465942383,21.325000762939453,1087400.0,19.53761863708496
2001-09-19,22.5,21.299999237060547,21.350000381469727,22.5,1594200.0,20.614139556884766
2001-09-20,23.799999237060547,22.625,22.625,23.2549991607666,1279400.0,21.30584716796875
2001-09-21,23.25,22.774999618530273,22.899999618530273,22.950000762939453,1065200.0,21.02641487121582
2001-09-24,23.25,22.899999618530273,23.125,22.954999923706055,862200.0,21.031007766723633
2001-09-25,23.46500015258789,22.975000381469727,23.05500030517578,23.440000534057617,620200.0,21.47535514831543
2001-09-26,24.110000610351562,23.399999618530273,23.5,23.899999618530273,647400.0,21.89678955078125
2001-09-27,24.850000381469727,23.875,23.950000762939453,24.815000534057617,965200.0,22.73509979248047
2001-09-28,25.875,24.18000030517578,24.940000534057617,24.399999618530273,1209400.0,22.35489273071289
2001-10-01,24.7450008392334,24.049999237060547,24.450000762939453,24.225000381469727,525600.0,22.194543838500977
2001-10-02,24.950000762939453,24.075000762939453,24.225000381469727,24.299999237060547,454600.0,22.26327133178711
2001-10-03,25.235000610351562,23.0,24.4950008392334,23.709999084472656,1224400.0,21.722715377807617
2001-10-04,24.125,23.0,23.834999084472656,23.959999084472656,1241000.0,21.95176124572754
2001-10-05,24.25,23.2549991607666,24.084999084472656,23.625,472000.0,21.644845962524414
2001-10-08,23.75,22.799999237060547,23.174999237060547,23.44499969482422,631400.0,21.47992706298828
2001-10-09,23.475000381469727,22.350000381469727,23.450000762939453,22.739999771118164,702800.0,20.834026336669922
2001-10-10,22.75,22.125,22.739999771118164,22.610000610351562,1190200.0,20.71491241455078
2001-10-11,23.125,21.200000762939453,23.0049991607666,21.704999923706055,2534000.0,19.885766983032227
2001-10-12,22.875,21.604999542236328,21.704999923706055,22.225000381469727,1769600.0,20.362184524536133
2001-10-15,23.094999313354492,21.950000762939453,22.225000381469727,22.94499969482422,751600.0,21.021839141845703
2001-10-16,23.600000381469727,23.100000381469727,23.25,23.25,1057200.0,21.30128288269043
2001-10-17,22.735000610351562,20.0,21.25,22.049999237060547,5548400.0,20.201860427856445
2001-10-18,22.549999237060547,21.399999618530273,21.924999237060547,21.950000762939453,1781200.0,20.110233306884766
2001-10-19,22.4950008392334,21.625,21.975000381469727,22.010000228881836,1425000.0,20.165206909179688
2001-10-22,22.645000457763672,21.834999084472656,21.885000228881836,22.579999923706055,764400.0,20.68743133544922
2001-10-23,22.469999313354492,21.55500030517578,22.454999923706055,21.565000534057617,721600.0,19.757511138916016
2001-10-24,21.56999969482422,20.5,21.565000534057617,20.959999084472656,1120200.0,19.20322036743164
2001-10-25,21.0,20.149999618530273,20.25,20.5,2286800.0,18.781776428222656
2001-10-26,20.959999084472656,20.399999618530273,20.625,20.649999618530273,679200.0,18.919200897216797
2001-10-29,20.75,19.5,20.649999618530273,20.09000015258789,2307000.0,18.40614128112793
2001-10-30,20.399999618530273,19.0,20.21500015258789,20.190000534057617,1642600.0,18.497760772705078
2001-10-31,20.950000762939453,19.8700008392334,20.190000534057617,20.19499969482422,1013400.0,18.502338409423828
2001-11-01,20.31999969482422,19.950000762939453,20.31999969482422,19.979999542236328,967600.0,18.305360794067383
2001-11-02,20.174999237060547,19.850000381469727,20.0,20.075000762939453,842200.0,18.392391204833984
2001-11-05,19.899999618530273,19.399999618530273,19.825000762939453,19.594999313354492,1214400.0,17.952617645263672
2001-11-06,20.575000762939453,19.399999618530273,19.594999313354492,20.575000762939453,1477800.0,18.850492477416992
2001-11-07,20.354999542236328,19.850000381469727,20.25,19.924999237060547,1128200.0,18.254959106445312
2001-11-08,20.100000381469727,19.0,19.899999618530273,19.125,2076200.0,17.522008895874023
2001-11-09,19.5,19.0049991607666,19.1299991607666,19.450000762939453,988000.0,17.819778442382812
2001-11-12,20.149999618530273,19.375,19.5,20.0,1191000.0,18.32367706298828
2001-11-13,20.290000915527344,19.959999084472656,20.0,20.149999618530273,835400.0,18.461103439331055
2001-11-14,20.524999618530273,20.0,20.100000381469727,20.5,1438800.0,18.781776428222656
2001-11-15,20.674999237060547,20.375,20.375,20.600000381469727,1116000.0,18.87339973449707
2001-11-16,20.799999237060547,20.540000915527344,20.725000381469727,20.674999237060547,921800.0,18.94211196899414
2001-11-19,21.280000686645508,20.670000076293945,20.670000076293945,21.209999084472656,1163600.0,19.43225860595703
2001-11-20,22.125,20.825000762939453,21.15999984741211,21.670000076293945,6813200.0,19.853696823120117
2001-11-21,22.0,21.44499969482422,21.719999313354492,21.739999771118164,891000.0,19.917842864990234
2001-11-23,21.885000228881836,21.55500030517578,21.75,21.614999771118164,126200.0,19.803314208984375
2001-11-26,21.924999237060547,21.3799991607666,21.5,21.559999465942383,1167800.0,19.752927780151367
2001-11-27,21.69499969482422,21.3700008392334,21.5,21.3700008392334,1258800.0,19.578853607177734
2001-11-28,21.975000381469727,21.149999618530273,21.600000381469727,21.28499984741211,920400.0,19.5009765625
2001-11-29,21.725000381469727,21.094999313354492,21.299999237060547,21.575000762939453,871000.0,19.76667022705078
2001-11-30,21.700000762939453,20.899999618530273,21.575000762939453,20.954999923706055,1409600.0,19.198638916015625
2001-12-03,21.325000762939453,20.915000915527344,21.0,21.045000076293945,1226400.0,19.281089782714844
2001-12-04,21.75,21.174999237060547,21.5,21.5,1070000.0,19.697952270507812
2001-12-05,21.989999771118164,21.5,21.5,21.864999771118164,1281000.0,20.032365798950195
2001-12-06,21.975000381469727,21.43000030517578,21.75,21.549999237060547,1086400.0,19.743759155273438
2001-12-07,21.625,20.885000228881836,21.625,21.225000381469727,1477600.0,19.446001052856445
2001-12-10,21.575000762939453,21.1299991607666,21.350000381469727,21.270000457763672,684200.0,19.487234115600586
2001-12-11,22.799999237060547,21.350000381469727,21.5,21.989999771118164,2043000.0,20.14688491821289
2001-12-12,22.424999237060547,21.270000457763672,22.149999618530273,21.325000762939453,1248200.0,19.53761863708496
2001-12-13,21.549999237060547,21.0,21.299999237060547,21.274999618530273,718600.0,19.49181365966797
2001-12-14,21.565000534057617,20.924999237060547,21.375,21.475000381469727,1329800.0,19.675058364868164
2001-12-17,22.125,21.25,21.549999237060547,21.479999542236328,998800.0,19.679630279541016
2001-12-18,21.850000381469727,21.25,21.600000381469727,21.424999237060547,1201000.0,19.629241943359375
2001-12-19,20.875,19.75,20.875,20.510000228881836,7193800.0,18.79093360900879
2001-12-20,21.0,20.514999389648438,20.514999389648438,20.799999237060547,2024200.0,19.056625366210938
2001-12-21,20.950000762939453,20.600000381469727,20.75,20.760000228881836,645200.0,19.019977569580078
2001-12-24,21.024999618530273,20.65999984741211,20.65999984741211,20.975000381469727,452400.0,19.216962814331055
2001-12-26,21.375,20.864999771118164,21.100000381469727,20.899999618530273,719000.0,19.148244857788086
2001-12-27,21.25,20.90999984741211,20.950000762939453,20.924999237060547,904600.0,19.17115020751953
2001-12-28,21.344999313354492,21.024999618530273,21.024999618530273,21.125,826600.0,19.354385375976562
2001-12-31,21.549999237060547,20.834999084472656,21.174999237060547,21.389999389648438,782800.0,19.59716796875
2002-01-02,21.3799991607666,20.729999542236328,21.264999389648438,21.25,488200.0,19.468910217285156
2002-01-03,21.299999237060547,20.549999237060547,21.25,20.75,1014800.0,19.010820388793945
2002-01-04,21.299999237060547,20.440000534057617,21.200000762939453,20.479999542236328,1314800.0,18.76344871520996
2002-01-07,20.549999237060547,19.549999237060547,20.549999237060547,19.899999618530273,2819400.0,18.2320613861084
2002-01-08,19.989999771118164,19.235000610351562,19.989999771118164,19.5,2366600.0,17.86558723449707
2002-01-09,19.739999771118164,19.350000381469727,19.549999237060547,19.485000610351562,1618400.0,17.85184669494629
2002-01-10,19.524999618530273,19.290000915527344,19.434999465942383,19.290000915527344,1214800.0,17.673192977905273
2002-01-11,20.0,19.329999923706055,19.415000915527344,19.725000381469727,1546000.0,18.071725845336914
2002-01-14,20.375,19.864999771118164,20.0,19.920000076293945,2370000.0,18.25038719177246
2002-01-15,20.125,19.635000228881836,20.045000076293945,19.7549991607666,1668000.0,18.099218368530273
2002-01-16,20.174999237060547,19.774999618530273,19.80500030517578,20.0049991607666,1649400.0,18.32826042175293
2002-01-17,20.3799991607666,19.450000762939453,20.3799991607666,19.655000686645508,2685200.0,18.007593154907227
2002-01-18,19.829999923706055,19.0,19.399999618530273,19.0,4143400.0,17.407495498657227
2002-01-22,20.299999237060547,19.5049991607666,19.875,19.979999542236328,2942600.0,18.305360794067383
2002-01-23,20.940000534057617,20.174999237060547,20.635000228881836,20.940000534057617,3004800.0,19.184892654418945
2002-01-24,21.225000381469727,20.625,21.225000381469727,20.844999313354492,1171600.0,19.097850799560547
2002-01-25,21.0,20.700000762939453,20.920000076293945,20.875,664400.0,19.125343322753906
2002-01-28,21.125,20.75,21.0,20.950000762939453,1204000.0,19.194053649902344
2002-01-29,21.360000610351562,20.290000915527344,20.799999237060547,21.360000610351562,1261800.0,19.569683074951172
2002-01-30,21.0,20.235000610351562,21.0,20.825000762939453,939200.0,19.079538345336914
2002-01-31,21.125,20.649999618530273,20.825000762939453,20.924999237060547,756600.0,19.17115020751953
2002-02-01,21.174999237060547,20.850000381469727,21.174999237060547,20.950000762939453,345800.0,19.194053649902344
2002-02-04,21.0,20.614999771118164,20.950000762939453,20.770000457763672,437000.0,19.029136657714844
2002-02-05,21.209999084472656,20.71500015258789,20.774999618530273,21.059999465942383,909400.0,19.294832229614258
2002-02-06,21.524999618530273,21.0,21.25,21.5,622200.0,19.697952270507812
2002-02-07,21.475000381469727,21.049999237060547,21.375,21.239999771118164,622000.0,19.459747314453125
2002-02-08,21.309999465942383,20.825000762939453,21.114999771118164,21.274999618530273,668000.0,19.49181365966797
2002-02-11,21.5049991607666,21.09000015258789,21.399999618530273,21.2549991607666,569000.0,19.473487854003906
2002-02-12,21.309999465942383,21.0,21.260000228881836,21.2549991607666,358200.0,19.473487854003906
2002-02-13,21.31999969482422,21.049999237060547,21.2549991607666,21.05500030517578,269600.0,19.290250778198242
2002-02-14,21.25,20.795000076293945,21.0,21.1299991607666,629200.0,19.358963012695312
2002-02-15,20.75,20.0,20.0,20.475000381469727,2168600.0,18.758869171142578
2002-02-19,20.299999237060547,19.850000381469727,20.0,19.915000915527344,735200.0,18.245803833007812
2002-02-20,20.125,19.850000381469727,20.040000915527344,19.934999465942383,1000200.0,18.26412582397461
2002-02-21,20.545000076293945,19.934999465942383,19.934999465942383,20.334999084472656,844000.0,18.630603790283203
2002-02-22,20.649999618530273,20.100000381469727,20.350000381469727,20.565000534057617,578000.0,18.841327667236328
2002-02-25,20.625,20.0,20.625,20.09000015258789,525200.0,18.40614128112793
2002-02-26,20.1200008392334,19.8700008392334,20.0,19.950000762939453,1011200.0,18.27787208557129
2002-02-27,19.950000762939453,19.649999618530273,19.950000762939453,19.75,1179600.0,18.094633102416992
2002-02-28,19.895000457763672,19.049999237060547,19.799999237060547,19.2450008392334,2149400.0,17.6319637298584
2002-03-01,19.450000762939453,18.950000762939453,19.325000762939453,19.299999237060547,1170400.0,17.682348251342773
2002-03-04,19.5049991607666,18.450000762939453,19.424999237060547,18.899999618530273,2492800.0,17.315872192382812
2002-03-05,19.5,19.049999237060547,19.149999618530273,19.299999237060547,1893600.0,17.682348251342773
2002-03-06,19.674999237060547,19.25,19.399999618530273,19.514999389648438,1205000.0,17.879329681396484
2002-03-07,19.684999465942383,19.475000381469727,19.639999389648438,19.5,629200.0,17.86558723449707
2002-03-08,19.924999237060547,19.5,19.600000381469727,19.8700008392334,823600.0,18.20457649230957
2002-03-11,20.049999237060547,19.645000457763672,19.989999771118164,19.71500015258789,626600.0,18.062564849853516
2002-03-12,19.975000381469727,19.600000381469727,19.719999313354492,19.850000381469727,973200.0,18.18625259399414
2002-03-13,20.3799991607666,19.704999923706055,19.844999313354492,20.364999771118164,1324600.0,18.658096313476562
2002-03-14,20.549999237060547,20.325000762939453,20.350000381469727,20.44499969482422,393200.0,18.73137855529785
2002-03-15,21.219999313354492,20.44499969482422,20.44499969482422,20.934999465942383,938600.0,19.180313110351562
2002-03-18,21.049999237060547,20.125,21.024999618530273,20.520000457763672,526000.0,18.80009651184082
2002-03-19,20.56999969482422,19.674999237060547,20.56999969482422,20.260000228881836,881600.0,18.561887741088867
2002-03-20,20.55500030517578,19.975000381469727,20.549999237060547,20.454999923706055,592600.0,18.74054527282715
2002-03-21,20.5,19.899999618530273,20.454999923706055,20.290000915527344,593800.0,18.589370727539062
2002-03-22,20.344999313354492,20.149999618530273,20.239999771118164,20.25,316000.0,18.55272102355957
2002-03-25,20.125,19.774999618530273,20.125,19.924999237060547,688800.0,18.254959106445312
2002-03-26,20.03499984741211,19.600000381469727,19.899999618530273,19.75,602000.0,18.094633102416992
2002-03-27,20.125,19.815000534057617,19.875,20.100000381469727,883200.0,18.41529083251953
2002-03-28,20.649999618530273,20.1299991607666,20.1299991607666,20.625,1271000.0,18.89629364013672
2002-04-01,21.15999984741211,20.344999313354492,20.625,21.155000686645508,1433600.0,19.381879806518555
2002-04-02,21.639999389648438,21.0,21.0,21.325000762939453,1172200.0,19.53761863708496
2002-04-03,21.875,21.235000610351562,21.875,21.350000381469727,1274600.0,19.560529708862305
2002-04-04,21.420000076293945,20.950000762939453,20.975000381469727,21.25,616400.0,19.468910217285156
2002-04-05,22.125,21.200000762939453,21.200000762939453,21.975000381469727,1401800.0,20.133142471313477
2002-04-08,22.25,21.895000457763672,21.959999084472656,22.1200008392334,693000.0,20.265995025634766
2002-04-09,22.4950008392334,22.040000915527344,22.4950008392334,22.06999969482422,1262400.0,20.22018814086914
2002-04-10,22.489999771118164,22.1200008392334,22.1200008392334,22.225000381469727,682400.0,20.362184524536133
2002-04-11,22.489999771118164,22.21500015258789,22.225000381469727,22.325000762939453,1535600.0,20.45380401611328
2002-04-12,22.545000076293945,22.25,22.325000762939453,22.364999771118164,830200.0,20.490461349487305
2002-04-15,22.399999618530273,22.135000228881836,22.260000228881836,22.149999618530273,662800.0,20.293476104736328
2002-04-16,22.334999084472656,22.149999618530273,22.15999984741211,22.225000381469727,763800.0,20.362184524536133
2002-04-17,22.649999618530273,22.225000381469727,22.229999542236328,22.56999969482422,1459200.0,20.678266525268555
2002-04-18,22.950000762939453,22.325000762939453,22.850000381469727,22.329999923706055,1614000.0,20.458385467529297
2002-04-19,23.4950008392334,22.799999237060547,22.924999237060547,23.299999237060547,2740200.0,21.34708023071289
2002-04-22,24.024999618530273,23.350000381469727,23.700000762939453,23.385000228881836,2377200.0,21.42496681213379
2002-04-23,23.475000381469727,23.100000381469727,23.424999237060547,23.125,1213600.0,21.186750411987305
2002-04-24,23.7450008392334,23.25,23.25,23.450000762939453,802800.0,21.48450469970703
2002-04-25,23.774999618530273,23.325000762939453,23.450000762939453,23.725000381469727,1767200.0,21.736467361450195
2002-04-26,24.09000015258789,23.614999771118164,23.774999618530273,23.950000762939453,1278600.0,21.942609786987305
2002-04-29,24.25,22.875,24.25,22.875,1121400.0,20.95770835876465
2002-04-30,23.5,22.9950008392334,23.0,23.274999618530273,1964400.0,21.324180603027344
2002-05-01,23.415000915527344,23.024999618530273,23.299999237060547,23.024999618530273,3558400.0,21.09513282775879
2002-05-02,23.174999237060547,22.674999237060547,23.0,23.174999237060547,1412400.0,21.232561111450195
2002-05-03,23.1299991607666,22.575000762939453,23.125,22.75,1070200.0,20.843181610107422
2002-05-06,23.325000762939453,22.7450008392334,22.7450008392334,22.96500015258789,745600.0,21.040159225463867
2002-05-07,23.149999618530273,22.200000762939453,22.975000381469727,22.524999618530273,1181800.0,20.637039184570312
2002-05-08,22.649999618530273,21.854999542236328,22.625,22.489999771118164,1652800.0,20.604969024658203
2002-05-09,22.69499969482422,22.295000076293945,22.489999771118164,22.325000762939453,1211200.0,20.45380401611328
2002-05-10,22.540000915527344,22.125,22.354999542236328,22.239999771118164,769400.0,20.375934600830078
2002-05-13,22.25,21.565000534057617,22.25,22.05500030517578,1322600.0,20.206438064575195
2002-05-14,22.0,21.28499984741211,21.975000381469727,21.75,1652600.0,19.927005767822266
2002-05-15,22.969999313354492,22.25,22.5,22.950000762939453,2861400.0,21.02641487121582
2002-05-16,23.059999465942383,22.44499969482422,23.049999237060547,22.559999465942383,1979200.0,20.669111251831055
2002-05-17,22.875,22.350000381469727,22.75,22.760000228881836,907600.0,20.852352142333984
2002-05-20,22.760000228881836,22.434999465942383,22.760000228881836,22.524999618530273,1098400.0,20.637039184570312
2002-05-21,22.770000457763672,22.424999237060547,22.549999237060547,22.75,1127400.0,20.843181610107422
2002-05-22,22.704999923706055,22.100000381469727,22.700000762939453,22.31999969482422,1010600.0,20.449216842651367
2002-05-23,22.950000762939453,22.375,22.375,22.924999237060547,640400.0,21.003503799438477
2002-05-24,23.25,22.850000381469727,22.889999389648438,23.200000762939453,1199600.0,21.255468368530273
2002-05-28,23.475000381469727,23.1200008392334,23.375,23.364999771118164,716200.0,21.406635284423828
2002-05-29,23.989999771118164,23.350000381469727,23.3700008392334,23.899999618530273,952800.0,21.89678955078125
2002-05-30,24.364999771118164,23.899999618530273,23.989999771118164,24.264999389648438,1574800.0,22.231203079223633
2002-05-31,24.8799991607666,24.350000381469727,24.475000381469727,24.809999465942383,2096400.0,22.730525970458984
2002-06-03,24.809999465942383,24.424999237060547,24.809999465942383,24.489999771118164,1138800.0,22.43735122680664
2002-06-04,24.514999389648438,23.860000610351562,24.459999084472656,23.920000076293945,685000.0,21.91511344909668
2002-06-05,24.725000381469727,24.0,24.024999618530273,24.69499969482422,1214800.0,22.625164031982422
2002-06-06,24.75,24.375,24.725000381469727,24.415000915527344,1013800.0,22.368633270263672
2002-06-07,25.024999618530273,24.459999084472656,24.475000381469727,24.94499969482422,891400.0,22.854211807250977
2002-06-10,25.325000762939453,24.850000381469727,25.049999237060547,24.850000381469727,1300600.0,22.767169952392578
2002-06-11,25.575000762939453,25.209999084472656,25.399999618530273,25.334999084472656,1761600.0,23.211517333984375
2002-06-12,25.0,24.360000610351562,25.0,24.635000228881836,1237200.0,22.570194244384766
2002-06-13,25.25,24.524999618530273,24.614999771118164,24.9950008392334,841200.0,22.9000186920166
2002-06-14,25.100000381469727,24.625,24.774999618530273,24.844999313354492,831400.0,22.762584686279297
2002-06-17,25.575000762939453,24.924999237060547,24.924999237060547,25.530000686645508,1176000.0,23.390180587768555
2002-06-18,25.799999237060547,25.475000381469727,25.475000381469727,25.489999771118164,763200.0,23.35352897644043
2002-06-19,25.96500015258789,25.469999313354492,25.475000381469727,25.860000610351562,806200.0,23.692514419555664
2002-06-20,26.06999969482422,25.5,25.799999237060547,25.950000762939453,2243400.0,23.774972915649414
2002-06-21,26.0,25.21500015258789,25.924999237060547,25.21500015258789,1320200.0,23.101577758789062
2002-06-24,25.325000762939453,23.799999237060547,25.225000381469727,24.450000762939453,1983400.0,22.400691986083984
2002-06-25,24.399999618530273,23.549999237060547,24.399999618530273,23.75,1643600.0,21.759366989135742
2002-06-26,24.350000381469727,23.25,23.299999237060547,24.09000015258789,1078600.0,22.070871353149414
2002-06-27,24.549999237060547,24.110000610351562,24.25,24.174999237060547,705800.0,22.148744583129883
2002-06-28,24.65999984741211,24.045000076293945,24.200000762939453,24.5,1376400.0,22.44650650024414
2002-07-01,24.700000762939453,23.75,24.475000381469727,23.7549991607666,799400.0,21.763954162597656
2002-07-02,23.78499984741211,22.559999465942383,23.725000381469727,23.079999923706055,1407400.0,21.145526885986328
2002-07-03,23.514999389648438,22.5,23.049999237060547,23.5,1015200.0,21.530324935913086
2002-07-05,24.290000915527344,23.5049991607666,23.600000381469727,24.2549991607666,388200.0,22.222036361694336
2002-07-08,24.424999237060547,23.59000015258789,24.225000381469727,23.604999542236328,915000.0,21.62651824951172
2002-07-09,23.850000381469727,22.950000762939453,23.604999542236328,22.950000762939453,868400.0,21.02641487121582
2002-07-10,22.825000762939453,21.625,22.825000762939453,21.725000381469727,1820800.0,19.904085159301758
2002-07-11,22.434999465942383,21.125,21.375,22.375,1532400.0,20.499618530273438
2002-07-12,23.350000381469727,22.334999084472656,22.700000762939453,22.639999389648438,1262200.0,20.742401123046875
2002-07-15,22.6299991607666,21.25,22.625,22.25,1553000.0,20.385095596313477
2002-07-16,22.674999237060547,21.850000381469727,22.200000762939453,22.200000762939453,1131600.0,20.339279174804688
2002-07-17,23.125,22.700000762939453,22.875,22.985000610351562,1668000.0,21.058490753173828
2002-07-18,23.625,22.475000381469727,23.475000381469727,22.625,4431200.0,20.728662490844727
2002-07-19,22.5049991607666,21.579999923706055,22.5,21.889999389648438,1520800.0,20.055267333984375
2002-07-22,22.334999084472656,20.325000762939453,22.0,20.975000381469727,2790800.0,19.216962814331055
2002-07-23,21.170000076293945,20.700000762939453,21.149999618530273,20.950000762939453,1098600.0,19.194053649902344
2002-07-24,22.049999237060547,20.43000030517578,20.575000762939453,22.0,1945000.0,20.156047821044922
2002-07-25,22.399999618530273,21.774999618530273,21.799999237060547,22.040000915527344,1628400.0,20.192697525024414
2002-07-26,22.440000534057617,21.81999969482422,22.040000915527344,21.889999389648438,1125600.0,20.055267333984375
2002-07-29,22.684999465942383,21.799999237060547,21.799999237060547,22.665000915527344,1154000.0,20.765304565429688
2002-07-30,23.334999084472656,22.200000762939453,22.549999237060547,22.600000381469727,1379600.0,20.705753326416016
2002-07-31,23.639999389648438,22.5,22.584999084472656,23.639999389648438,1293200.0,21.658584594726562
2002-08-01,23.799999237060547,23.020000457763672,23.625,23.69499969482422,1197400.0,21.708988189697266
2002-08-02,23.69499969482422,22.799999237060547,23.674999237060547,22.875,1121600.0,20.95770835876465
2002-08-05,23.0,22.399999618530273,22.8799991607666,22.485000610351562,935200.0,20.60039710998535
2002-08-06,23.149999618530273,22.475000381469727,22.799999237060547,22.575000762939453,969400.0,20.682849884033203
2002-08-07,23.350000381469727,22.625,22.700000762939453,23.225000381469727,960800.0,21.278371810913086
2002-08-08,24.30500030517578,23.049999237060547,23.149999618530273,24.225000381469727,1180000.0,22.194543838500977
2002-08-09,24.0049991607666,22.875,23.975000381469727,23.09000015258789,1928000.0,21.154695510864258
2002-08-12,23.155000686645508,22.450000762939453,22.975000381469727,22.489999771118164,1561200.0,20.604969024658203
2002-08-13,22.540000915527344,21.950000762939453,22.540000915527344,21.950000762939453,1038200.0,20.110233306884766
2002-08-14,22.8799991607666,21.774999618530273,22.0,22.8700008392334,964200.0,20.953126907348633
2002-08-15,23.30500030517578,22.40999984741211,22.875,22.450000762939453,672600.0,20.56833267211914
2002-08-16,22.899999618530273,22.299999237060547,22.450000762939453,22.690000534057617,546600.0,20.788209915161133
2002-08-19,23.174999237060547,22.725000381469727,22.75,23.1299991607666,629000.0,21.191328048706055
2002-08-20,23.209999084472656,23.03499984741211,23.125,23.09000015258789,847600.0,21.154695510864258
2002-08-21,23.40999984741211,23.125,23.125,23.225000381469727,1134200.0,21.278371810913086
2002-08-22,23.549999237060547,23.260000228881836,23.274999618530273,23.5,1096600.0,21.530324935913086
2002-08-23,23.520000457763672,23.274999618530273,23.5,23.280000686645508,749000.0,21.32876205444336
2002-08-26,23.674999237060547,23.25,23.375,23.545000076293945,746200.0,21.571548461914062
2002-08-27,23.600000381469727,22.850000381469727,23.549999237060547,23.19499969482422,1443400.0,21.250885009765625
2002-08-28,23.200000762939453,22.649999618530273,23.19499969482422,22.68000030517578,637600.0,20.779052734375
2002-08-29,23.21500015258789,22.575000762939453,22.649999618530273,23.174999237060547,632200.0,21.232561111450195
2002-08-30,23.174999237060547,22.860000610351562,23.174999237060547,22.860000610351562,418600.0,20.943965911865234
2002-09-03,22.7549991607666,22.34000015258789,22.735000610351562,22.565000534057617,845400.0,20.673690795898438
2002-09-04,22.56999969482422,21.90999984741211,22.125,22.545000076293945,891000.0,20.655363082885742
2002-09-05,23.354999542236328,22.299999237060547,22.545000076293945,23.2549991607666,1223800.0,21.30584716796875
2002-09-06,23.729999542236328,23.375,23.450000762939453,23.69499969482422,770600.0,21.708988189697266
2002-09-09,23.975000381469727,23.450000762939453,23.69499969482422,23.950000762939453,659800.0,21.942609786987305
2002-09-10,24.209999084472656,23.764999389648438,23.954999923706055,23.799999237060547,890800.0,21.805179595947266
2002-09-11,24.174999237060547,23.924999237060547,23.924999237060547,24.149999618530273,1157800.0,22.12584114074707
2002-09-12,24.454999923706055,23.940000534057617,24.135000228881836,24.079999923706055,971400.0,22.061702728271484
2002-09-13,24.424999237060547,23.864999771118164,23.875,24.290000915527344,987200.0,22.254108428955078
2002-09-16,24.75,24.165000915527344,24.25,24.700000762939453,711200.0,22.629737854003906
2002-09-17,24.920000076293945,24.200000762939453,24.799999237060547,24.25,695600.0,22.21745491027832
2002-09-18,24.46500015258789,24.065000534057617,24.125,24.399999618530273,715000.0,22.35489273071289
2002-09-19,24.399999618530273,23.850000381469727,24.299999237060547,24.0,355200.0,21.98841667175293
2002-09-20,24.25,23.799999237060547,24.049999237060547,23.940000534057617,657600.0,21.933443069458008
2002-09-23,24.049999237060547,23.385000228881836,23.815000534057617,23.639999389648438,662800.0,21.658584594726562
2002-09-24,23.920000076293945,23.46500015258789,23.600000381469727,23.489999771118164,775000.0,21.521162033081055
2002-09-25,24.454999923706055,23.614999771118164,23.614999771118164,24.450000762939453,1092400.0,22.400691986083984
2002-09-26,25.09000015258789,24.325000762939453,24.454999923706055,25.059999465942383,1095000.0,22.95956802368164
2002-09-27,25.850000381469727,24.8700008392334,25.024999618530273,25.700000762939453,1474400.0,23.545928955078125
2002-09-30,25.774999618530273,25.260000228881836,25.649999618530273,25.575000762939453,1265800.0,23.431407928466797
2002-10-01,25.75,25.475000381469727,25.674999237060547,25.545000076293945,1629400.0,23.40392303466797
2002-10-02,26.25,25.545000076293945,25.545000076293945,26.0,1608400.0,23.820775985717773
2002-10-03,26.440000534057617,25.875,25.875,26.190000534057617,1024800.0,23.994857788085938
2002-10-04,26.399999618530273,25.520000457763672,26.315000534057617,25.524999618530273,1274600.0,23.38558578491211
2002-10-07,26.364999771118164,25.4950008392334,25.514999389648438,25.774999618530273,1231000.0,23.614641189575195
2002-10-08,25.924999237060547,25.579999923706055,25.885000228881836,25.649999618530273,1152200.0,23.50011444091797
2002-10-09,26.155000686645508,25.649999618530273,25.649999618530273,26.0,1395800.0,23.820775985717773
2002-10-10,26.5,25.825000762939453,26.125,26.125,1954000.0,23.935300827026367
2002-10-11,26.600000381469727,25.950000762939453,26.125,26.5,1147400.0,24.27887725830078
2002-10-14,27.405000686645508,26.434999465942383,26.434999465942383,27.375,1607000.0,25.08053207397461
2002-10-15,27.924999237060547,27.424999237060547,27.875,27.915000915527344,1747800.0,25.57528305053711
2002-10-16,28.100000381469727,27.600000381469727,27.799999237060547,28.100000381469727,1326000.0,25.744762420654297
2002-10-17,28.75,26.9950008392334,28.600000381469727,27.149999618530273,3336200.0,24.8743953704834
2002-10-18,27.799999237060547,26.260000228881836,26.5,26.65999984741211,3752000.0,24.42546844482422
2002-10-21,27.739999771118164,26.100000381469727,26.65999984741211,27.459999084472656,2190600.0,25.15841293334961
2002-10-22,27.795000076293945,27.100000381469727,27.475000381469727,27.399999618530273,1666600.0,25.103431701660156
2002-10-23,27.850000381469727,26.825000762939453,27.5,27.174999237060547,8020200.0,24.897293090820312
2002-10-24,27.25,26.565000534057617,27.200000762939453,26.700000762939453,2180600.0,24.46210479736328
2002-10-25,26.704999923706055,25.739999771118164,26.704999923706055,26.46500015258789,1695200.0,24.24680519104004
2002-10-28,26.190000534057617,25.229999542236328,26.190000534057617,26.104999542236328,2700800.0,23.916975021362305
2002-10-29,26.225000381469727,25.475000381469727,26.03499984741211,25.514999389648438,2208800.0,23.376432418823242
2002-10-30,26.075000762939453,25.375,25.5,25.549999237060547,1586000.0,23.408504486083984
2002-10-31,25.774999618530273,23.5,25.55500030517578,24.239999771118164,8075400.0,22.208297729492188
2002-11-01,25.489999771118164,23.875,24.625,24.924999237060547,5114000.0,22.835887908935547
2002-11-04,26.18000030517578,24.93000030517578,24.93000030517578,25.415000915527344,2559200.0,23.284818649291992
2002-11-05,25.290000915527344,24.225000381469727,25.290000915527344,24.75,3063200.0,22.675554275512695
2002-11-06,25.545000076293945,24.450000762939453,24.5,24.78499984741211,1642000.0,22.707618713378906
2002-11-07,25.700000762939453,24.5049991607666,24.709999084472656,24.850000381469727,1642000.0,22.767169952392578
2002-11-08,23.5,22.350000381469727,22.375,22.860000610351562,10010400.0,20.943965911865234
2002-11-11,22.860000610351562,20.450000762939453,22.860000610351562,21.5,7859400.0,19.697952270507812
2002-11-12,22.100000381469727,21.1299991607666,21.549999237060547,21.850000381469727,5234800.0,20.018619537353516
2002-11-13,22.649999618530273,21.899999618530273,21.899999618530273,21.96500015258789,1946800.0,20.123979568481445
2002-11-14,22.850000381469727,22.274999618530273,22.375,22.600000381469727,2172600.0,20.705753326416016
2002-11-15,23.434999465942383,22.510000228881836,22.579999923706055,23.350000381469727,1036800.0,21.392902374267578
2002-11-18,24.649999618530273,23.75,24.0,24.125,3286600.0,22.10294532775879
2002-11-19,23.905000686645508,23.329999923706055,23.700000762939453,23.399999618530273,1431400.0,21.43869972229004
2002-11-20,24.024999618530273,23.149999618530273,23.274999618530273,23.850000381469727,1796600.0,21.850976943969727
2002-11-21,24.075000762939453,22.15999984741211,23.975000381469727,22.25,3662800.0,20.385095596313477
2002-11-22,23.065000534057617,21.875,22.399999618530273,22.424999237060547,2660600.0,20.545427322387695
2002-11-25,22.43000030517578,21.700000762939453,22.43000030517578,22.0,2676400.0,20.156047821044922
2002-11-26,22.700000762939453,21.895000457763672,22.0,22.075000762939453,1952400.0,20.224763870239258
2002-11-27,22.549999237060547,22.125,22.5,22.53499984741211,834800.0,20.646207809448242
2002-11-29,22.690000534057617,22.3700008392334,22.524999618530273,22.375,239400.0,20.499618530273438
2002-12-02,22.674999237060547,21.860000610351562,22.575000762939453,22.010000228881836,1728800.0,20.165206909179688
2002-12-03,22.25,21.850000381469727,21.950000762939453,21.889999389648438,1703600.0,20.055267333984375
2002-12-04,22.989999771118164,21.575000762939453,21.575000762939453,22.735000610351562,2337000.0,20.829444885253906
2002-12-05,22.895000457763672,22.274999618530273,22.825000762939453,22.4950008392334,1440400.0,20.60955047607422
2002-12-06,23.045000076293945,22.399999618530273,22.475000381469727,22.825000762939453,1158200.0,20.911884307861328
2002-12-09,23.125,22.225000381469727,22.815000534057617,22.385000228881836,1669200.0,20.508773803710938
2002-12-10,22.7549991607666,22.19499969482422,22.5,22.3700008392334,1278400.0,20.495031356811523
2002-12-11,22.639999389648438,22.299999237060547,22.350000381469727,22.454999923706055,1031800.0,20.572908401489258
2002-12-12,22.625,22.125,22.399999618530273,22.309999465942383,1027600.0,20.440065383911133
2002-12-13,22.350000381469727,21.7549991607666,22.260000228881836,22.315000534057617,1395800.0,20.44464111328125
2002-12-16,22.415000915527344,22.100000381469727,22.299999237060547,22.3700008392334,1339200.0,20.495031356811523
2002-12-17,22.799999237060547,22.415000915527344,22.4950008392334,22.700000762939453,1769800.0,20.79737663269043
2002-12-18,23.065000534057617,22.665000915527344,22.674999237060547,22.989999771118164,1366800.0,21.06306266784668
2002-12-19,23.174999237060547,22.424999237060547,23.0,22.584999084472656,1160400.0,20.69202423095703
2002-12-20,22.575000762939453,22.0,22.549999237060547,22.549999237060547,1480200.0,20.65995216369629
2002-12-23,22.815000534057617,22.395000457763672,22.549999237060547,22.774999618530273,719600.0,20.866085052490234
2002-12-24,22.825000762939453,22.559999465942383,22.774999618530273,22.635000228881836,232200.0,20.737823486328125
2002-12-26,22.924999237060547,22.665000915527344,22.665000915527344,22.760000228881836,551200.0,20.852352142333984
2002-12-27,22.774999618530273,22.5049991607666,22.700000762939453,22.540000915527344,456000.0,20.650793075561523
2002-12-30,22.700000762939453,22.424999237060547,22.524999618530273,22.674999237060547,559400.0,20.77446174621582
2002-12-31,22.75,22.299999237060547,22.649999618530273,22.549999237060547,904800.0,20.65995216369629
2003-01-02,23.274999618530273,22.665000915527344,22.674999237060547,23.274999618530273,793000.0,21.324180603027344
2003-01-03,23.274999618530273,22.709999084472656,23.274999618530273,22.975000381469727,916000.0,21.049325942993164
2003-01-06,23.424999237060547,22.989999771118164,23.100000381469727,23.2549991607666,833600.0,21.30584716796875
2003-01-07,23.2549991607666,22.729999542236328,23.25,22.809999465942383,839800.0,20.898155212402344
2003-01-08,22.834999084472656,22.360000610351562,22.725000381469727,22.610000610351562,1209600.0,20.71491241455078
2003-01-09,22.959999084472656,22.639999389648438,22.639999389648438,22.924999237060547,751800.0,21.003503799438477
2003-01-10,22.93000030517578,22.34000015258789,22.93000030517578,22.350000381469727,2793800.0,20.476715087890625
2003-01-13,22.6299991607666,22.139999389648438,22.524999618530273,22.165000915527344,1510800.0,20.30721664428711
2003-01-14,22.299999237060547,21.790000915527344,22.149999618530273,22.174999237060547,1207600.0,20.316370010375977
2003-01-15,22.424999237060547,21.959999084472656,22.209999084472656,22.024999618530273,852800.0,20.178953170776367
2003-01-16,22.21500015258789,21.94499969482422,22.049999237060547,22.18000030517578,1218000.0,20.320960998535156
2003-01-17,23.274999618530273,22.125,22.18000030517578,23.049999237060547,1916000.0,21.118045806884766
2003-01-21,23.204999923706055,22.264999389648438,23.149999618530273,22.264999389648438,1224400.0,20.398832321166992
2003-01-22,22.75,22.274999618530273,22.5,22.53499984741211,1858600.0,20.646207809448242
2003-01-23,22.9950008392334,22.700000762939453,22.700000762939453,22.985000610351562,1101800.0,21.058490753173828
2003-01-24,22.959999084472656,22.454999923706055,22.950000762939453,22.65999984741211,893600.0,20.76072883605957
2003-01-27,22.600000381469727,21.975000381469727,22.600000381469727,22.125,586600.0,20.27056884765625
2003-01-28,22.760000228881836,22.075000762939453,22.075000762939453,22.739999771118164,794200.0,20.834026336669922
2003-01-29,22.860000610351562,22.43000030517578,22.71500015258789,22.790000915527344,976200.0,20.879831314086914
2003-01-30,23.2450008392334,22.774999618530273,22.799999237060547,22.93000030517578,1473000.0,21.00809669494629
2003-01-31,23.399999618530273,22.899999618530273,22.899999618530273,23.290000915527344,702400.0,21.337928771972656
2003-02-03,23.399999618530273,22.6299991607666,23.34000015258789,22.8700008392334,1295600.0,20.953126907348633
2003-02-04,22.864999771118164,22.325000762939453,22.799999237060547,22.3799991607666,1357800.0,20.50420379638672
2003-02-05,22.68000030517578,22.155000686645508,22.5049991607666,22.219999313354492,746600.0,20.35761260986328
2003-02-06,22.295000076293945,21.850000381469727,22.219999313354492,21.8799991607666,1622800.0,20.046100616455078
2003-02-07,22.2450008392334,21.905000686645508,22.065000534057617,21.94499969482422,706200.0,20.10565757751465
2003-02-10,22.139999389648438,21.93000030517578,22.0,22.040000915527344,611600.0,20.192697525024414
2003-02-11,22.170000076293945,21.610000610351562,22.100000381469727,21.625,883600.0,19.812482833862305
2003-02-12,21.655000686645508,21.299999237060547,21.625,21.364999771118164,2011800.0,19.574264526367188
2003-02-13,21.485000610351562,20.825000762939453,21.364999771118164,20.975000381469727,1160000.0,19.216962814331055
2003-02-14,17.565000534057617,16.024999618530273,16.575000762939453,17.4950008392334,35134000.0,16.028635025024414
2003-02-18,18.979999542236328,17.875,17.895000457763672,18.5,11208600.0,16.94939613342285
2003-02-19,19.225000381469727,18.68000030517578,18.68000030517578,18.889999389648438,5066600.0,17.306716918945312
2003-02-20,19.364999771118164,18.899999618530273,18.899999618530273,19.299999237060547,3351200.0,17.682348251342773
2003-02-21,19.530000686645508,18.049999237060547,18.059999465942383,19.524999618530273,5772600.0,17.88849639892578
2003-02-24,20.06999969482422,19.155000686645508,19.524999618530273,19.260000228881836,2059800.0,17.645708084106445
2003-02-25,19.579999923706055,19.075000762939453,19.25,19.56999969482422,1602200.0,17.92972183227539
2003-02-26,19.524999618530273,19.309999465942383,19.489999771118164,19.315000534057617,1898600.0,17.69609260559082
2003-02-27,19.635000228881836,19.350000381469727,19.375,19.540000915527344,1042400.0,17.902236938476562
2003-02-28,19.93000030517578,19.399999618530273,19.559999465942383,19.420000076293945,818200.0,17.792285919189453
2003-03-03,19.774999618530273,19.100000381469727,19.600000381469727,19.299999237060547,1898800.0,17.682348251342773
2003-03-04,19.46500015258789,19.0049991607666,19.30500030517578,19.020000457763672,1007800.0,17.425817489624023
2003-03-05,19.350000381469727,19.010000228881836,19.020000457763672,19.309999465942383,811000.0,17.691511154174805
2003-03-06,19.28499984741211,18.96500015258789,19.28499984741211,19.024999618530273,1466600.0,17.430395126342773
2003-03-07,19.21500015258789,18.854999542236328,19.0,19.0049991607666,1758600.0,17.41206932067871
2003-03-10,19.049999237060547,18.610000610351562,19.0,18.700000762939453,1264600.0,17.13263702392578
2003-03-11,18.90999984741211,18.450000762939453,18.7450008392334,18.520000457763672,2024600.0,16.96772575378418
2003-03-12,18.690000534057617,18.200000762939453,18.5,18.549999237060547,1813400.0,16.995214462280273
2003-03-13,18.81999969482422,18.475000381469727,18.725000381469727,18.809999465942383,1460000.0,17.23341941833496
2003-03-14,19.190000534057617,18.5049991607666,18.809999465942383,18.614999771118164,1233600.0,17.054771423339844
2003-03-17,19.375,18.5,18.5,19.295000076293945,1801600.0,17.67777442932129
2003-03-18,19.739999771118164,19.200000762939453,19.309999465942383,19.225000381469727,1849800.0,17.613637924194336
2003-03-19,19.290000915527344,18.954999923706055,19.274999618530273,19.25,1956800.0,17.636545181274414
2003-03-20,19.5,18.799999237060547,19.25,19.325000762939453,1470200.0,17.705259323120117
2003-03-21,19.530000686645508,19.260000228881836,19.450000762939453,19.399999618530273,1052600.0,17.77397346496582
2003-03-24,19.344999313354492,19.084999084472656,19.25,19.190000534057617,877200.0,17.581575393676758
2003-03-25,19.55500030517578,19.219999313354492,19.225000381469727,19.53499984741211,1338400.0,17.897653579711914
2003-03-26,19.71500015258789,19.399999618530273,19.450000762939453,19.440000534057617,1160200.0,17.810606002807617
2003-03-27,19.69499969482422,19.125,19.389999389648438,19.540000915527344,1407600.0,17.902236938476562
2003-03-28,20.350000381469727,19.475000381469727,19.549999237060547,20.15999984741211,1508600.0,18.47027015686035
2003-03-31,20.549999237060547,19.934999465942383,20.125,20.385000228881836,1478400.0,18.676414489746094
2003-04-01,20.395000457763672,19.875,20.360000610351562,20.059999465942383,1345800.0,18.37864875793457
2003-04-02,20.5,20.155000686645508,20.25,20.15999984741211,968200.0,18.47027015686035
2003-04-03,20.729999542236328,20.079999923706055,20.15999984741211,20.170000076293945,1116400.0,18.479434967041016
2003-04-04,20.25,19.354999542236328,20.219999313354492,19.600000381469727,2353800.0,17.957199096679688
2003-04-07,20.1200008392334,19.700000762939453,19.75,19.704999923706055,1450800.0,18.05340576171875
2003-04-08,19.774999618530273,19.3799991607666,19.75,19.674999237060547,1442600.0,18.025917053222656
2003-04-09,19.940000534057617,19.575000762939453,19.725000381469727,19.579999923706055,1132800.0,17.938875198364258
2003-04-10,19.579999923706055,19.0,19.579999923706055,19.19499969482422,2319000.0,17.586151123046875
2003-04-11,19.725000381469727,19.25,19.25,19.575000762939453,2411200.0,17.934307098388672
2003-04-14,20.200000762939453,19.655000686645508,19.700000762939453,20.0,1969800.0,18.32367706298828
2003-04-15,19.354999542236328,18.334999084472656,19.329999923706055,18.475000381469727,5362800.0,16.926496505737305
2003-04-16,18.645000457763672,17.385000228881836,18.479999542236328,17.385000228881836,4399200.0,15.92785358428955
2003-04-17,19.325000762939453,18.209999084472656,18.25,19.25,4480200.0,17.636545181274414
2003-04-21,19.325000762939453,18.625,19.225000381469727,18.75,2295000.0,17.178447723388672
2003-04-22,19.100000381469727,18.674999237060547,18.700000762939453,19.0,1539600.0,17.407495498657227
2003-04-23,19.364999771118164,18.829999923706055,19.049999237060547,19.25,1248800.0,17.636545181274414
2003-04-24,19.454999923706055,19.059999465942383,19.2549991607666,19.350000381469727,1416400.0,17.7281551361084
2003-04-25,19.510000228881836,19.280000686645508,19.375,19.325000762939453,892400.0,17.705259323120117
2003-04-28,19.475000381469727,19.05500030517578,19.299999237060547,19.1200008392334,978200.0,17.517436981201172
2003-04-29,19.2450008392334,18.94499969482422,19.165000915527344,18.985000610351562,1204600.0,17.39375114440918
2003-04-30,19.459999084472656,18.854999542236328,18.979999542236328,19.334999084472656,1764200.0,17.71440887451172
2003-05-01,19.649999618530273,19.010000228881836,19.25,19.5,1163000.0,17.86558723449707
2003-05-02,19.975000381469727,19.350000381469727,19.5,19.704999923706055,1529400.0,18.05340576171875
2003-05-05,20.625,19.850000381469727,20.25,20.0049991607666,1090400.0,18.32826042175293
2003-05-06,20.30500030517578,20.0,20.0,20.270000457763672,904600.0,18.571054458618164
2003-05-07,20.290000915527344,20.0,20.06999969482422,20.125,758400.0,18.438199996948242
2003-05-08,20.524999618530273,20.125,20.125,20.325000762939453,1043600.0,18.621437072753906
2003-05-09,20.625,20.375,20.450000762939453,20.575000762939453,630000.0,18.850492477416992
2003-05-12,20.559999465942383,20.350000381469727,20.475000381469727,20.559999465942383,495600.0,18.83673858642578
2003-05-13,21.850000381469727,20.8700008392334,20.8700008392334,21.80500030517578,3784400.0,19.97739028930664
2003-05-14,22.06999969482422,21.75,21.899999618530273,21.934999465942383,1347400.0,20.096494674682617
2003-05-15,21.899999618530273,21.575000762939453,21.8799991607666,21.700000762939453,1243600.0,19.88118553161621
2003-05-16,22.399999618530273,21.729999542236328,21.799999237060547,22.15999984741211,1190000.0,20.302637100219727
2003-05-19,22.280000686645508,21.93000030517578,22.15999984741211,22.024999618530273,1287000.0,20.178953170776367
2003-05-20,22.0,21.68000030517578,21.950000762939453,21.815000534057617,1030400.0,19.986553192138672
2003-05-21,21.93000030517578,21.5,21.799999237060547,21.725000381469727,1041000.0,19.904085159301758
2003-05-22,22.049999237060547,21.649999618530273,21.75,21.94499969482422,610400.0,20.10565757751465
2003-05-23,22.149999618530273,21.899999618530273,21.975000381469727,21.94499969482422,678800.0,20.10565757751465
2003-05-27,22.200000762939453,21.799999237060547,21.850000381469727,22.200000762939453,835200.0,20.339279174804688
2003-05-28,22.4950008392334,22.225000381469727,22.225000381469727,22.43000030517578,774400.0,20.55000114440918
2003-05-29,22.78499984741211,22.25,22.375,22.5,1156000.0,20.614139556884766
2003-05-30,22.770000457763672,22.475000381469727,22.475000381469727,22.704999923706055,815400.0,20.801958084106445
2003-06-02,22.989999771118164,22.635000228881836,22.75,22.739999771118164,833200.0,20.834026336669922
2003-06-03,22.889999389648438,22.110000610351562,22.614999771118164,22.375,1202400.0,20.499618530273438
2003-06-04,22.200000762939453,21.674999237060547,22.184999465942383,21.774999618530273,1882000.0,19.94991683959961
2003-06-05,21.84000015258789,21.299999237060547,21.780000686645508,21.545000076293945,1728400.0,19.739181518554688
2003-06-06,21.844999313354492,21.25,21.600000381469727,21.56999969482422,1518200.0,19.7620906829834
2003-06-09,21.799999237060547,21.5,21.56999969482422,21.604999542236328,644400.0,19.79414939880371
2003-06-10,21.524999618530273,21.2450008392334,21.5,21.440000534057617,1121800.0,19.642986297607422
2003-06-11,21.635000228881836,21.040000915527344,21.475000381469727,21.635000228881836,1288000.0,19.82164764404297
2003-06-12,21.799999237060547,21.075000762939453,21.735000610351562,21.239999771118164,1244800.0,19.459747314453125
2003-06-13,21.239999771118164,19.940000534057617,21.239999771118164,20.190000534057617,3159400.0,18.497760772705078
2003-06-16,20.799999237060547,20.315000534057617,20.315000534057617,20.78499984741211,1597600.0,19.04288673400879
2003-06-17,20.9950008392334,20.610000610351562,20.709999084472656,20.969999313354492,1138600.0,19.21237564086914
2003-06-18,20.96500015258789,20.280000686645508,20.96500015258789,20.59000015258789,2718200.0,18.864229202270508
2003-06-19,20.905000686645508,20.524999618530273,20.774999618530273,20.639999389648438,1780800.0,18.910036087036133
2003-06-20,20.829999923706055,20.565000534057617,20.649999618530273,20.665000915527344,1436600.0,18.932952880859375
2003-06-23,20.665000915527344,19.625,20.665000915527344,19.96500015258789,2522800.0,18.291614532470703
2003-06-24,20.209999084472656,19.69499969482422,19.96500015258789,19.899999618530273,1548000.0,18.2320613861084
2003-06-25,19.96500015258789,19.364999771118164,19.799999237060547,19.489999771118164,1654200.0,17.856430053710938
2003-06-26,20.010000228881836,19.475000381469727,19.549999237060547,19.93000030517578,1371600.0,18.259540557861328
2003-06-27,20.06999969482422,19.71500015258789,20.030000686645508,19.809999465942383,661200.0,18.14960479736328
2003-06-30,19.950000762939453,19.399999618530273,19.875,19.809999465942383,1432600.0,18.14960479736328
2003-07-01,19.90999984741211,19.579999923706055,19.825000762939453,19.8799991607666,1478200.0,18.2137393951416
2003-07-02,20.44499969482422,19.850000381469727,19.920000076293945,20.3799991607666,1337200.0,18.671825408935547
2003-07-03,20.844999313354492,20.329999923706055,20.3799991607666,20.75,1258200.0,19.010820388793945
2003-07-07,21.55500030517578,21.2450008392334,21.25,21.415000915527344,1874400.0,19.620071411132812
2003-07-08,21.350000381469727,20.975000381469727,21.315000534057617,21.25,1102600.0,19.468910217285156
2003-07-09,21.334999084472656,20.875,21.125,21.174999237060547,779400.0,19.40019416809082
2003-07-10,21.3700008392334,21.104999542236328,21.200000762939453,21.350000381469727,709400.0,19.560529708862305
2003-07-11,21.84000015258789,21.34000015258789,21.524999618530273,21.774999618530273,1395800.0,19.94991683959961
2003-07-14,22.645000457763672,21.774999618530273,21.774999618530273,22.350000381469727,2252000.0,20.476715087890625
2003-07-15,23.424999237060547,22.399999618530273,22.399999618530273,23.040000915527344,3237600.0,21.1088809967041
2003-07-16,23.1200008392334,22.530000686645508,23.09000015258789,22.635000228881836,1630200.0,20.737823486328125
2003-07-17,22.875,22.510000228881836,22.635000228881836,22.84000015258789,1086000.0,20.925643920898438
2003-07-18,23.440000534057617,22.84000015258789,22.84000015258789,23.399999618530273,1507200.0,21.43869972229004
2003-07-21,23.329999923706055,22.799999237060547,23.274999618530273,22.975000381469727,1464000.0,21.049325942993164
2003-07-22,23.149999618530273,22.25,22.975000381469727,23.149999618530273,2395200.0,21.209657669067383
2003-07-23,24.020000457763672,23.344999313354492,23.350000381469727,24.020000457763672,2125400.0,22.006746292114258
2003-07-24,23.924999237060547,23.375,23.924999237060547,23.40999984741211,934400.0,21.447860717773438
2003-07-25,23.950000762939453,23.325000762939453,23.475000381469727,23.915000915527344,665000.0,21.910531997680664
2003-07-28,24.635000228881836,24.024999618530273,24.024999618530273,24.549999237060547,1301800.0,22.4923095703125
2003-07-29,26.350000381469727,24.735000610351562,24.75,25.875,3769800.0,23.706266403198242
2003-07-30,26.045000076293945,25.579999923706055,26.0,26.0,2439000.0,23.820775985717773
2003-07-31,25.989999771118164,25.200000762939453,25.989999771118164,25.625,1486800.0,23.477205276489258
2003-08-01,25.684999465942383,25.25,25.584999084472656,25.295000076293945,1201000.0,23.174869537353516
2003-08-04,25.295000076293945,24.020000457763672,25.295000076293945,25.165000915527344,1162200.0,23.055768966674805
2003-08-05,25.174999237060547,24.344999313354492,25.165000915527344,24.389999389648438,1024600.0,22.345726013183594
2003-08-06,24.424999237060547,23.219999313354492,24.424999237060547,23.975000381469727,2015200.0,21.965518951416016
2003-08-07,24.44499969482422,24.0049991607666,24.100000381469727,24.395000457763672,1084000.0,22.350317001342773
2003-08-08,25.125,24.5049991607666,24.5049991607666,24.915000915527344,1115200.0,22.826725006103516
2003-08-11,25.149999618530273,24.709999084472656,24.864999771118164,25.030000686645508,958400.0,22.932083129882812
2003-08-12,25.110000610351562,24.709999084472656,25.045000076293945,24.96500015258789,479200.0,22.872535705566406
2003-08-13,25.079999923706055,24.614999771118164,24.96500015258789,24.799999237060547,870000.0,22.72135353088379
2003-08-14,24.799999237060547,24.295000076293945,24.799999237060547,24.315000534057617,997000.0,22.277021408081055
2003-08-15,24.299999237060547,23.899999618530273,24.299999237060547,24.100000381469727,640400.0,22.080034255981445
2003-08-18,24.514999389648438,23.920000076293945,24.100000381469727,24.510000228881836,785200.0,22.455659866333008
2003-08-19,25.049999237060547,24.5049991607666,24.5049991607666,24.829999923706055,866400.0,22.748844146728516
2003-08-20,24.875,24.610000610351562,24.790000915527344,24.665000915527344,920200.0,22.59767723083496
2003-08-21,24.81999969482422,24.6299991607666,24.700000762939453,24.75,406200.0,22.675554275512695
2003-08-22,24.8799991607666,24.174999237060547,24.825000762939453,24.219999313354492,657200.0,22.18996810913086
2003-08-25,24.295000076293945,24.03499984741211,24.125,24.225000381469727,551200.0,22.194543838500977
2003-08-26,24.270000457763672,24.05500030517578,24.209999084472656,24.25,522200.0,22.21745491027832
2003-08-27,24.420000076293945,24.139999389648438,24.239999771118164,24.385000228881836,556400.0,22.34115219116211
2003-08-28,24.6200008392334,24.295000076293945,24.424999237060547,24.575000762939453,323600.0,22.515222549438477
2003-08-29,24.889999389648438,24.475000381469727,24.600000381469727,24.889999389648438,384200.0,22.803813934326172
2003-09-02,25.469999313354492,24.8700008392334,24.950000762939453,25.44499969482422,660200.0,23.312299728393555
2003-09-03,25.549999237060547,25.260000228881836,25.450000762939453,25.299999237060547,447600.0,23.17945098876953
2003-09-04,25.43000030517578,25.174999237060547,25.30500030517578,25.325000762939453,329800.0,23.20235252380371
2003-09-05,25.700000762939453,24.18000030517578,24.18000030517578,25.584999084472656,1133800.0,23.440563201904297
2003-09-08,26.05500030517578,25.709999084472656,25.75,25.899999618530273,754800.0,23.729164123535156
2003-09-09,25.899999618530273,25.299999237060547,25.899999618530273,25.385000228881836,642200.0,23.257328033447266
2003-09-10,25.395000457763672,25.1200008392334,25.350000381469727,25.149999618530273,338400.0,23.04202651977539
2003-09-11,25.645000457763672,25.225000381469727,25.225000381469727,25.584999084472656,591200.0,23.440563201904297
2003-09-12,25.594999313354492,25.375,25.549999237060547,25.524999618530273,515400.0,23.38558578491211
2003-09-15,25.559999465942383,25.204999923706055,25.475000381469727,25.524999618530273,897600.0,23.38558578491211
2003-09-16,25.799999237060547,25.350000381469727,25.559999465942383,25.639999389648438,738600.0,23.49095344543457
2003-09-17,25.700000762939453,25.350000381469727,25.690000534057617,25.5,713000.0,23.362680435180664
2003-09-18,25.674999237060547,25.450000762939453,25.625,25.53499984741211,1434400.0,23.394760131835938
2003-09-19,25.625,25.459999084472656,25.600000381469727,25.575000762939453,857400.0,23.431407928466797
2003-09-22,25.579999923706055,25.114999771118164,25.510000228881836,25.260000228881836,578600.0,23.142807006835938
2003-09-23,25.325000762939453,24.600000381469727,25.200000762939453,24.924999237060547,1231600.0,22.835887908935547
2003-09-24,24.9950008392334,24.75,24.989999771118164,24.75,721800.0,22.675554275512695
2003-09-25,24.975000381469727,24.625,24.649999618530273,24.639999389648438,1159800.0,22.57477378845215
2003-09-26,24.645000457763672,24.165000915527344,24.625,24.21500015258789,701400.0,22.18539047241211
2003-09-29,24.799999237060547,24.209999084472656,24.299999237060547,24.739999771118164,609000.0,22.666391372680664
2003-09-30,24.895000457763672,24.424999237060547,24.674999237060547,24.725000381469727,772400.0,22.65264892578125
2003-10-01,25.125,24.78499984741211,24.799999237060547,24.875,756000.0,22.79007339477539
2003-10-02,25.125,24.700000762939453,24.875,24.9950008392334,744600.0,22.9000186920166
2003-10-03,25.290000915527344,25.024999618530273,25.149999618530273,25.104999542236328,572400.0,23.00079917907715
2003-10-06,25.270000457763672,24.985000610351562,25.1299991607666,24.989999771118164,598000.0,22.895431518554688
2003-10-07,24.899999618530273,24.485000610351562,24.899999618530273,24.645000457763672,1747000.0,22.579360961914062
2003-10-08,24.780000686645508,24.489999771118164,24.674999237060547,24.649999618530273,947800.0,22.58393669128418
2003-10-09,25.079999923706055,24.65999984741211,24.700000762939453,24.71500015258789,534800.0,22.643484115600586
2003-10-10,25.075000762939453,24.649999618530273,24.924999237060547,24.719999313354492,574200.0,22.648069381713867
2003-10-13,25.18000030517578,24.825000762939453,24.825000762939453,24.975000381469727,477200.0,22.881696701049805
2003-10-14,25.125,24.850000381469727,24.899999618530273,25.125,524400.0,23.019119262695312
2003-10-15,24.81999969482422,24.25,24.25,24.524999618530273,1921200.0,22.469406127929688
2003-10-16,24.854999542236328,24.274999618530273,24.475000381469727,24.829999923706055,626600.0,22.748844146728516
2003-10-17,24.94499969482422,24.475000381469727,24.850000381469727,24.649999618530273,775600.0,22.58393669128418
2003-10-20,24.75,24.145000457763672,24.649999618530273,24.34000015258789,1999200.0,22.299915313720703
2003-10-21,23.18000030517578,22.700000762939453,23.024999618530273,23.075000762939453,7129200.0,21.140949249267578
2003-10-22,23.075000762939453,22.25,23.075000762939453,22.354999542236328,2977400.0,20.48128318786621
2003-10-23,22.364999771118164,21.950000762939453,22.354999542236328,22.170000076293945,2175200.0,20.311792373657227
2003-10-24,22.485000610351562,22.075000762939453,22.200000762939453,22.459999084472656,1127200.0,20.577491760253906
2003-10-27,22.625,22.299999237060547,22.510000228881836,22.475000381469727,926400.0,20.591236114501953
2003-10-28,22.940000534057617,22.575000762939453,22.575000762939453,22.84000015258789,830000.0,20.925643920898438
2003-10-29,23.5049991607666,22.8700008392334,22.889999389648438,22.975000381469727,1258200.0,21.049325942993164
2003-10-30,23.125,22.625,23.010000228881836,22.639999389648438,1112600.0,20.742401123046875
2003-10-31,23.594999313354492,22.639999389648438,22.639999389648438,23.524999618530273,1328200.0,21.553232192993164
2003-11-03,24.690000534057617,23.584999084472656,24.600000381469727,23.584999084472656,1350000.0,21.608190536499023
2003-11-04,23.770000457763672,23.329999923706055,23.55500030517578,23.364999771118164,716000.0,21.406635284423828
2003-11-05,23.524999618530273,23.19499969482422,23.264999389648438,23.354999542236328,548000.0,21.397480010986328
2003-11-06,23.584999084472656,23.299999237060547,23.479999542236328,23.524999618530273,647600.0,21.553232192993164
2003-11-07,24.05500030517578,23.43000030517578,23.5,23.94499969482422,828400.0,21.93802833557129
2003-11-10,24.0,23.674999237060547,23.924999237060547,23.739999771118164,438400.0,21.75020408630371
2003-11-11,23.825000762939453,23.524999618530273,23.575000762939453,23.584999084472656,706200.0,21.608190536499023
2003-11-12,24.399999618530273,23.625,23.625,24.395000457763672,1360400.0,22.350317001342773
2003-11-13,25.155000686645508,24.375,24.424999237060547,24.989999771118164,1354400.0,22.895431518554688
2003-11-14,25.469999313354492,25.065000534057617,25.114999771118164,25.149999618530273,807400.0,23.04202651977539
2003-11-17,25.260000228881836,25.084999084472656,25.125,25.190000534057617,581600.0,23.07867431640625
2003-11-18,25.579999923706055,25.135000228881836,25.315000534057617,25.350000381469727,611600.0,23.225263595581055
2003-11-19,26.360000610351562,25.225000381469727,25.354999542236328,26.09000015258789,2155400.0,23.90323829650879
2003-11-20,26.125,25.84000015258789,26.0,25.860000610351562,818200.0,23.692514419555664
2003-11-21,25.985000610351562,25.725000381469727,25.985000610351562,25.860000610351562,672600.0,23.692514419555664
2003-11-24,26.43000030517578,25.975000381469727,25.985000610351562,26.34000015258789,813400.0,24.132282257080078
2003-11-25,26.375,26.184999465942383,26.34000015258789,26.325000762939453,987800.0,24.11854362487793
2003-11-26,26.735000610351562,26.225000381469727,26.25,26.600000381469727,837400.0,24.407583236694336
2003-11-28,26.915000915527344,26.674999237060547,26.674999237060547,26.885000228881836,237600.0,24.669092178344727
2003-12-01,26.93000030517578,26.584999084472656,26.774999618530273,26.93000030517578,1071200.0,24.71037483215332
2003-12-02,27.15999984741211,26.825000762939453,26.825000762939453,27.149999618530273,872800.0,24.912242889404297
2003-12-03,27.375,26.649999618530273,27.25,26.649999618530273,780000.0,24.45345115661621
2003-12-04,26.600000381469727,26.350000381469727,26.399999618530273,26.579999923706055,522000.0,24.389225006103516
2003-12-05,27.100000381469727,26.46500015258789,26.579999923706055,26.950000762939453,924800.0,24.728731155395508
2003-12-08,26.850000381469727,26.209999084472656,26.850000381469727,26.53499984741211,1280400.0,24.347938537597656
2003-12-09,26.889999389648438,26.405000686645508,26.625,26.795000076293945,1033200.0,24.586502075195312
2003-12-10,26.760000228881836,26.25,26.725000381469727,26.299999237060547,613800.0,24.132305145263672
2003-12-11,26.600000381469727,26.149999618530273,26.149999618530273,26.399999618530273,819400.0,24.224058151245117
2003-12-12,26.375,25.549999237060547,26.375,25.934999465942383,1039400.0,23.797388076782227
2003-12-15,26.125,25.434999465942383,26.0,25.489999771118164,783600.0,23.389068603515625
2003-12-16,25.899999618530273,25.475000381469727,25.600000381469727,25.899999618530273,712800.0,23.76526641845703
2003-12-17,25.899999618530273,25.459999084472656,25.899999618530273,25.625,1369400.0,23.512939453125
2003-12-18,26.399999618530273,25.65999984741211,25.65999984741211,26.3799991607666,1111600.0,24.205707550048828
2003-12-19,26.424999237060547,26.010000228881836,26.424999237060547,26.174999237060547,657000.0,24.017602920532227
2003-12-22,26.450000762939453,26.125,26.200000762939453,26.364999771118164,650600.0,24.191940307617188
2003-12-23,26.475000381469727,26.229999542236328,26.299999237060547,26.415000915527344,360400.0,24.237831115722656
2003-12-24,26.53499984741211,26.360000610351562,26.385000228881836,26.5049991607666,102400.0,24.320404052734375
2003-12-26,26.8799991607666,26.545000076293945,26.549999237060547,26.7549991607666,372800.0,24.549800872802734
2003-12-29,27.125,26.584999084472656,26.7549991607666,27.079999923706055,432800.0,24.848018646240234
2003-12-30,27.174999237060547,26.834999084472656,27.059999465942383,26.940000534057617,353800.0,24.719566345214844
2003-12-31,27.100000381469727,26.540000915527344,26.975000381469727,26.860000610351562,694400.0,24.646160125732422
2004-01-02,27.030000686645508,26.75,26.774999618530273,26.80500030517578,481200.0,24.595678329467773
2004-01-05,26.799999237060547,26.184999465942383,26.700000762939453,26.264999389648438,1196600.0,24.100194931030273
2004-01-06,26.405000686645508,26.0,26.0,26.200000762939453,1068200.0,24.040552139282227
2004-01-07,26.290000915527344,26.024999618530273,26.239999771118164,26.125,800000.0,23.97173309326172
2004-01-08,26.625,25.75,26.125,25.81999969482422,2439000.0,23.691865921020508
2004-01-09,25.7549991607666,25.15999984741211,25.7549991607666,25.69499969482422,2388800.0,23.577167510986328
2004-01-12,25.584999084472656,25.155000686645508,25.450000762939453,25.4950008392334,2024000.0,23.393653869628906
2004-01-13,25.649999618530273,25.200000762939453,25.625,25.459999084472656,2024600.0,23.361534118652344
2004-01-14,26.139999389648438,25.434999465942383,25.524999618530273,26.139999389648438,1055600.0,23.985492706298828
2004-01-15,26.600000381469727,26.05500030517578,26.25,26.3700008392334,1052200.0,24.196542739868164
2004-01-16,26.75,26.299999237060547,26.434999465942383,26.31999969482422,903400.0,24.150651931762695
2004-01-20,27.440000534057617,26.325000762939453,26.375,27.440000534057617,1736400.0,25.178346633911133
2004-01-21,27.440000534057617,26.924999237060547,27.440000534057617,27.110000610351562,763800.0,24.875547409057617
2004-01-22,27.290000915527344,26.674999237060547,27.135000228881836,27.280000686645508,1499400.0,25.031532287597656
2004-01-23,27.670000076293945,27.165000915527344,27.274999618530273,27.415000915527344,897200.0,25.155399322509766
2004-01-26,27.405000686645508,26.93000030517578,27.399999618530273,27.065000534057617,1346800.0,24.83425521850586
2004-01-27,27.065000534057617,26.28499984741211,27.065000534057617,26.46500015258789,2373800.0,24.283706665039062
2004-01-28,26.469999313354492,25.924999237060547,26.469999313354492,26.200000762939453,1927400.0,24.040552139282227
2004-01-29,26.25,25.80500030517578,26.204999923706055,26.125,1255000.0,23.97173309326172
2004-01-30,27.475000381469727,26.104999542236328,26.125,27.459999084472656,5252000.0,25.196693420410156
2004-02-02,27.84000015258789,27.075000762939453,27.459999084472656,27.65999984741211,1704800.0,25.380216598510742
2004-02-03,27.649999618530273,27.229999542236328,27.610000610351562,27.530000686645508,1103800.0,25.260921478271484
2004-02-04,27.739999771118164,27.375,27.530000686645508,27.68000030517578,1102600.0,25.398561477661133
2004-02-05,27.68000030517578,26.899999618530273,27.68000030517578,27.184999465942383,1085200.0,24.944360733032227
2004-02-06,27.860000610351562,27.075000762939453,27.190000534057617,27.600000381469727,1089600.0,25.32515525817871
2004-02-09,27.825000762939453,27.459999084472656,27.600000381469727,27.5,863400.0,25.233400344848633
2004-02-10,27.75,27.5,27.5,27.700000762939453,711800.0,25.416921615600586
2004-02-11,27.975000381469727,27.55500030517578,27.700000762939453,27.940000534057617,1123800.0,25.637134552001953
2004-02-12,28.299999237060547,27.989999771118164,28.0,28.2549991607666,1320800.0,25.92616844177246
2004-02-13,28.475000381469727,28.049999237060547,28.28499984741211,28.075000762939453,509600.0,25.761011123657227
2004-02-17,28.200000762939453,27.950000762939453,28.125,28.065000534057617,858400.0,25.751829147338867
2004-02-18,28.149999618530273,27.665000915527344,28.075000762939453,27.68000030517578,780200.0,25.398561477661133
2004-02-19,28.030000686645508,27.225000381469727,27.5,27.59000015258789,1604800.0,25.315975189208984
2004-02-20,27.125,26.350000381469727,27.125,26.68000030517578,2292000.0,24.480979919433594
2004-02-23,27.05500030517578,26.625,26.80500030517578,26.645000457763672,839000.0,24.448869705200195
2004-02-24,27.2450008392334,26.524999618530273,26.69499969482422,26.969999313354492,1501600.0,24.74709129333496
2004-02-25,27.325000762939453,26.834999084472656,26.975000381469727,27.2549991607666,780400.0,25.00859260559082
2004-02-26,27.415000915527344,27.100000381469727,27.219999313354492,27.135000228881836,573600.0,24.935075759887695
2004-02-27,27.235000610351562,26.899999618530273,27.125,26.96500015258789,579400.0,24.77886199951172
2004-03-01,23.524999618530273,22.014999389648438,22.5,22.440000534057617,13512200.0,20.620712280273438
2004-03-02,22.850000381469727,22.204999923706055,22.350000381469727,22.725000381469727,4719800.0,20.88261604309082
2004-03-03,23.125,22.604999542236328,22.68000030517578,23.0,2433200.0,21.13531494140625
2004-03-04,24.049999237060547,23.049999237060547,23.049999237060547,23.875,3163000.0,21.93937873840332
2004-03-05,23.975000381469727,23.5,23.875,23.604999542236328,1465400.0,21.691261291503906
2004-03-08,23.690000534057617,23.059999465942383,23.6299991607666,23.059999465942383,1506800.0,21.190452575683594
2004-03-09,23.084999084472656,22.59000015258789,23.084999084472656,22.709999084472656,1726600.0,20.868831634521484
2004-03-10,22.71500015258789,22.149999618530273,22.71500015258789,22.489999771118164,1984400.0,20.666664123535156
2004-03-11,22.674999237060547,22.360000610351562,22.424999237060547,22.389999389648438,681000.0,20.574766159057617
2004-03-12,22.959999084472656,22.399999618530273,22.450000762939453,22.600000381469727,1117000.0,20.76774024963379
2004-03-15,22.774999618530273,22.579999923706055,22.649999618530273,22.600000381469727,666200.0,20.76774024963379
2004-03-16,22.75,22.354999542236328,22.600000381469727,22.3799991607666,1077400.0,20.56557846069336
2004-03-17,22.799999237060547,22.479999542236328,22.485000610351562,22.75,1135600.0,20.905588150024414
2004-03-18,22.864999771118164,22.459999084472656,22.725000381469727,22.81999969482422,1000600.0,20.969905853271484
2004-03-19,23.225000381469727,22.649999618530273,22.850000381469727,23.0049991607666,1221600.0,21.139909744262695
2004-03-22,22.950000762939453,22.399999618530273,22.924999237060547,22.5,843800.0,20.67584800720215
2004-03-23,22.575000762939453,22.2549991607666,22.5,22.399999618530273,815200.0,20.583965301513672
2004-03-24,22.385000228881836,21.975000381469727,22.350000381469727,21.985000610351562,734200.0,20.202608108520508
2004-03-25,22.360000610351562,22.084999084472656,22.125,22.200000762939453,1601400.0,20.400169372558594
2004-03-26,22.46500015258789,22.094999313354492,22.25,22.399999618530273,1149000.0,20.583965301513672
2004-03-29,22.65999984741211,22.424999237060547,22.424999237060547,22.594999313354492,1030000.0,20.763151168823242
2004-03-30,22.954999923706055,22.55500030517578,22.575000762939453,22.950000762939453,1068000.0,21.089370727539062
2004-03-31,23.03499984741211,22.709999084472656,22.950000762939453,23.03499984741211,731400.0,21.167476654052734
2004-04-01,23.219999313354492,22.950000762939453,23.0,23.0,1225800.0,21.13531494140625
2004-04-02,23.559999465942383,23.0,23.450000762939453,23.024999618530273,1129200.0,21.15829086303711
2004-04-05,23.399999618530273,23.149999618530273,23.149999618530273,23.274999618530273,1041200.0,21.388017654418945
2004-04-06,23.399999618530273,23.020000457763672,23.280000686645508,23.040000915527344,633800.0,21.17207145690918
2004-04-07,23.1200008392334,23.0,23.024999618530273,23.024999618530273,947600.0,21.15829086303711
2004-04-08,23.149999618530273,22.600000381469727,23.040000915527344,22.799999237060547,1732600.0,20.95153045654297
2004-04-12,22.780000686645508,22.545000076293945,22.674999237060547,22.600000381469727,1386400.0,20.76774024963379
2004-04-13,22.65999984741211,22.149999618530273,22.649999618530273,22.174999237060547,1336600.0,20.3772029876709
2004-04-14,21.850000381469727,21.075000762939453,21.625,21.524999618530273,3119200.0,19.779903411865234
2004-04-15,21.625,21.350000381469727,21.59000015258789,21.584999084472656,1703800.0,19.835033416748047
2004-04-16,21.895000457763672,21.475000381469727,21.649999618530273,21.895000457763672,937200.0,20.119897842407227
2004-04-19,21.850000381469727,21.479999542236328,21.850000381469727,21.584999084472656,1190400.0,19.835033416748047
2004-04-20,21.774999618530273,21.190000534057617,21.549999237060547,21.264999389648438,1366000.0,19.540969848632812
2004-04-21,22.200000762939453,21.325000762939453,21.325000762939453,22.135000228881836,2100600.0,20.340444564819336
2004-04-22,22.760000228881836,22.155000686645508,22.155000686645508,22.760000228881836,1455200.0,20.914775848388672
2004-04-23,23.44499969482422,22.454999923706055,23.299999237060547,22.725000381469727,1518600.0,20.88261604309082
2004-04-26,23.174999237060547,22.350000381469727,23.100000381469727,22.389999389648438,1621400.0,20.574766159057617
2004-04-27,22.795000076293945,22.375,22.44499969482422,22.46500015258789,814000.0,20.64369010925293
2004-04-28,22.524999618530273,21.864999771118164,22.5,22.05500030517578,1327800.0,20.266935348510742
2004-04-29,22.235000610351562,21.81999969482422,22.079999923706055,21.864999771118164,1038400.0,20.092327117919922
2004-04-30,22.075000762939453,21.735000610351562,21.950000762939453,21.950000762939453,833400.0,20.170440673828125
2004-05-03,22.21500015258789,21.875,21.940000534057617,22.145000457763672,1046400.0,20.349632263183594
2004-05-04,22.21500015258789,21.975000381469727,22.145000457763672,22.084999084472656,579200.0,20.294496536254883
2004-05-05,22.325000762939453,22.030000686645508,22.049999237060547,22.200000762939453,814200.0,20.400169372558594
2004-05-06,22.149999618530273,21.674999237060547,22.149999618530273,21.815000534057617,1032600.0,20.046388626098633
2004-05-07,22.09000015258789,21.704999923706055,21.81999969482422,21.735000610351562,1037000.0,19.972871780395508
2004-05-10,21.725000381469727,21.1299991607666,21.725000381469727,21.299999237060547,960000.0,19.57314682006836
2004-05-11,21.774999618530273,21.420000076293945,21.424999237060547,21.649999618530273,1337000.0,19.8947696685791
2004-05-12,21.899999618530273,21.584999084472656,21.665000915527344,21.825000762939453,1077000.0,20.05557632446289
2004-05-13,22.165000915527344,21.774999618530273,21.799999237060547,21.975000381469727,736400.0,20.193410873413086
2004-05-14,22.110000610351562,21.690000534057617,21.950000762939453,21.934999465942383,416800.0,20.156661987304688
2004-05-17,21.825000762939453,21.415000915527344,21.825000762939453,21.600000381469727,665400.0,19.848819732666016
2004-05-18,21.690000534057617,21.5,21.639999389648438,21.540000915527344,414800.0,19.793684005737305
2004-05-19,21.725000381469727,21.325000762939453,21.700000762939453,21.360000610351562,541400.0,19.62828254699707
2004-05-20,21.475000381469727,21.045000076293945,21.364999771118164,21.399999618530273,599600.0,19.66503143310547
2004-05-21,21.649999618530273,21.360000610351562,21.375,21.450000762939453,449400.0,19.71098518371582
2004-05-24,21.735000610351562,21.315000534057617,21.5,21.440000534057617,488800.0,19.701791763305664
2004-05-25,21.665000915527344,21.350000381469727,21.475000381469727,21.614999771118164,582600.0,19.862606048583984
2004-05-26,21.815000534057617,21.510000228881836,21.799999237060547,21.71500015258789,612800.0,19.954500198364258
2004-05-27,21.875,21.6299991607666,21.65999984741211,21.75,789000.0,20.02353286743164
2004-05-28,22.09000015258789,21.7450008392334,21.889999389648438,22.0049991607666,705800.0,20.25830078125
2004-06-01,22.264999389648438,21.895000457763672,21.924999237060547,22.020000457763672,802800.0,20.272117614746094
2004-06-02,22.489999771118164,22.15999984741211,22.200000762939453,22.364999771118164,847800.0,20.589731216430664
2004-06-03,22.424999237060547,22.125,22.325000762939453,22.174999237060547,776600.0,20.41480827331543
2004-06-04,22.34000015258789,22.145000457763672,22.225000381469727,22.174999237060547,273200.0,20.41480827331543
2004-06-07,22.44499969482422,22.06999969482422,22.18000030517578,22.3700008392334,312200.0,20.594329833984375
2004-06-08,22.25,22.05500030517578,22.25,22.25,673200.0,20.483848571777344
2004-06-09,22.325000762939453,22.225000381469727,22.2450008392334,22.290000915527344,773200.0,20.52067756652832
2004-06-10,22.44499969482422,22.059999465942383,22.274999618530273,22.09000015258789,719200.0,20.33656120300293
2004-06-14,22.21500015258789,21.959999084472656,22.049999237060547,22.045000076293945,962600.0,20.295129776000977
2004-06-15,22.264999389648438,21.940000534057617,22.100000381469727,22.059999465942383,521000.0,20.30893898010254
2004-06-16,22.2450008392334,21.940000534057617,22.0,22.165000915527344,465400.0,20.405597686767578
2004-06-17,22.524999618530273,22.049999237060547,22.125,22.5049991607666,645600.0,20.718612670898438
2004-06-18,22.625,22.450000762939453,22.625,22.575000762939453,913600.0,20.783052444458008
2004-06-21,22.524999618530273,22.155000686645508,22.524999618530273,22.209999084472656,525000.0,20.447031021118164
2004-06-22,22.295000076293945,21.950000762939453,22.200000762939453,22.114999771118164,556800.0,20.359575271606445
2004-06-23,22.200000762939453,21.989999771118164,22.139999389648438,22.084999084472656,539200.0,20.331941604614258
2004-06-24,22.15999984741211,22.020000457763672,22.075000762939453,22.149999618530273,700800.0,20.39179039001465
2004-06-25,22.424999237060547,22.100000381469727,22.100000381469727,22.290000915527344,641400.0,20.52067756652832
2004-06-28,22.350000381469727,21.950000762939453,22.350000381469727,22.049999237060547,614200.0,20.299732208251953
2004-06-29,22.299999237060547,22.030000686645508,22.049999237060547,22.274999618530273,647800.0,20.506868362426758
2004-06-30,22.975000381469727,22.299999237060547,22.299999237060547,22.94499969482422,1351000.0,21.123685836791992
2004-07-01,23.065000534057617,22.475000381469727,22.94499969482422,22.739999771118164,617800.0,20.934951782226562
2004-07-02,22.729999542236328,22.489999771118164,22.725000381469727,22.584999084472656,237000.0,20.792259216308594
2004-07-06,22.559999465942383,22.104999542236328,22.559999465942383,22.184999465942383,606400.0,20.424013137817383
2004-07-07,22.489999771118164,22.184999465942383,22.184999465942383,22.309999465942383,449600.0,20.539093017578125
2004-07-08,22.28499984741211,21.979999542236328,22.280000686645508,22.100000381469727,540600.0,20.34576416015625
2004-07-09,22.344999313354492,22.079999923706055,22.1200008392334,22.21500015258789,355800.0,20.451627731323242
2004-07-12,22.225000381469727,21.875,22.190000534057617,21.924999237060547,970600.0,20.184654235839844
2004-07-13,22.0,21.850000381469727,21.850000381469727,21.90999984741211,693200.0,20.17084503173828
2004-07-14,22.71500015258789,22.030000686645508,22.030000686645508,22.53499984741211,1449800.0,20.746238708496094
2004-07-15,22.540000915527344,22.350000381469727,22.5,22.475000381469727,536200.0,20.690998077392578
2004-07-16,22.559999465942383,22.360000610351562,22.524999618530273,22.489999771118164,922200.0,20.704805374145508
2004-07-19,22.614999771118164,22.360000610351562,22.475000381469727,22.56999969482422,590000.0,20.77845001220703
2004-07-20,22.674999237060547,22.440000534057617,22.674999237060547,22.56999969482422,531800.0,20.77845001220703
2004-07-21,22.5,22.18000030517578,22.5,22.34000015258789,1064800.0,20.566709518432617
2004-07-22,22.604999542236328,22.165000915527344,22.290000915527344,22.479999542236328,963800.0,20.695598602294922
2004-07-23,22.899999618530273,21.899999618530273,22.604999542236328,22.53499984741211,2527000.0,20.746238708496094
2004-07-26,23.19499969482422,22.600000381469727,23.075000762939453,22.9950008392334,2255200.0,21.169715881347656
2004-07-27,23.375,22.850000381469727,23.375,23.049999237060547,1379000.0,21.220348358154297
2004-07-28,23.15999984741211,22.354999542236328,23.149999618530273,22.78499984741211,1170200.0,20.97638511657715
2004-07-29,22.885000228881836,22.524999618530273,22.78499984741211,22.850000381469727,619800.0,21.036222457885742
2004-07-30,22.850000381469727,22.55500030517578,22.774999618530273,22.7549991607666,337800.0,20.948766708374023
2004-08-02,23.014999389648438,22.40999984741211,22.600000381469727,22.934999465942383,570600.0,21.114484786987305
2004-08-03,23.174999237060547,22.6200008392334,22.934999465942383,22.674999237060547,553000.0,20.875112533569336
2004-08-04,22.719999313354492,22.440000534057617,22.600000381469727,22.6299991607666,395000.0,20.83368682861328
2004-08-05,22.799999237060547,22.350000381469727,22.575000762939453,22.360000610351562,354600.0,20.585128784179688
2004-08-06,22.235000610351562,21.725000381469727,22.235000610351562,21.770000457763672,593000.0,20.041955947875977
2004-08-09,21.924999237060547,21.604999542236328,21.799999237060547,21.825000762939453,697800.0,20.09259033203125
2004-08-10,22.040000915527344,21.75,21.875,22.010000228881836,539200.0,20.262907028198242
2004-08-11,22.2450008392334,21.700000762939453,21.850000381469727,22.139999389648438,552200.0,20.382579803466797
2004-08-12,22.114999771118164,21.475000381469727,22.114999771118164,21.53499984741211,1060400.0,19.825605392456055
2004-08-13,21.700000762939453,21.329999923706055,21.540000915527344,21.3799991607666,927400.0,19.682903289794922
2004-08-16,22.014999389648438,21.5,21.5,21.860000610351562,956200.0,20.124801635742188
2004-08-17,22.045000076293945,21.809999465942383,21.864999771118164,21.8799991607666,519200.0,20.14321517944336
2004-08-18,22.06999969482422,21.655000686645508,21.799999237060547,22.014999389648438,678400.0,20.26750946044922
2004-08-19,21.795000076293945,21.415000915527344,21.700000762939453,21.559999465942383,1565400.0,19.848623275756836
2004-08-20,21.815000534057617,21.524999618530273,21.59000015258789,21.540000915527344,469800.0,19.83021354675293
2004-08-23,22.219999313354492,21.639999389648438,21.665000915527344,22.145000457763672,1262800.0,20.387187957763672
2004-08-24,22.440000534057617,21.90999984741211,22.350000381469727,21.90999984741211,665400.0,20.17084503173828
2004-08-25,22.045000076293945,21.825000762939453,21.950000762939453,21.979999542236328,428000.0,20.235286712646484
2004-08-26,22.559999465942383,22.020000457763672,22.020000457763672,22.395000457763672,1088200.0,20.61734390258789
2004-08-27,22.399999618530273,22.235000610351562,22.375,22.2549991607666,406000.0,20.48845672607422
2004-08-30,22.2450008392334,22.05500030517578,22.149999618530273,22.075000762939453,378200.0,20.35933494567871
2004-08-31,22.55500030517578,22.174999237060547,22.174999237060547,22.524999618530273,707600.0,20.77435874938965
2004-09-01,22.68000030517578,22.450000762939453,22.459999084472656,22.56999969482422,660800.0,20.815868377685547
2004-09-02,22.625,22.415000915527344,22.579999923706055,22.600000381469727,326000.0,20.843534469604492
2004-09-03,22.825000762939453,22.424999237060547,22.600000381469727,22.684999465942383,303400.0,20.921932220458984
2004-09-07,23.040000915527344,22.774999618530273,22.799999237060547,22.834999084472656,511000.0,21.060272216796875
2004-09-08,22.84000015258789,22.325000762939453,22.825000762939453,22.364999771118164,685600.0,20.626792907714844
2004-09-09,22.600000381469727,22.375,22.375,22.43000030517578,899800.0,20.686752319335938
2004-09-10,22.485000610351562,22.290000915527344,22.450000762939453,22.440000534057617,509600.0,20.69596290588379
2004-09-13,22.704999923706055,22.334999084472656,22.5,22.489999771118164,521000.0,20.742090225219727
2004-09-14,22.424999237060547,21.690000534057617,22.424999237060547,21.834999084472656,1825600.0,20.13798713684082
2004-09-15,22.030000686645508,21.655000686645508,21.725000381469727,21.809999465942383,1106200.0,20.114931106567383
2004-09-16,21.8799991607666,21.719999313354492,21.809999465942383,21.770000457763672,554800.0,20.07805061340332
2004-09-17,21.825000762939453,21.5,21.75,21.739999771118164,595800.0,20.05038070678711
2004-09-20,21.875,21.479999542236328,21.739999771118164,21.56999969482422,552600.0,19.893587112426758
2004-09-21,21.69499969482422,21.40999984741211,21.6200008392334,21.5049991607666,480600.0,19.833637237548828
2004-09-22,21.600000381469727,21.28499984741211,21.469999313354492,21.389999389648438,804400.0,19.727567672729492
2004-09-23,21.530000686645508,21.3700008392334,21.389999389648438,21.454999923706055,567400.0,19.787527084350586
2004-09-24,21.594999313354492,21.43000030517578,21.524999618530273,21.459999084472656,713800.0,19.792133331298828
2004-09-27,21.459999084472656,20.969999313354492,21.459999084472656,21.020000457763672,896200.0,19.38633155822754
2004-09-28,21.579999923706055,21.024999618530273,21.100000381469727,21.520000457763672,724200.0,19.84748077392578
2004-09-29,21.704999923706055,21.399999618530273,21.520000457763672,21.510000228881836,1043800.0,19.8382511138916
2004-09-30,21.850000381469727,21.510000228881836,21.510000228881836,21.75,948800.0,20.059598922729492
2004-10-01,21.899999618530273,21.68000030517578,21.875,21.760000228881836,975400.0,20.06882095336914
2004-10-04,21.815000534057617,21.44499969482422,21.799999237060547,21.485000610351562,718200.0,19.815202713012695
2004-10-05,21.739999771118164,21.3700008392334,21.485000610351562,21.670000076293945,1193600.0,19.985816955566406
2004-10-06,22.0,21.6200008392334,21.670000076293945,21.9950008392334,844600.0,20.285554885864258
2004-10-07,22.280000686645508,21.905000686645508,22.014999389648438,22.125,680600.0,20.405460357666016
2004-10-08,22.350000381469727,21.959999084472656,22.125,22.09000015258789,378200.0,20.373165130615234
2004-10-11,22.229999542236328,21.899999618530273,22.09000015258789,21.969999313354492,260600.0,20.262495040893555
2004-10-12,22.0,21.665000915527344,21.924999237060547,21.809999465942383,487800.0,20.114931106567383
2004-10-13,21.649999618530273,21.225000381469727,21.299999237060547,21.274999618530273,985600.0,19.621511459350586
2004-10-14,21.440000534057617,20.959999084472656,21.350000381469727,21.0,1184400.0,19.367887496948242
2004-10-15,21.395000457763672,20.81999969482422,21.075000762939453,21.229999542236328,1248400.0,19.579999923706055
2004-10-18,21.31999969482422,21.139999389648438,21.229999542236328,21.25,534000.0,19.59845733642578
2004-10-19,21.2549991607666,20.350000381469727,21.2549991607666,20.604999542236328,2045200.0,19.003582000732422
2004-10-20,20.69499969482422,20.299999237060547,20.625,20.44499969482422,2127600.0,18.856021881103516
2004-10-21,20.450000762939453,19.774999618530273,20.44499969482422,19.934999465942383,1481000.0,18.385665893554688
2004-10-22,20.815000534057617,19.940000534057617,19.940000534057617,20.59000015258789,4099000.0,18.98975372314453
2004-10-25,20.559999465942383,20.204999923706055,20.559999465942383,20.25,1226800.0,18.676179885864258
2004-10-26,20.450000762939453,20.225000381469727,20.299999237060547,20.274999618530273,1344000.0,18.69922637939453
2004-10-27,21.024999618530273,20.30500030517578,20.30500030517578,21.0049991607666,2275000.0,19.372499465942383
2004-10-28,21.06999969482422,20.704999923706055,20.950000762939453,20.770000457763672,1530800.0,19.15576934814453
2004-10-29,20.90999984741211,20.614999771118164,20.75,20.780000686645508,742200.0,19.16498565673828
2004-11-01,21.020000457763672,20.774999618530273,20.809999465942383,20.905000686645508,711400.0,19.2802677154541
2004-11-02,21.239999771118164,20.829999923706055,20.90999984741211,20.8799991607666,923800.0,19.257211685180664
2004-11-03,21.579999923706055,21.149999618530273,21.149999618530273,21.549999237060547,1488400.0,19.875144958496094
2004-11-04,22.110000610351562,21.475000381469727,21.549999237060547,21.905000686645508,1185200.0,20.20254898071289
2004-11-05,22.274999618530273,21.854999542236328,21.975000381469727,22.239999771118164,788800.0,20.511510848999023
2004-11-08,22.385000228881836,22.110000610351562,22.325000762939453,22.375,908400.0,20.636016845703125
2004-11-09,22.690000534057617,22.299999237060547,22.549999237060547,22.5,1865400.0,20.751306533813477
2004-11-10,22.670000076293945,22.350000381469727,22.5,22.399999618530273,1289800.0,20.659082412719727
2004-11-11,22.739999771118164,22.100000381469727,22.395000457763672,22.68000030517578,936600.0,20.917316436767578
2004-11-12,22.700000762939453,22.46500015258789,22.684999465942383,22.649999618530273,805400.0,20.889652252197266
2004-11-15,22.674999237060547,22.475000381469727,22.625,22.6200008392334,660800.0,20.861984252929688
2004-11-16,22.75,22.264999389648438,22.700000762939453,22.309999465942383,766800.0,20.576078414916992
2004-11-17,22.489999771118164,22.075000762939453,22.354999542236328,22.235000610351562,1192400.0,20.50690269470215
2004-11-18,22.625,22.2450008392334,22.325000762939453,22.59000015258789,796200.0,20.83431625366211
2004-11-19,23.145000457763672,22.40999984741211,22.59000015258789,22.885000228881836,1448600.0,21.10639190673828
2004-11-22,22.975000381469727,22.524999618530273,22.760000228881836,22.690000534057617,762600.0,20.926542282104492
2004-11-23,22.924999237060547,22.5049991607666,22.625,22.790000915527344,685200.0,21.018768310546875
2004-11-24,23.040000915527344,22.725000381469727,22.825000762939453,22.899999618530273,470400.0,21.120220184326172
2004-11-26,23.075000762939453,22.875,22.875,22.975000381469727,64400.0,21.189390182495117
2004-11-29,23.024999618530273,22.665000915527344,22.969999313354492,22.825000762939453,283600.0,21.08776092529297
2004-11-30,22.825000762939453,22.645000457763672,22.825000762939453,22.760000228881836,844400.0,21.027713775634766
2004-12-01,22.905000686645508,22.600000381469727,22.760000228881836,22.780000686645508,1478000.0,21.04619026184082
2004-12-02,22.825000762939453,22.575000762939453,22.725000381469727,22.674999237060547,1309000.0,20.949174880981445
2004-12-03,22.850000381469727,22.510000228881836,22.625,22.81999969482422,989800.0,21.083145141601562
2004-12-06,22.774999618530273,22.540000915527344,22.774999618530273,22.725000381469727,352800.0,20.99536895751953
2004-12-07,22.899999618530273,22.704999923706055,22.725000381469727,22.7450008392334,663800.0,21.01384925842285
2004-12-08,23.354999542236328,22.729999542236328,22.774999618530273,23.354999542236328,1250200.0,21.577428817749023
2004-12-09,23.899999618530273,23.329999923706055,23.354999542236328,23.895000457763672,1486600.0,22.07632827758789
2004-12-10,24.2549991607666,23.674999237060547,23.895000457763672,24.2549991607666,846000.0,22.408920288085938
2004-12-13,24.25,23.719999313354492,24.25,24.0,1764400.0,22.17333984375
2004-12-14,24.170000076293945,23.899999618530273,23.975000381469727,24.155000686645508,975800.0,22.31653594970703
2004-12-15,24.15999984741211,23.96500015258789,24.1299991607666,23.975000381469727,803400.0,22.150232315063477
2004-12-16,23.924999237060547,23.424999237060547,23.850000381469727,23.459999084472656,1528200.0,21.6744384765625
2004-12-17,23.350000381469727,22.96500015258789,23.350000381469727,23.155000686645508,1886400.0,21.39264488220215
2004-12-20,23.125,22.600000381469727,23.125,22.674999237060547,1143600.0,20.949174880981445
2004-12-21,23.200000762939453,22.75,22.75,23.125,1007800.0,21.364933013916016
2004-12-22,23.200000762939453,22.924999237060547,23.075000762939453,22.94499969482422,569800.0,21.198625564575195
2004-12-23,22.975000381469727,22.825000762939453,22.94499969482422,22.899999618530273,565000.0,21.157054901123047
2004-12-27,23.024999618530273,22.75,22.975000381469727,22.844999313354492,661600.0,21.106246948242188
2004-12-28,22.260000228881836,21.625,21.844999313354492,22.2549991607666,6381800.0,20.561145782470703
2004-12-29,22.280000686645508,21.959999084472656,22.049999237060547,22.235000610351562,2324800.0,20.54266357421875
2004-12-30,22.364999771118164,22.030000686645508,22.184999465942383,22.329999923706055,975600.0,20.630430221557617
2004-12-31,22.385000228881836,22.110000610351562,22.299999237060547,22.25,843000.0,20.556520462036133
2005-01-03,22.274999618530273,21.854999542236328,22.25,22.0,1409000.0,20.32555389404297
2005-01-04,22.075000762939453,21.75,22.0,21.860000610351562,1010400.0,20.196205139160156
2005-01-05,22.049999237060547,21.690000534057617,21.864999771118164,22.0,1859600.0,20.32555389404297
2005-01-06,22.065000534057617,21.700000762939453,21.975000381469727,22.0,993800.0,20.32555389404297
2005-01-07,22.020000457763672,21.885000228881836,22.0,22.0,734400.0,20.32555389404297
2005-01-10,22.200000762939453,21.899999618530273,21.924999237060547,21.9950008392334,599200.0,20.32093620300293
2005-01-11,21.975000381469727,21.684999465942383,21.975000381469727,21.709999084472656,814200.0,20.057628631591797
2005-01-12,22.875,22.25,22.25,22.69499969482422,3267200.0,20.967662811279297
2005-01-13,23.049999237060547,22.325000762939453,22.649999618530273,22.344999313354492,1695800.0,20.64429473876953
2005-01-14,22.485000610351562,22.15999984741211,22.350000381469727,22.165000915527344,1799800.0,20.47799301147461
2005-01-18,22.350000381469727,22.040000915527344,22.174999237060547,22.139999389648438,1159400.0,20.45490264892578
2005-01-19,22.4950008392334,22.135000228881836,22.174999237060547,22.209999084472656,746400.0,20.519561767578125
2005-01-20,22.43000030517578,22.024999618530273,22.200000762939453,22.260000228881836,1119000.0,20.565765380859375
2005-01-21,22.385000228881836,21.924999237060547,22.385000228881836,21.924999237060547,1289600.0,20.256263732910156
2005-01-24,21.709999084472656,21.325000762939453,21.450000762939453,21.549999237060547,1466200.0,19.90981101989746
2005-01-25,21.735000610351562,21.315000534057617,21.55500030517578,21.389999389648438,1333200.0,19.761980056762695
2005-01-26,21.600000381469727,21.274999618530273,21.450000762939453,21.3700008392334,1297000.0,19.743505477905273
2005-01-27,21.610000610351562,21.350000381469727,21.3700008392334,21.385000228881836,1130000.0,19.757366180419922
2005-01-28,21.46500015258789,21.100000381469727,21.405000686645508,21.209999084472656,1676000.0,19.59568214416504
2005-01-31,21.665000915527344,21.274999618530273,21.274999618530273,21.520000457763672,1315000.0,19.882091522216797
2005-02-01,21.875,21.545000076293945,21.56999969482422,21.850000381469727,878000.0,20.18697166442871
2005-02-02,21.905000686645508,21.690000534057617,21.850000381469727,21.780000686645508,504200.0,20.122299194335938
2005-02-03,21.75,21.545000076293945,21.725000381469727,21.735000610351562,588600.0,20.080718994140625
2005-02-04,22.364999771118164,21.739999771118164,21.739999771118164,22.329999923706055,1202200.0,20.630430221557617
2005-02-07,22.5,22.174999237060547,22.329999923706055,22.399999618530273,1117600.0,20.695110321044922
2005-02-08,22.440000534057617,21.889999389648438,22.395000457763672,21.975000381469727,1122800.0,20.302457809448242
2005-02-09,22.1200008392334,21.889999389648438,22.049999237060547,21.895000457763672,602400.0,20.228551864624023
2005-02-10,22.100000381469727,21.875,22.100000381469727,22.024999618530273,370000.0,20.348651885986328
2005-02-11,22.399999618530273,21.969999313354492,22.024999618530273,22.399999618530273,744600.0,20.695110321044922
2005-02-14,23.059999465942383,22.5,22.5,23.010000228881836,2410200.0,21.258689880371094
2005-02-15,23.135000228881836,22.850000381469727,23.014999389648438,22.850000381469727,2003400.0,21.110851287841797
2005-02-16,22.8799991607666,22.510000228881836,22.8799991607666,22.56999969482422,720400.0,20.852169036865234
2005-02-17,22.520000457763672,22.084999084472656,22.510000228881836,22.43000030517578,1265400.0,20.722829818725586
2005-02-18,22.625,22.155000686645508,22.415000915527344,22.264999389648438,732200.0,20.57037925720215
2005-02-22,22.149999618530273,21.915000915527344,22.149999618530273,22.014999389648438,1181200.0,20.33941078186035
2005-02-23,22.229999542236328,21.854999542236328,22.03499984741211,22.149999618530273,1693000.0,20.46413803100586
2005-02-24,22.485000610351562,21.94499969482422,22.25,22.43000030517578,2488000.0,20.722829818725586
2005-02-25,23.559999465942383,21.875,22.139999389648438,23.364999771118164,4591400.0,21.62523078918457
2005-02-28,23.684999465942383,23.190000534057617,23.315000534057617,23.600000381469727,1699000.0,21.84273338317871
2005-03-01,23.829999923706055,23.5,23.604999542236328,23.78499984741211,1673800.0,22.013954162597656
2005-03-02,24.360000610351562,23.875,23.875,24.21500015258789,1986000.0,22.411941528320312
2005-03-03,24.28499984741211,24.1200008392334,24.21500015258789,24.200000762939453,1539400.0,22.398048400878906
2005-03-04,24.575000762939453,24.239999771118164,24.25,24.545000076293945,1968400.0,22.717363357543945
2005-03-07,24.684999465942383,24.44499969482422,24.545000076293945,24.639999389648438,944600.0,22.805295944213867
2005-03-08,24.690000534057617,24.415000915527344,24.639999389648438,24.5,881400.0,22.67572021484375
2005-03-09,24.5,24.020000457763672,24.5,24.09000015258789,1553800.0,22.296245574951172
2005-03-10,24.40999984741211,24.094999313354492,24.094999313354492,24.344999313354492,608600.0,22.532258987426758
2005-03-11,24.93000030517578,24.575000762939453,24.75,24.59000015258789,1130800.0,22.759017944335938
2005-03-14,25.0,24.600000381469727,24.649999618530273,24.700000762939453,1442200.0,22.860820770263672
2005-03-15,24.885000228881836,24.40999984741211,24.799999237060547,24.424999237060547,1186400.0,22.606290817260742
2005-03-16,24.674999237060547,24.354999542236328,24.43000030517578,24.649999618530273,1049800.0,22.814546585083008
2005-03-17,24.940000534057617,24.635000228881836,24.655000686645508,24.899999618530273,1256000.0,23.045927047729492
2005-03-18,25.0,24.670000076293945,25.0,24.915000915527344,983000.0,23.059818267822266
2005-03-21,24.979999542236328,24.049999237060547,24.899999618530273,24.5,1052400.0,22.67572021484375
2005-03-22,25.075000762939453,24.549999237060547,24.549999237060547,24.739999771118164,1424400.0,22.897844314575195
2005-03-23,24.760000228881836,24.405000686645508,24.614999771118164,24.59000015258789,1338200.0,22.759017944335938
2005-03-24,25.139999389648438,24.549999237060547,24.625,25.0,1266400.0,23.138490676879883
2005-03-28,25.1200008392334,24.899999618530273,25.0,25.059999465942383,1237200.0,23.194021224975586
2005-03-29,26.424999237060547,25.770000457763672,26.125,25.795000076293945,3276000.0,23.874290466308594
2005-03-30,26.170000076293945,25.59000015258789,25.7450008392334,26.170000076293945,729800.0,24.22136116027832
2005-03-31,26.405000686645508,26.075000762939453,26.170000076293945,26.200000762939453,1300800.0,24.249134063720703
2005-04-01,26.415000915527344,26.014999389648438,26.229999542236328,26.170000076293945,1119400.0,24.22136116027832
2005-04-04,26.31999969482422,25.9950008392334,26.05500030517578,26.100000381469727,843400.0,24.156585693359375
2005-04-05,26.100000381469727,25.71500015258789,26.100000381469727,25.80500030517578,1446800.0,23.883544921875
2005-04-06,26.0049991607666,25.700000762939453,25.729999542236328,25.829999923706055,1278800.0,23.906679153442383
2005-04-07,26.100000381469727,25.8799991607666,25.950000762939453,26.075000762939453,1243600.0,24.133438110351562
2005-04-08,26.229999542236328,25.934999465942383,26.139999389648438,26.030000686645508,925800.0,24.091796875
2005-04-11,26.53499984741211,26.1299991607666,26.155000686645508,26.524999618530273,1340200.0,24.549936294555664
2005-04-12,26.649999618530273,26.209999084472656,26.489999771118164,26.475000381469727,1067800.0,24.503662109375
2005-04-13,27.209999084472656,26.31999969482422,26.479999542236328,27.104999542236328,1969600.0,25.086750030517578
2005-04-14,27.260000228881836,26.700000762939453,27.204999923706055,26.7549991607666,1288600.0,24.76280403137207
2005-04-15,26.825000762939453,26.450000762939453,26.700000762939453,26.649999618530273,1451200.0,24.665626525878906
2005-04-18,26.739999771118164,25.96500015258789,26.600000381469727,26.3700008392334,1335600.0,24.406469345092773
2005-04-19,26.489999771118164,26.174999237060547,26.489999771118164,26.389999389648438,747800.0,24.42498016357422
2005-04-20,26.454999923706055,26.03499984741211,26.454999923706055,26.100000381469727,1131400.0,24.156585693359375
2005-04-21,26.510000228881836,25.850000381469727,26.364999771118164,25.969999313354492,1429600.0,24.036256790161133
2005-04-22,26.235000610351562,25.649999618530273,25.844999313354492,25.969999313354492,876800.0,24.036256790161133
2005-04-25,26.575000762939453,26.094999313354492,26.135000228881836,26.395000457763672,2356200.0,24.42961883544922
2005-04-26,26.6299991607666,26.045000076293945,26.424999237060547,26.399999618530273,1975000.0,24.434247970581055
2005-04-27,26.729999542236328,26.155000686645508,26.375,26.614999771118164,1677200.0,24.633224487304688
2005-04-28,28.635000228881836,27.170000076293945,28.0,27.700000762939453,6967200.0,25.637441635131836
2005-04-29,28.44499969482422,27.7549991607666,27.825000762939453,28.3700008392334,3405800.0,26.257553100585938
2005-05-02,28.850000381469727,28.329999923706055,28.46500015258789,28.549999237060547,1830000.0,26.42415428161621
2005-05-03,29.0,28.3700008392334,28.700000762939453,28.610000610351562,2409000.0,26.479690551757812
2005-05-04,29.19499969482422,28.825000762939453,28.825000762939453,29.075000762939453,2566600.0,26.910062789916992
2005-05-05,29.145000457763672,28.729999542236328,29.145000457763672,28.959999084472656,974800.0,26.803625106811523
2005-05-06,29.21500015258789,28.915000915527344,29.084999084472656,29.100000381469727,991000.0,26.933195114135742
2005-05-09,29.575000762939453,28.885000228881836,29.094999313354492,29.514999389648438,2964000.0,27.317289352416992
2005-05-10,29.56999969482422,29.219999313354492,29.399999618530273,29.549999237060547,1371600.0,27.349695205688477
2005-05-11,29.770000457763672,29.434999465942383,29.56999969482422,29.56999969482422,1679200.0,27.368196487426758
2005-05-12,29.8700008392334,29.264999389648438,29.649999618530273,29.55500030517578,1571000.0,27.354324340820312
2005-05-13,29.545000076293945,28.485000610351562,29.545000076293945,28.8799991607666,1820800.0,26.72957420349121
2005-05-16,29.56999969482422,28.93000030517578,28.950000762939453,29.56999969482422,1507000.0,27.368196487426758
2005-05-17,29.989999771118164,29.155000686645508,29.56999969482422,29.885000228881836,1394400.0,27.659748077392578
2005-05-18,30.0,29.510000228881836,29.934999465942383,29.690000534057617,1993000.0,27.479265213012695
2005-05-19,29.854999542236328,29.55500030517578,29.764999389648438,29.6200008392334,1343400.0,27.414478302001953
2005-05-20,29.78499984741211,29.459999084472656,29.635000228881836,29.75,1609200.0,27.534799575805664
2005-05-23,29.905000686645508,29.489999771118164,29.78499984741211,29.899999618530273,1279800.0,27.673633575439453
2005-05-24,29.924999237060547,29.549999237060547,29.75,29.59000015258789,1252800.0,27.386709213256836
2005-05-25,29.614999771118164,28.96500015258789,29.614999771118164,29.075000762939453,1577600.0,26.910062789916992
2005-05-26,29.46500015258789,29.05500030517578,29.174999237060547,29.174999237060547,1067200.0,27.002607345581055
2005-05-27,29.28499984741211,28.735000610351562,29.155000686645508,29.21500015258789,1163800.0,27.076763153076172
2005-05-31,29.415000915527344,29.19499969482422,29.19499969482422,29.21500015258789,1005200.0,27.076763153076172
2005-06-01,29.280000686645508,28.950000762939453,29.219999313354492,29.280000686645508,1909600.0,27.136995315551758
2005-06-02,29.719999313354492,29.1299991607666,29.280000686645508,29.614999771118164,853400.0,27.44748306274414
2005-06-03,30.28499984741211,29.780000686645508,29.795000076293945,30.125,1814400.0,27.92015838623047
2005-06-06,30.575000762939453,29.954999923706055,30.15999984741211,30.489999771118164,1376000.0,28.258438110351562
2005-06-07,30.524999618530273,30.30500030517578,30.489999771118164,30.399999618530273,1717800.0,28.175024032592773
2005-06-08,30.655000686645508,30.405000686645508,30.489999771118164,30.56999969482422,953800.0,28.33258819580078
2005-06-09,30.924999237060547,30.459999084472656,30.575000762939453,30.829999923706055,1510200.0,28.573556900024414
2005-06-10,31.299999237060547,30.799999237060547,30.860000610351562,31.25,1800000.0,28.96281623840332
2005-06-13,31.579999923706055,31.25,31.2549991607666,31.56999969482422,1286200.0,29.259389877319336
2005-06-14,31.8700008392334,31.399999618530273,31.5,31.600000381469727,1016200.0,29.287199020385742
2005-06-15,31.549999237060547,30.895000457763672,31.274999618530273,31.399999618530273,2337000.0,29.101835250854492
2005-06-16,31.524999618530273,30.96500015258789,31.450000762939453,31.459999084472656,1627600.0,29.157438278198242
2005-06-17,31.299999237060547,30.649999618530273,31.25,30.690000534057617,2785000.0,28.443796157836914
2005-06-20,30.864999771118164,30.415000915527344,30.674999237060547,30.700000762939453,1697400.0,28.45306968688965
2005-06-21,30.924999237060547,30.625,30.780000686645508,30.7450008392334,1216000.0,28.494770050048828
2005-06-22,31.045000076293945,30.635000228881836,31.0,30.684999465942383,1665800.0,28.43915367126465
2005-06-23,31.024999618530273,30.6200008392334,30.68000030517578,30.799999237060547,1618400.0,28.545751571655273
2005-06-24,31.155000686645508,30.665000915527344,30.770000457763672,30.665000915527344,828400.0,28.420635223388672
2005-06-27,30.875,30.450000762939453,30.614999771118164,30.635000228881836,705400.0,28.392826080322266
2005-06-28,31.190000534057617,30.584999084472656,30.594999313354492,31.135000228881836,848200.0,28.85623550415039
2005-06-29,31.520000457763672,31.149999618530273,31.174999237060547,31.459999084472656,1208800.0,29.157438278198242
2005-06-30,31.56999969482422,31.09000015258789,31.530000686645508,31.09000015258789,1003400.0,28.814525604248047
2005-07-01,31.094999313354492,30.46500015258789,31.09000015258789,30.690000534057617,1190400.0,28.443796157836914
2005-07-05,31.094999313354492,30.75,30.75,31.020000457763672,662600.0,28.749652862548828
2005-07-06,30.950000762939453,30.075000762939453,30.950000762939453,30.389999389648438,1718800.0,28.16575050354004
2005-07-07,30.485000610351562,30.0,30.15999984741211,30.344999313354492,729800.0,28.124052047729492
2005-07-08,30.15999984741211,29.850000381469727,30.075000762939453,29.975000381469727,1987000.0,27.781129837036133
2005-07-11,30.049999237060547,29.770000457763672,29.975000381469727,30.049999237060547,1243800.0,27.85064125061035
2005-07-12,30.045000076293945,29.56999969482422,30.045000076293945,29.825000762939453,1554000.0,27.64211082458496
2005-07-13,29.825000762939453,28.625,29.825000762939453,28.700000762939453,5622200.0,26.599445343017578
2005-07-14,28.739999771118164,28.360000610351562,28.604999542236328,28.559999465942383,2318800.0,26.469690322875977
2005-07-15,29.229999542236328,28.565000534057617,28.565000534057617,28.920000076293945,891800.0,26.80335235595703
2005-07-18,29.1299991607666,28.6200008392334,28.920000076293945,28.905000686645508,1032600.0,26.789443969726562
2005-07-19,29.020000457763672,28.6200008392334,28.979999542236328,28.7450008392334,805800.0,26.64115333557129
2005-07-20,28.889999389648438,28.584999084472656,28.7450008392334,28.78499984741211,685800.0,26.67822265625
2005-07-21,28.78499984741211,27.895000457763672,28.78499984741211,28.204999923706055,1609400.0,26.140674591064453
2005-07-22,28.604999542236328,28.1299991607666,28.204999923706055,28.594999313354492,840800.0,26.50213050842285
2005-07-25,29.43000030517578,28.5,29.2450008392334,28.530000686645508,2306800.0,26.441884994506836
2005-07-26,28.950000762939453,28.44499969482422,28.44499969482422,28.860000610351562,1430000.0,26.747737884521484
2005-07-27,29.010000228881836,28.69499969482422,28.8700008392334,28.93000030517578,1397200.0,26.812612533569336
2005-07-28,26.915000915527344,25.44499969482422,25.524999618530273,26.510000228881836,12428800.0,24.569738388061523
2005-07-29,26.579999923706055,25.864999771118164,26.4950008392334,26.020000457763672,2542400.0,24.1155948638916
2005-08-01,26.1200008392334,25.625,25.905000686645508,26.059999465942383,1993800.0,24.15266990661621
2005-08-02,26.25,25.735000610351562,26.059999465942383,26.200000762939453,1788000.0,24.282426834106445
2005-08-03,26.114999771118164,25.809999465942383,26.024999618530273,26.094999313354492,1379000.0,24.185115814208984
2005-08-04,26.5,25.959999084472656,26.030000686645508,26.389999389648438,1799200.0,24.458513259887695
2005-08-05,26.635000228881836,26.375,26.389999389648438,26.510000228881836,1910200.0,24.569738388061523
2005-08-08,26.690000534057617,26.510000228881836,26.510000228881836,26.549999237060547,939400.0,24.606807708740234
2005-08-09,26.735000610351562,26.5049991607666,26.549999237060547,26.55500030517578,1055200.0,24.61144256591797
2005-08-10,26.565000534057617,26.2549991607666,26.55500030517578,26.450000762939453,2929000.0,24.51412582397461
2005-08-11,26.5,26.295000076293945,26.44499969482422,26.399999618530273,1811800.0,24.467790603637695
2005-08-12,26.325000762939453,26.024999618530273,26.309999465942383,26.25,1351400.0,24.328760147094727
2005-08-15,26.469999313354492,25.924999237060547,26.19499969482422,26.450000762939453,1157400.0,24.51412582397461
2005-08-16,27.31999969482422,26.649999618530273,26.649999618530273,27.110000610351562,1843000.0,25.12582015991211
2005-08-17,27.2549991607666,27.020000457763672,27.15999984741211,27.174999237060547,1172200.0,25.186054229736328
2005-08-18,27.03499984741211,26.549999237060547,26.975000381469727,26.799999237060547,1539800.0,24.838512420654297
2005-08-19,26.829999923706055,26.55500030517578,26.770000457763672,26.665000915527344,489800.0,24.71338653564453
2005-08-22,26.600000381469727,26.235000610351562,26.594999313354492,26.274999618530273,877200.0,24.351930618286133
2005-08-23,26.454999923706055,26.165000915527344,26.165000915527344,26.385000228881836,613800.0,24.45388412475586
2005-08-24,26.68000030517578,26.274999618530273,26.299999237060547,26.55500030517578,744600.0,24.61144256591797
2005-08-25,26.735000610351562,26.399999618530273,26.450000762939453,26.700000762939453,747800.0,24.74583625793457
2005-08-26,26.770000457763672,26.360000610351562,26.625,26.5,938000.0,24.560468673706055
2005-08-29,26.329999923706055,25.895000457763672,26.200000762939453,26.270000457763672,1555000.0,24.34729766845703
2005-08-30,26.549999237060547,26.020000457763672,26.270000457763672,26.125,1307400.0,24.24983024597168
2005-08-31,25.68000030517578,24.899999618530273,25.424999237060547,25.55500030517578,3208400.0,23.72075080871582
2005-09-01,25.6200008392334,25.040000915527344,25.6200008392334,25.165000915527344,1606400.0,23.35874366760254
2005-09-02,25.25,24.875,25.094999313354492,25.170000076293945,1853400.0,23.363386154174805
2005-09-06,25.375,25.139999389648438,25.375,25.299999237060547,1160600.0,23.48405647277832
2005-09-07,25.3799991607666,25.075000762939453,25.25,25.309999465942383,1030800.0,23.493331909179688
2005-09-08,25.239999771118164,24.799999237060547,25.235000610351562,25.024999618530273,1601200.0,23.228784561157227
2005-09-09,25.264999389648438,24.75,25.059999465942383,24.844999313354492,2576000.0,23.061704635620117
2005-09-12,24.875,24.604999542236328,24.844999313354492,24.760000228881836,1627400.0,22.982812881469727
2005-09-13,24.700000762939453,24.295000076293945,24.700000762939453,24.530000686645508,1582400.0,22.76932144165039
2005-09-14,24.604999542236328,24.329999923706055,24.600000381469727,24.4950008392334,737800.0,22.736835479736328
2005-09-15,25.040000915527344,24.44499969482422,24.44499969482422,24.69499969482422,1113400.0,22.9224853515625
2005-09-16,24.799999237060547,24.334999084472656,24.674999237060547,24.549999237060547,1153000.0,22.78788185119629
2005-09-19,24.59000015258789,24.389999389648438,24.55500030517578,24.53499984741211,862000.0,22.77396011352539
2005-09-20,24.614999771118164,23.84000015258789,24.53499984741211,24.084999084472656,1472000.0,22.35625457763672
2005-09-21,24.03499984741211,23.524999618530273,24.03499984741211,23.68000030517578,1614800.0,21.98033332824707
2005-09-22,23.760000228881836,23.190000534057617,23.649999618530273,23.719999313354492,1230400.0,22.017467498779297
2005-09-23,24.264999389648438,23.7450008392334,23.7450008392334,24.18000030517578,1255400.0,22.444438934326172
2005-09-26,24.209999084472656,23.895000457763672,24.18000030517578,23.915000915527344,712800.0,22.198469161987305
2005-09-27,24.174999237060547,23.84000015258789,23.920000076293945,23.899999618530273,993400.0,22.184539794921875
2005-09-28,24.145000457763672,23.68000030517578,23.895000457763672,24.05500030517578,829600.0,22.328420639038086
2005-09-29,23.934999465942383,23.610000610351562,23.93000030517578,23.700000762939453,1195400.0,21.9988956451416
2005-09-30,24.014999389648438,23.649999618530273,23.704999923706055,23.815000534057617,1060200.0,22.10564422607422
2005-10-03,23.834999084472656,23.46500015258789,23.815000534057617,23.625,981800.0,21.929279327392578
2005-10-04,23.700000762939453,23.290000915527344,23.645000457763672,23.295000076293945,1344400.0,21.622966766357422
2005-10-05,23.350000381469727,22.825000762939453,23.329999923706055,22.844999313354492,1947800.0,21.20526885986328
2005-10-06,23.049999237060547,22.635000228881836,22.850000381469727,22.770000457763672,2111200.0,21.135644912719727
2005-10-07,23.145000457763672,22.7549991607666,22.795000076293945,23.09000015258789,1252600.0,21.43267822265625
2005-10-10,24.3799991607666,23.25,23.5,23.44499969482422,3165400.0,21.762195587158203
2005-10-11,24.295000076293945,23.579999923706055,23.625,24.270000457763672,3794600.0,22.527982711791992
2005-10-12,24.600000381469727,23.739999771118164,24.225000381469727,23.834999084472656,2588800.0,22.124204635620117
2005-10-13,24.030000686645508,23.614999771118164,23.844999313354492,23.670000076293945,2559800.0,21.971050262451172
2005-10-14,24.155000686645508,23.75,23.80500030517578,24.010000228881836,1367200.0,22.286645889282227
2005-10-17,24.28499984741211,23.774999618530273,24.06999969482422,24.225000381469727,728000.0,22.486209869384766
2005-10-18,24.5,24.09000015258789,24.274999618530273,24.325000762939453,661600.0,22.57903480529785
2005-10-19,24.3700008392334,24.045000076293945,24.239999771118164,24.34000015258789,596600.0,22.592960357666016
2005-10-20,24.325000762939453,23.940000534057617,24.260000228881836,24.075000762939453,625600.0,22.346967697143555
2005-10-21,24.399999618530273,24.010000228881836,24.104999542236328,24.34000015258789,1185000.0,22.592960357666016
2005-10-24,24.540000915527344,23.6299991607666,24.364999771118164,24.110000610351562,1778200.0,22.37946319580078
2005-10-25,24.06999969482422,23.235000610351562,24.06999969482422,23.549999237060547,1737000.0,21.859657287597656
2005-10-26,23.545000076293945,22.739999771118164,23.524999618530273,22.799999237060547,2137200.0,21.16349220275879
2005-10-27,23.010000228881836,22.53499984741211,22.809999465942383,22.770000457763672,2103400.0,21.135644912719727
2005-10-28,23.530000686645508,22.25,22.25,22.975000381469727,3197800.0,21.3259334564209
2005-10-31,23.700000762939453,23.010000228881836,23.049999237060547,23.56999969482422,2017800.0,21.87822914123535
2005-11-01,23.760000228881836,23.399999618530273,23.520000457763672,23.53499984741211,1760800.0,21.84573745727539
2005-11-02,23.68000030517578,23.31999969482422,23.475000381469727,23.475000381469727,1459000.0,21.790050506591797
2005-11-03,23.5,23.145000457763672,23.479999542236328,23.350000381469727,1416400.0,21.67401885986328
2005-11-04,23.5,22.825000762939453,23.350000381469727,22.979999542236328,1552000.0,21.3305721282959
2005-11-07,23.260000228881836,22.8700008392334,22.8700008392334,23.19499969482422,1877200.0,21.530147552490234
2005-11-08,23.360000610351562,23.1299991607666,23.25,23.21500015258789,1512400.0,21.548704147338867
2005-11-09,23.315000534057617,22.954999923706055,23.25,23.15999984741211,1483600.0,21.497661590576172
2005-11-10,23.469999313354492,23.135000228881836,23.19499969482422,23.424999237060547,709600.0,21.74363899230957
2005-11-11,23.899999618530273,23.299999237060547,23.399999618530273,23.899999618530273,1308600.0,22.184539794921875
2005-11-14,24.100000381469727,23.795000076293945,23.899999618530273,24.079999923706055,1386400.0,22.351606369018555
2005-11-15,24.954999923706055,24.024999618530273,24.06999969482422,24.639999389648438,2418800.0,22.871427536010742
2005-11-16,24.75,24.2450008392334,24.739999771118164,24.334999084472656,709600.0,22.588315963745117
2005-11-17,24.510000228881836,24.2549991607666,24.34000015258789,24.3700008392334,711600.0,22.620813369750977
2005-11-18,24.43000030517578,24.100000381469727,24.424999237060547,24.3700008392334,763600.0,22.620813369750977
2005-11-21,24.489999771118164,24.165000915527344,24.399999618530273,24.344999313354492,525400.0,22.59760284423828
2005-11-22,24.399999618530273,24.15999984741211,24.344999313354492,24.25,582800.0,22.509416580200195
2005-11-23,24.360000610351562,24.094999313354492,24.25,24.25,902400.0,22.509416580200195
2005-11-25,24.25,24.139999389648438,24.25,24.2450008392334,264400.0,22.50477409362793
2005-11-28,24.25,24.024999618530273,24.2450008392334,24.03499984741211,933800.0,22.30984878540039
2005-11-29,24.174999237060547,23.915000915527344,24.049999237060547,23.915000915527344,1166800.0,22.235471725463867
2005-11-30,24.104999542236328,23.799999237060547,23.975000381469727,23.959999084472656,1747600.0,22.277311325073242
2005-12-01,24.145000457763672,23.93000030517578,23.9950008392334,24.0,1571400.0,22.314498901367188
2005-12-02,24.225000381469727,24.0049991607666,24.024999618530273,24.09000015258789,985000.0,22.39818000793457
2005-12-05,24.565000534057617,24.020000457763672,24.09000015258789,24.540000915527344,2173400.0,22.81656837463379
2005-12-06,24.8799991607666,24.565000534057617,24.56999969482422,24.75,2049200.0,23.011821746826172
2005-12-07,24.854999542236328,24.53499984741211,24.735000610351562,24.690000534057617,1405200.0,22.956037521362305
2005-12-08,24.809999465942383,24.5,24.53499984741211,24.674999237060547,706000.0,22.942096710205078
2005-12-09,24.809999465942383,24.575000762939453,24.674999237060547,24.764999389648438,837600.0,23.02577781677246
2005-12-12,24.8700008392334,24.665000915527344,24.864999771118164,24.834999084472656,716600.0,23.090856552124023
2005-12-13,25.110000610351562,24.645000457763672,24.795000076293945,24.774999618530273,660000.0,23.035066604614258
2005-12-14,24.780000686645508,24.299999237060547,24.780000686645508,24.514999389648438,678400.0,22.793333053588867
2005-12-15,24.575000762939453,24.19499969482422,24.5,24.219999313354492,555200.0,22.51905632019043
2005-12-16,24.25,23.899999618530273,24.125,23.924999237060547,925800.0,22.244762420654297
2005-12-19,23.94499969482422,23.5,23.860000610351562,23.760000228881836,997600.0,22.091352462768555
2005-12-20,24.145000457763672,23.670000076293945,23.885000228881836,23.725000381469727,636000.0,22.058813095092773
2005-12-21,23.975000381469727,23.700000762939453,23.735000610351562,23.739999771118164,878600.0,22.07275390625
2005-12-22,23.975000381469727,23.780000686645508,23.84000015258789,23.790000915527344,623600.0,22.11924934387207
2005-12-23,23.895000457763672,23.700000762939453,23.795000076293945,23.825000762939453,578200.0,22.151792526245117
2005-12-27,24.079999923706055,23.600000381469727,23.850000381469727,23.704999923706055,726600.0,22.040220260620117
2005-12-28,23.8799991607666,23.395000457763672,23.709999084472656,23.440000534057617,834800.0,21.793821334838867
2005-12-29,23.625,23.475000381469727,23.489999771118164,23.524999618530273,431200.0,21.872861862182617
2005-12-30,23.475000381469727,23.325000762939453,23.475000381469727,23.3700008392334,514000.0,21.728748321533203
2006-01-03,23.454999923706055,23.094999313354492,23.375,23.450000762939453,1183200.0,21.803112030029297
2006-01-04,23.725000381469727,23.21500015258789,23.450000762939453,23.524999618530273,1324200.0,21.872861862182617
2006-01-05,23.614999771118164,23.350000381469727,23.524999618530273,23.56999969482422,1180600.0,21.914697647094727
2006-01-06,23.770000457763672,23.524999618530273,23.625,23.65999984741211,606000.0,21.99838638305664
2006-01-09,23.770000457763672,23.524999618530273,23.65999984741211,23.579999923706055,739200.0,21.92399024963379
2006-01-10,23.440000534057617,22.53499984741211,23.434999465942383,22.665000915527344,3326400.0,21.07325553894043
2006-01-11,22.875,22.610000610351562,22.665000915527344,22.78499984741211,1339600.0,21.184831619262695
2006-01-12,23.065000534057617,22.549999237060547,22.704999923706055,22.635000228881836,1228400.0,21.045364379882812
2006-01-13,24.020000457763672,22.979999542236328,24.0,23.299999237060547,1480800.0,21.663652420043945
2006-01-17,23.434999465942383,22.985000610351562,23.309999465942383,23.385000228881836,990000.0,21.742692947387695
2006-01-18,23.645000457763672,23.204999923706055,23.385000228881836,23.21500015258789,1122600.0,21.584623336791992
2006-01-19,23.325000762939453,22.959999084472656,23.25,23.139999389648438,894000.0,21.514888763427734
2006-01-20,23.219999313354492,22.850000381469727,23.0049991607666,23.0,1621400.0,21.38472557067871
2006-01-23,23.600000381469727,23.09000015258789,23.5,23.264999389648438,1629000.0,21.631113052368164
2006-01-24,23.55500030517578,23.219999313354492,23.389999389648438,23.475000381469727,1000200.0,21.826372146606445
2006-01-25,23.639999389648438,23.010000228881836,23.635000228881836,23.075000762939453,2490600.0,21.4544620513916
2006-01-26,23.545000076293945,23.125,23.125,23.440000534057617,1197400.0,21.793821334838867
2006-01-27,24.274999618530273,23.479999542236328,23.565000534057617,24.020000457763672,1581800.0,22.333093643188477
2006-01-30,24.049999237060547,23.75,24.0,23.799999237060547,849600.0,22.128538131713867
2006-01-31,24.264999389648438,23.149999618530273,23.174999237060547,23.7549991607666,5789000.0,22.08670425415039
2006-02-01,24.934999465942383,24.03499984741211,24.190000534057617,24.844999313354492,3294600.0,23.100149154663086
2006-02-02,24.959999084472656,24.625,24.649999618530273,24.75,2821000.0,23.011821746826172
2006-02-03,24.75,24.325000762939453,24.75,24.334999084472656,1752600.0,22.6259708404541
2006-02-06,24.93000030517578,24.094999313354492,24.364999771118164,24.850000381469727,2051800.0,23.10480308532715
2006-02-07,25.19499969482422,24.764999389648438,24.799999237060547,24.8799991607666,1295000.0,23.1326961517334
2006-02-08,25.024999618530273,24.649999618530273,24.885000228881836,24.94499969482422,1590400.0,23.19313621520996
2006-02-09,25.100000381469727,24.78499984741211,24.93000030517578,24.834999084472656,1048200.0,23.090856552124023
2006-02-10,24.84000015258789,24.399999618530273,24.834999084472656,24.770000457763672,1421600.0,23.030426025390625
2006-02-13,24.799999237060547,24.46500015258789,24.799999237060547,24.674999237060547,1171400.0,22.942096710205078
2006-02-14,24.780000686645508,24.524999618530273,24.604999542236328,24.704999923706055,1053800.0,22.96999168395996
2006-02-15,25.469999313354492,24.75,24.774999618530273,25.469999313354492,1517000.0,23.681262969970703
2006-02-16,25.674999237060547,25.350000381469727,25.46500015258789,25.579999923706055,1409200.0,23.783538818359375
2006-02-17,25.709999084472656,25.454999923706055,25.614999771118164,25.59000015258789,880400.0,23.792835235595703
2006-02-21,25.65999984741211,25.274999618530273,25.594999313354492,25.520000457763672,903400.0,23.727745056152344
2006-02-22,25.684999465942383,25.2549991607666,25.520000457763672,25.399999618530273,878000.0,23.616180419921875
2006-02-23,25.489999771118164,25.014999389648438,25.360000610351562,25.459999084472656,880400.0,23.671960830688477
2006-02-24,25.450000762939453,25.06999969482422,25.450000762939453,25.375,911400.0,23.592933654785156
2006-02-27,25.65999984741211,25.299999237060547,25.375,25.655000686645508,1018800.0,23.89092254638672
2006-02-28,25.829999923706055,24.940000534057617,25.655000686645508,25.114999771118164,1713200.0,23.388065338134766
2006-03-01,25.46500015258789,25.075000762939453,25.094999313354492,25.274999618530273,1078000.0,23.537050247192383
2006-03-02,25.270000457763672,25.0,25.174999237060547,25.15999984741211,754200.0,23.429967880249023
2006-03-03,25.3700008392334,24.864999771118164,25.135000228881836,25.020000457763672,764400.0,23.299591064453125
2006-03-06,25.040000915527344,24.80500030517578,25.010000228881836,24.959999084472656,906400.0,23.24371337890625
2006-03-07,24.924999237060547,24.53499984741211,24.774999618530273,24.639999389648438,1045400.0,22.945722579956055
2006-03-08,25.114999771118164,24.520000457763672,24.68000030517578,25.0049991607666,695200.0,23.28561782836914
2006-03-09,25.020000457763672,24.28499984741211,25.0049991607666,24.3700008392334,1301200.0,22.694292068481445
2006-03-10,24.729999542236328,24.290000915527344,24.415000915527344,24.55500030517578,657000.0,22.86656951904297
2006-03-13,24.799999237060547,24.469999313354492,24.6200008392334,24.565000534057617,798600.0,22.875873565673828
2006-03-14,24.719999313354492,24.454999923706055,24.600000381469727,24.645000457763672,566600.0,22.950387954711914
2006-03-15,24.780000686645508,24.024999618530273,24.655000686645508,24.024999618530273,3512200.0,22.373016357421875
2006-03-16,24.610000610351562,23.94499969482422,24.049999237060547,24.295000076293945,1015800.0,22.624446868896484
2006-03-17,24.415000915527344,24.094999313354492,24.295000076293945,24.290000915527344,699600.0,22.619792938232422
2006-03-20,24.594999313354492,24.25,24.290000915527344,24.34000015258789,966000.0,22.666358947753906
2006-03-21,24.53499984741211,24.170000076293945,24.360000610351562,24.260000228881836,862400.0,22.59185028076172
2006-03-22,24.7450008392334,24.264999389648438,24.264999389648438,24.65999984741211,1034800.0,22.96434211730957
2006-03-23,24.704999923706055,24.440000534057617,24.65999984741211,24.559999465942383,1413600.0,22.871225357055664
2006-03-24,24.989999771118164,24.6200008392334,24.6200008392334,24.93000030517578,1170000.0,23.215778350830078
2006-03-27,25.040000915527344,24.854999542236328,24.985000610351562,24.975000381469727,601400.0,23.2576847076416
2006-03-28,25.030000686645508,24.709999084472656,24.899999618530273,24.729999542236328,926400.0,23.029529571533203
2006-03-29,25.15999984741211,24.670000076293945,24.670000076293945,25.125,1185800.0,23.397375106811523
2006-03-30,25.760000228881836,24.93000030517578,25.049999237060547,25.514999389648438,2636200.0,23.76055335998535
2006-03-31,25.594999313354492,25.299999237060547,25.55500030517578,25.395000457763672,1343200.0,23.648807525634766
2006-04-03,25.604999542236328,25.075000762939453,25.329999923706055,25.174999237060547,1458600.0,23.443939208984375
2006-04-04,25.219999313354492,24.860000610351562,25.149999618530273,25.0,989200.0,23.28097152709961
2006-04-05,25.09000015258789,24.850000381469727,24.9950008392334,24.985000610351562,617000.0,23.267000198364258
2006-04-06,25.25,24.69499969482422,24.950000762939453,24.80500030517578,493000.0,23.099380493164062
2006-04-07,25.225000381469727,24.579999923706055,24.905000686645508,24.59000015258789,1085600.0,22.899168014526367
2006-04-10,24.6299991607666,24.165000915527344,24.600000381469727,24.364999771118164,1335400.0,22.68963623046875
2006-04-11,24.545000076293945,24.139999389648438,24.5,24.25,887800.0,22.582538604736328
2006-04-12,24.600000381469727,24.274999618530273,24.274999618530273,24.600000381469727,646200.0,22.90847396850586
2006-04-13,24.760000228881836,24.4950008392334,24.6299991607666,24.545000076293945,771800.0,22.857248306274414
2006-04-17,24.489999771118164,24.145000457763672,24.420000076293945,24.354999542236328,664000.0,22.680322647094727
2006-04-18,24.625,24.200000762939453,24.360000610351562,24.5,966800.0,22.81534767150879
2006-04-19,24.604999542236328,24.364999771118164,24.530000686645508,24.56999969482422,892000.0,22.88053321838379
2006-04-20,24.75,24.420000076293945,24.540000915527344,24.625,871800.0,22.9317569732666
2006-04-21,24.725000381469727,24.389999389648438,24.655000686645508,24.559999465942383,476200.0,22.871225357055664
2006-04-24,25.5,25.149999618530273,25.4950008392334,25.364999771118164,2312400.0,23.62087059020996
2006-04-25,25.53499984741211,25.084999084472656,25.34000015258789,25.2450008392334,1018600.0,23.50912094116211
2006-04-26,25.44499969482422,25.075000762939453,25.295000076293945,25.309999465942383,738400.0,23.569652557373047
2006-04-27,25.424999237060547,24.864999771118164,25.100000381469727,25.290000915527344,1337000.0,23.5510311126709
2006-04-28,25.549999237060547,25.19499969482422,25.375,25.395000457763672,1562800.0,23.648807525634766
2006-05-01,25.649999618530273,25.18000030517578,25.475000381469727,25.21500015258789,1554600.0,23.481182098388672
2006-05-02,25.780000686645508,25.290000915527344,25.405000686645508,25.43000030517578,1552000.0,23.681396484375
2006-05-03,25.4950008392334,25.135000228881836,25.3799991607666,25.165000915527344,1133400.0,23.434627532958984
2006-05-04,25.8799991607666,25.209999084472656,25.209999084472656,25.549999237060547,1814200.0,23.79315757751465
2006-05-05,25.94499969482422,25.450000762939453,25.575000762939453,25.844999313354492,968800.0,24.0678653717041
2006-05-08,26.045000076293945,25.78499984741211,25.795000076293945,25.93000030517578,751400.0,24.14702033996582
2006-05-09,26.03499984741211,25.770000457763672,25.889999389648438,25.954999923706055,1084600.0,24.170297622680664
2006-05-10,26.264999389648438,25.920000076293945,25.93000030517578,26.079999923706055,1067600.0,24.28670883178711
2006-05-11,26.235000610351562,25.899999618530273,26.049999237060547,26.059999465942383,892800.0,24.268077850341797
2006-05-12,26.25,25.80500030517578,25.975000381469727,26.049999237060547,759600.0,24.258773803710938
2006-05-15,26.350000381469727,25.94499969482422,25.950000762939453,26.28499984741211,887000.0,24.477602005004883
2006-05-16,26.354999542236328,26.1299991607666,26.239999771118164,26.200000762939453,940400.0,24.398456573486328
2006-05-17,26.325000762939453,26.040000915527344,26.075000762939453,26.200000762939453,1059400.0,24.398456573486328
2006-05-18,26.434999465942383,26.084999084472656,26.2549991607666,26.30500030517578,787200.0,24.496234893798828
2006-05-19,26.325000762939453,26.030000686645508,26.325000762939453,26.184999465942383,1061000.0,24.38448715209961
2006-05-22,26.485000610351562,25.94499969482422,26.094999313354492,26.424999237060547,1240400.0,24.60798454284668
2006-05-23,26.440000534057617,25.725000381469727,26.399999618530273,25.760000228881836,824200.0,23.98871421813965
2006-05-24,25.809999465942383,25.239999771118164,25.670000076293945,25.764999389648438,1730800.0,23.993364334106445
2006-05-25,25.860000610351562,25.530000686645508,25.7450008392334,25.579999923706055,828400.0,23.821086883544922
2006-05-26,25.729999542236328,25.459999084472656,25.6200008392334,25.56999969482422,683200.0,23.811769485473633
2006-05-30,25.635000228881836,25.299999237060547,25.459999084472656,25.34000015258789,1271000.0,23.634553909301758
2006-05-31,25.584999084472656,25.200000762939453,25.46500015258789,25.3799991607666,1690800.0,23.671863555908203
2006-06-01,25.80500030517578,25.389999389648438,25.389999389648438,25.75,938000.0,24.016971588134766
2006-06-02,25.924999237060547,25.6299991607666,25.7450008392334,25.829999923706055,1142000.0,24.09157943725586
2006-06-05,25.829999923706055,25.469999313354492,25.829999923706055,25.514999389648438,743800.0,23.79778289794922
2006-06-06,25.600000381469727,25.350000381469727,25.514999389648438,25.44499969482422,957000.0,23.73249626159668
2006-06-07,25.770000457763672,25.415000915527344,25.44499969482422,25.579999923706055,761000.0,23.85841178894043
2006-06-08,25.780000686645508,25.3700008392334,25.479999542236328,25.600000381469727,818400.0,23.877065658569336
2006-06-09,25.625,25.299999237060547,25.56999969482422,25.299999237060547,635000.0,23.59724998474121
2006-06-12,25.375,25.030000686645508,25.299999237060547,25.174999237060547,755800.0,23.480674743652344
2006-06-13,25.225000381469727,24.760000228881836,25.125,24.844999313354492,1088400.0,23.172868728637695
2006-06-14,24.799999237060547,24.415000915527344,24.799999237060547,24.725000381469727,1102800.0,23.06095314025879
2006-06-15,24.864999771118164,24.5,24.739999771118164,24.81999969482422,986800.0,23.149564743041992
2006-06-16,25.094999313354492,24.655000686645508,24.915000915527344,24.729999542236328,1032400.0,23.065614700317383
2006-06-19,24.75,24.565000534057617,24.68000030517578,24.655000686645508,1554800.0,22.995664596557617
2006-06-20,24.700000762939453,24.549999237060547,24.579999923706055,24.665000915527344,1230800.0,23.00498390197754
2006-06-21,24.725000381469727,24.549999237060547,24.65999984741211,24.639999389648438,635400.0,22.981674194335938
2006-06-22,24.56999969482422,24.309999465942383,24.56999969482422,24.3799991607666,661400.0,22.73917007446289
2006-06-23,24.375,24.135000228881836,24.31999969482422,24.235000610351562,1683400.0,22.603931427001953
2006-06-26,24.59000015258789,24.104999542236328,24.204999923706055,24.350000381469727,1081800.0,22.71119499206543
2006-06-27,24.55500030517578,24.325000762939453,24.325000762939453,24.434999465942383,1107600.0,22.79047203063965
2006-06-28,24.489999771118164,24.03499984741211,24.434999465942383,24.325000762939453,1190600.0,22.6878662109375
2006-06-29,24.510000228881836,24.274999618530273,24.399999618530273,24.44499969482422,1064600.0,22.799795150756836
2006-06-30,25.235000610351562,24.479999542236328,24.479999542236328,25.1299991607666,2517000.0,23.43868637084961
2006-07-03,25.274999618530273,25.040000915527344,25.110000610351562,25.174999237060547,588800.0,23.480674743652344
2006-07-05,25.184999465942383,25.0049991607666,25.100000381469727,25.059999465942383,922200.0,23.373409271240234
2006-07-06,25.44499969482422,25.020000457763672,25.020000457763672,25.204999923706055,903800.0,23.508649826049805
2006-07-07,25.514999389648438,25.155000686645508,25.155000686645508,25.270000457763672,891200.0,23.56927490234375
2006-07-10,25.450000762939453,25.209999084472656,25.344999313354492,25.325000762939453,1479000.0,23.620569229125977
2006-07-11,25.655000686645508,25.274999618530273,25.299999237060547,25.549999237060547,1459800.0,23.830432891845703
2006-07-12,25.655000686645508,25.489999771118164,25.4950008392334,25.584999084472656,878800.0,23.863065719604492
2006-07-13,25.815000534057617,25.479999542236328,25.489999771118164,25.610000610351562,1127200.0,23.886390686035156
2006-07-14,25.725000381469727,25.5049991607666,25.610000610351562,25.600000381469727,1024600.0,23.877065658569336
2006-07-17,25.875,25.579999923706055,25.604999542236328,25.709999084472656,983600.0,23.979660034179688
2006-07-18,25.690000534057617,25.280000686645508,25.579999923706055,25.354999542236328,1049600.0,23.64854621887207
2006-07-19,25.899999618530273,25.5049991607666,25.860000610351562,25.610000610351562,861800.0,23.886390686035156
2006-07-20,26.610000610351562,25.530000686645508,25.579999923706055,25.94499969482422,1864000.0,24.198848724365234
2006-07-21,26.114999771118164,25.844999313354492,26.059999465942383,25.959999084472656,693200.0,24.212833404541016
2006-07-24,26.325000762939453,26.0049991607666,26.125,26.19499969482422,842200.0,24.432018280029297
2006-07-25,26.5,26.145000457763672,26.184999465942383,26.2450008392334,1098800.0,24.478647232055664
2006-07-26,26.315000534057617,26.100000381469727,26.25,26.229999542236328,835000.0,24.46466636657715
2006-07-27,26.2450008392334,25.80500030517578,26.200000762939453,25.899999618530273,863600.0,24.15687370300293
2006-07-28,28.309999465942383,26.94499969482422,27.18000030517578,28.145000457763672,5183800.0,26.250778198242188
2006-07-31,28.90999984741211,27.899999618530273,28.075000762939453,28.0,2585400.0,26.11553192138672
2006-08-01,28.549999237060547,27.975000381469727,28.0,28.524999618530273,1375400.0,26.60519790649414
2006-08-02,29.149999618530273,28.600000381469727,28.600000381469727,28.969999313354492,1835000.0,27.020252227783203
2006-08-03,28.9950008392334,28.75,28.969999313354492,28.905000686645508,971800.0,26.95962905883789
2006-08-04,29.389999389648438,29.125,29.125,29.299999237060547,993600.0,27.32804298400879
2006-08-07,29.424999237060547,28.950000762939453,29.170000076293945,29.21500015258789,815600.0,27.248762130737305
2006-08-08,29.399999618530273,29.0,29.209999084472656,29.010000228881836,588400.0,27.05756187438965
2006-08-09,29.200000762939453,28.78499984741211,29.049999237060547,28.80500030517578,707600.0,26.866355895996094
2006-08-10,29.200000762939453,28.575000762939453,28.7450008392334,29.190000534057617,657600.0,27.225444793701172
2006-08-11,29.25,28.950000762939453,29.104999542236328,29.200000762939453,987800.0,27.23477554321289
2006-08-14,29.665000915527344,29.049999237060547,29.299999237060547,29.100000381469727,1045600.0,27.141504287719727
2006-08-15,29.135000228881836,28.795000076293945,29.104999542236328,29.0,852600.0,27.048236846923828
2006-08-16,29.299999237060547,29.104999542236328,29.125,29.219999313354492,559000.0,27.253427505493164
2006-08-17,29.639999389648438,29.1299991607666,29.260000228881836,29.639999389648438,711600.0,27.645156860351562
2006-08-18,29.579999923706055,29.15999984741211,29.579999923706055,29.19499969482422,695600.0,27.230113983154297
2006-08-21,29.325000762939453,29.030000686645508,29.104999542236328,29.114999771118164,437400.0,27.155492782592773
2006-08-22,29.579999923706055,29.1200008392334,29.1200008392334,29.540000915527344,929000.0,27.551891326904297
2006-08-23,29.649999618530273,29.354999542236328,29.520000457763672,29.450000762939453,688200.0,27.46794891357422
2006-08-24,29.46500015258789,29.03499984741211,29.46500015258789,29.049999237060547,701000.0,27.094863891601562
2006-08-25,28.8700008392334,28.209999084472656,28.290000915527344,28.700000762939453,1246600.0,26.76842498779297
2006-08-28,28.600000381469727,27.979999542236328,28.25,28.184999465942383,1588200.0,26.2880859375
2006-08-29,28.65999984741211,28.149999618530273,28.190000534057617,28.600000381469727,1038800.0,26.675161361694336
2006-08-30,28.94499969482422,28.579999923706055,28.645000457763672,28.649999618530273,1127000.0,26.75921058654785
2006-08-31,28.584999084472656,28.174999237060547,28.395000457763672,28.309999465942383,786800.0,26.441661834716797
2006-09-01,28.610000610351562,28.229999542236328,28.334999084472656,28.59000015258789,513000.0,26.703174591064453
2006-09-05,29.920000076293945,29.334999084472656,29.450000762939453,29.575000762939453,2247600.0,27.623172760009766
2006-09-06,29.25,28.78499984741211,29.149999618530273,28.81999969482422,867800.0,26.917999267578125
2006-09-07,28.895000457763672,28.635000228881836,28.639999389648438,28.774999618530273,532600.0,26.875965118408203
2006-09-08,28.84000015258789,28.55500030517578,28.7450008392334,28.565000534057617,675000.0,26.679826736450195
2006-09-11,29.3799991607666,28.5049991607666,28.5049991607666,29.260000228881836,893600.0,27.328956604003906
2006-09-12,29.325000762939453,29.139999389648438,29.139999389648438,29.170000076293945,587000.0,27.24489974975586
2006-09-13,29.31999969482422,28.954999923706055,29.184999465942383,29.0,627200.0,27.086118698120117
2006-09-14,29.024999618530273,28.709999084472656,28.9950008392334,28.80500030517578,436400.0,26.90398597717285
2006-09-15,29.0,28.684999465942383,28.899999618530273,28.899999618530273,1073400.0,26.99271583557129
2006-09-18,28.979999542236328,28.815000534057617,28.875,28.850000381469727,1293600.0,26.94601821899414
2006-09-19,29.049999237060547,28.7549991607666,28.825000762939453,28.875,1026800.0,26.969371795654297
2006-09-20,29.575000762939453,29.200000762939453,29.25,29.295000076293945,2261800.0,27.361642837524414
2006-09-21,29.514999389648438,29.200000762939453,29.299999237060547,29.229999542236328,1399600.0,27.300941467285156
2006-09-22,29.209999084472656,28.969999313354492,29.125,29.145000457763672,652400.0,27.2215518951416
2006-09-25,29.46500015258789,29.1299991607666,29.174999237060547,29.325000762939453,1251800.0,27.389657974243164
2006-09-26,29.905000686645508,29.375,29.375,29.844999313354492,1347800.0,27.875356674194336
2006-09-27,30.075000762939453,29.6200008392334,29.774999618530273,29.969999313354492,1504800.0,27.99210548400879
2006-09-28,30.135000228881836,29.924999237060547,29.959999084472656,30.03499984741211,915400.0,28.052814483642578
2006-09-29,30.25,29.950000762939453,30.100000381469727,29.96500015258789,709600.0,27.98743438720703
2006-10-02,30.014999389648438,29.600000381469727,30.014999389648438,29.7549991607666,720000.0,27.791292190551758
2006-10-03,29.704999923706055,29.399999618530273,29.674999237060547,29.46500015258789,729800.0,27.520437240600586
2006-10-04,29.610000610351562,29.225000381469727,29.309999465942383,29.600000381469727,1149400.0,27.646522521972656
2006-10-05,29.899999618530273,29.524999618530273,29.600000381469727,29.889999389648438,641400.0,27.91738510131836
2006-10-06,29.920000076293945,29.28499984741211,29.889999389648438,29.28499984741211,463000.0,27.352306365966797
2006-10-09,29.219999313354492,28.809999465942383,29.21500015258789,28.829999923706055,1156600.0,26.927331924438477
2006-10-10,28.7450008392334,28.315000534057617,28.739999771118164,28.540000915527344,1310400.0,26.656476974487305
2006-10-11,28.700000762939453,28.344999313354492,28.415000915527344,28.5049991607666,969400.0,26.62378692626953
2006-10-12,29.219999313354492,28.94499969482422,29.209999084472656,29.049999237060547,2608600.0,27.132810592651367
2006-10-13,29.075000762939453,28.80500030517578,29.0,28.815000534057617,798000.0,26.913328170776367
2006-10-16,29.030000686645508,28.579999923706055,28.899999618530273,28.670000076293945,658000.0,26.77790069580078
2006-10-17,28.030000686645508,26.815000534057617,28.030000686645508,27.344999313354492,4000200.0,25.540342330932617
2006-10-18,27.80500030517578,27.364999771118164,27.364999771118164,27.40999984741211,1291400.0,25.60105323791504
2006-10-19,27.649999618530273,27.2450008392334,27.40999984741211,27.290000915527344,1439200.0,25.48897361755371
2006-10-20,27.6200008392334,26.924999237060547,27.229999542236328,27.4950008392334,1712600.0,25.68044090270996
2006-10-23,27.549999237060547,27.184999465942383,27.399999618530273,27.434999465942383,807800.0,25.624406814575195
2006-10-24,27.56999969482422,27.25,27.309999465942383,27.2549991607666,912400.0,25.456281661987305
2006-10-25,27.295000076293945,26.915000915527344,27.28499984741211,27.010000228881836,867600.0,25.227449417114258
2006-10-26,27.010000228881836,26.399999618530273,27.010000228881836,26.424999237060547,1702800.0,24.681055068969727
2006-10-27,27.604999542236328,26.610000610351562,26.799999237060547,27.15999984741211,2726200.0,25.367549896240234
2006-10-30,27.334999084472656,26.80500030517578,27.165000915527344,26.825000762939453,1300200.0,25.054658889770508
2006-10-31,26.895000457763672,26.389999389648438,26.864999771118164,26.475000381469727,884200.0,24.727760314941406
2006-11-01,26.760000228881836,26.05500030517578,26.639999389648438,26.05500030517578,1486800.0,24.335474014282227
2006-11-02,26.450000762939453,25.924999237060547,26.0,26.434999465942383,1327800.0,24.690397262573242
2006-11-03,26.674999237060547,26.260000228881836,26.530000686645508,26.30500030517578,818600.0,24.568973541259766
2006-11-06,26.764999389648438,26.280000686645508,26.3799991607666,26.6200008392334,916800.0,24.863191604614258
2006-11-07,26.979999542236328,26.604999542236328,26.6200008392334,26.725000381469727,1219600.0,24.96125602722168
2006-11-08,26.674999237060547,25.934999465942383,26.670000076293945,25.950000762939453,1774200.0,24.237411499023438
2006-11-09,26.09000015258789,25.594999313354492,25.969999313354492,25.649999618530273,1320000.0,23.95720672607422
2006-11-10,25.760000228881836,25.46500015258789,25.729999542236328,25.584999084472656,1665200.0,23.896488189697266
2006-11-13,25.795000076293945,25.55500030517578,25.639999389648438,25.6200008392334,837800.0,23.929176330566406
2006-11-14,25.704999923706055,25.4950008392334,25.635000228881836,25.635000228881836,1556600.0,23.943195343017578
2006-11-15,25.9950008392334,25.53499984741211,25.604999542236328,25.709999084472656,1492600.0,24.013242721557617
2006-11-16,26.34000015258789,25.80500030517578,25.834999084472656,26.020000457763672,1250200.0,24.302776336669922
2006-11-17,26.53499984741211,25.954999923706055,26.53499984741211,26.110000610351562,1382800.0,24.38684844970703
2006-11-20,26.190000534057617,25.719999313354492,26.190000534057617,25.770000457763672,1104000.0,24.069278717041016
2006-11-21,25.770000457763672,25.46500015258789,25.760000228881836,25.4950008392334,948400.0,23.812437057495117
2006-11-22,26.530000686645508,25.704999923706055,25.71500015258789,26.295000076293945,1389000.0,24.559635162353516
2006-11-24,26.299999237060547,26.110000610351562,26.25,26.139999389648438,380200.0,24.414867401123047
2006-11-27,26.225000381469727,26.03499984741211,26.065000534057617,26.094999313354492,975000.0,24.372846603393555
2006-11-28,26.399999618530273,25.600000381469727,25.9950008392334,26.34000015258789,1400000.0,24.601673126220703
2006-11-29,26.760000228881836,26.434999465942383,26.579999923706055,26.735000610351562,1331400.0,25.008575439453125
2006-11-30,27.7450008392334,26.719999313354492,26.735000610351562,27.604999542236328,2387600.0,25.8223934173584
2006-12-01,27.809999465942383,27.174999237060547,27.674999237060547,27.354999542236328,1304600.0,25.588544845581055
2006-12-04,27.68000030517578,27.350000381469727,27.354999542236328,27.385000228881836,1052200.0,25.616607666015625
2006-12-05,27.549999237060547,27.204999923706055,27.454999923706055,27.354999542236328,865000.0,25.588544845581055
2006-12-06,27.649999618530273,27.325000762939453,27.354999542236328,27.510000228881836,509200.0,25.73354148864746
2006-12-07,27.895000457763672,27.549999237060547,27.614999771118164,27.735000610351562,607200.0,25.944005966186523
2006-12-08,27.780000686645508,27.34000015258789,27.649999618530273,27.684999465942383,697200.0,25.897235870361328
2006-12-11,27.8700008392334,27.584999084472656,27.649999618530273,27.739999771118164,486600.0,25.948680877685547
2006-12-12,28.05500030517578,27.614999771118164,27.774999618530273,28.010000228881836,1089000.0,26.201242446899414
2006-12-13,27.799999237060547,27.045000076293945,27.5,27.190000534057617,2230200.0,25.434194564819336
2006-12-14,27.524999618530273,26.934999465942383,27.190000534057617,26.985000610351562,861600.0,25.2424373626709
2006-12-15,27.15999984741211,26.905000686645508,26.985000610351562,26.93000030517578,1064800.0,25.19098472595215
2006-12-18,27.045000076293945,26.854999542236328,26.889999389648438,27.010000228881836,510400.0,25.265819549560547
2006-12-19,27.30500030517578,26.940000534057617,26.959999084472656,27.225000381469727,572000.0,25.466943740844727
2006-12-20,27.645000457763672,27.18000030517578,27.200000762939453,27.530000686645508,613200.0,25.752239227294922
2006-12-21,27.68000030517578,27.25,27.530000686645508,27.290000915527344,296400.0,25.527740478515625
2006-12-22,27.834999084472656,27.139999389648438,27.290000915527344,27.725000381469727,660200.0,25.934654235839844
2006-12-26,27.719999313354492,27.475000381469727,27.600000381469727,27.684999465942383,365200.0,25.897235870361328
2006-12-27,27.969999313354492,27.469999313354492,27.739999771118164,27.625,327600.0,25.841102600097656
2006-12-28,27.719999313354492,27.53499984741211,27.600000381469727,27.655000686645508,392400.0,25.869173049926758
2006-12-29,27.844999313354492,27.579999923706055,27.600000381469727,27.71500015258789,393200.0,25.9252986907959
2007-01-03,28.149999618530273,27.65999984741211,28.049999237060547,27.905000686645508,1069200.0,26.103029251098633
2007-01-04,27.915000915527344,27.610000610351562,27.905000686645508,27.84000015258789,641200.0,26.04222869873047
2007-01-05,27.764999389648438,27.040000915527344,27.040000915527344,27.584999084472656,1027400.0,25.80368423461914
2007-01-08,27.739999771118164,27.459999084472656,27.584999084472656,27.600000381469727,687000.0,25.817716598510742
2007-01-09,27.690000534057617,27.46500015258789,27.625,27.584999084472656,501000.0,25.80368423461914
2007-01-10,27.889999389648438,27.260000228881836,27.5,27.799999237060547,471400.0,26.004802703857422
2007-01-11,28.2450008392334,27.844999313354492,27.924999237060547,28.204999923706055,831400.0,26.38365364074707
2007-01-12,28.274999618530273,27.934999465942383,28.25,28.084999084472656,324600.0,26.271404266357422
2007-01-16,28.364999771118164,28.09000015258789,28.25,28.184999465942383,461000.0,26.36494255065918
2007-01-17,28.375,28.030000686645508,28.299999237060547,28.1299991607666,717400.0,26.313493728637695
2007-01-18,28.104999542236328,27.885000228881836,28.104999542236328,27.94499969482422,519600.0,26.14044189453125
2007-01-19,28.565000534057617,27.885000228881836,27.920000076293945,28.459999084472656,872400.0,26.62217903137207
2007-01-22,29.149999618530273,28.739999771118164,29.075000762939453,28.899999618530273,1411200.0,27.033769607543945
2007-01-23,28.920000076293945,28.540000915527344,28.774999618530273,28.75,1184600.0,26.893455505371094
2007-01-24,29.094999313354492,28.514999389648438,28.75,29.014999389648438,913000.0,27.14134407043457
2007-01-25,28.924999237060547,28.28499984741211,28.920000076293945,28.545000076293945,986000.0,26.701696395874023
2007-01-26,28.639999389648438,28.354999542236328,28.53499984741211,28.565000534057617,802400.0,26.720409393310547
2007-01-29,28.774999618530273,28.479999542236328,28.600000381469727,28.635000228881836,271800.0,26.7858829498291
2007-01-30,28.80500030517578,28.479999542236328,28.735000610351562,28.559999465942383,502800.0,26.715728759765625
2007-01-31,29.0049991607666,28.420000076293945,28.524999618530273,28.96500015258789,955400.0,27.09457015991211
2007-02-01,29.145000457763672,28.790000915527344,29.0,29.0,811400.0,27.1273193359375
2007-02-02,29.0,28.84000015258789,29.0,28.905000686645508,346800.0,27.03844451904297
2007-02-05,30.325000762939453,29.3799991607666,29.5,29.864999771118164,2301200.0,27.93646240234375
2007-02-06,29.8700008392334,29.594999313354492,29.864999771118164,29.68000030517578,630200.0,27.763408660888672
2007-02-07,29.850000381469727,29.53499984741211,29.764999389648438,29.84000015258789,411000.0,27.913070678710938
2007-02-08,29.84000015258789,29.6299991607666,29.84000015258789,29.75,235800.0,27.828886032104492
2007-02-09,29.93000030517578,29.670000076293945,29.735000610351562,29.864999771118164,653000.0,27.93646240234375
2007-02-12,30.19499969482422,29.844999313354492,29.940000534057617,30.094999313354492,980000.0,28.151607513427734
2007-02-13,30.125,29.809999465942383,30.079999923706055,29.950000762939453,633600.0,28.01597023010254
2007-02-14,30.065000534057617,29.795000076293945,29.93000030517578,30.05500030517578,618600.0,28.114194869995117
2007-02-15,30.325000762939453,30.020000457763672,30.05500030517578,30.094999313354492,875000.0,28.151607513427734
2007-02-16,30.25,28.329999923706055,30.1200008392334,29.190000534057617,5052200.0,27.305051803588867
2007-02-20,29.485000610351562,28.65999984741211,29.0,29.299999237060547,1988200.0,27.40794563293457
2007-02-21,29.6200008392334,29.25,29.299999237060547,29.389999389648438,997400.0,27.49212646484375
2007-02-22,30.05500030517578,29.334999084472656,29.334999084472656,29.71500015258789,1225000.0,27.79615020751953
2007-02-23,29.790000915527344,29.174999237060547,29.674999237060547,29.510000228881836,688800.0,27.604385375976562
2007-02-26,29.549999237060547,29.325000762939453,29.510000228881836,29.475000381469727,630000.0,27.571640014648438
2007-02-27,29.125,28.719999313354492,29.125,28.774999618530273,1103200.0,26.95342445373535
2007-02-28,29.139999389648438,28.53499984741211,28.825000762939453,28.93000030517578,1186200.0,27.098613739013672
2007-03-01,28.8799991607666,27.674999237060547,28.8799991607666,28.325000762939453,1996600.0,26.531911849975586
2007-03-02,28.575000762939453,28.15999984741211,28.34000015258789,28.360000610351562,1248400.0,26.564697265625
2007-03-05,29.1200008392334,28.635000228881836,29.100000381469727,28.780000686645508,1630000.0,26.958101272583008
2007-03-06,29.34000015258789,28.760000228881836,28.825000762939453,29.309999465942383,1240600.0,27.454557418823242
2007-03-07,29.405000686645508,28.885000228881836,29.229999542236328,29.235000610351562,775000.0,27.38429832458496
2007-03-08,29.475000381469727,29.010000228881836,29.395000457763672,29.209999084472656,915000.0,27.360885620117188
2007-03-09,29.395000457763672,29.075000762939453,29.309999465942383,29.100000381469727,457800.0,27.257850646972656
2007-03-12,29.024999618530273,28.540000915527344,29.020000457763672,28.739999771118164,1290600.0,26.92063331604004
2007-03-13,28.625,28.15999984741211,28.520000457763672,28.19499969482422,1273600.0,26.410144805908203
2007-03-14,28.43000030517578,28.030000686645508,28.260000228881836,28.34000015258789,879800.0,26.54596519470215
2007-03-15,28.799999237060547,28.270000457763672,28.270000457763672,28.69499969482422,573800.0,26.87848663330078
2007-03-16,28.920000076293945,28.46500015258789,28.700000762939453,28.68000030517578,605000.0,26.864429473876953
2007-03-19,29.65999984741211,29.0,29.0,29.56999969482422,1528200.0,27.69809341430664
2007-03-20,29.920000076293945,29.25,29.375,29.825000762939453,991000.0,27.936948776245117
2007-03-21,29.90999984741211,29.2450008392334,29.825000762939453,29.604999542236328,986400.0,27.730880737304688
2007-03-22,29.610000610351562,29.125,29.610000610351562,29.329999923706055,1378600.0,27.47328758239746
2007-03-23,29.329999923706055,29.0,29.329999923706055,29.020000457763672,951400.0,27.182910919189453
2007-03-26,29.079999923706055,28.854999542236328,29.024999618530273,28.954999923706055,1094400.0,27.12202262878418
2007-03-27,28.829999923706055,28.479999542236328,28.829999923706055,28.545000076293945,851800.0,26.737977981567383
2007-03-28,28.594999313354492,28.270000457763672,28.5049991607666,28.34000015258789,786400.0,26.54596519470215
2007-03-29,28.78499984741211,28.100000381469727,28.454999923706055,28.739999771118164,1403600.0,26.92063331604004
2007-03-30,28.795000076293945,28.405000686645508,28.725000381469727,28.6299991607666,746400.0,26.81760025024414
2007-04-02,28.81999969482422,28.434999465942383,28.774999618530273,28.71500015258789,1031600.0,26.897220611572266
2007-04-03,28.850000381469727,28.584999084472656,28.799999237060547,28.649999618530273,533400.0,26.83633041381836
2007-04-04,28.594999313354492,28.350000381469727,28.594999313354492,28.434999465942383,682800.0,26.634937286376953
2007-04-05,29.145000457763672,28.454999923706055,28.459999084472656,28.979999542236328,904600.0,27.145450592041016
2007-04-09,29.1299991607666,28.809999465942383,29.0,28.825000762939453,1424400.0,27.00025749206543
2007-04-10,28.90999984741211,28.635000228881836,28.8700008392334,28.649999618530273,657400.0,26.83633041381836
2007-04-11,28.69499969482422,28.385000228881836,28.584999084472656,28.65999984741211,689800.0,26.845705032348633
2007-04-12,29.149999618530273,28.43000030517578,28.600000381469727,29.065000534057617,833400.0,27.225072860717773
2007-04-13,29.204999923706055,28.985000610351562,29.104999542236328,29.170000076293945,493800.0,27.32341194152832
2007-04-16,29.545000076293945,29.1299991607666,29.264999389648438,29.520000457763672,729600.0,27.65125846862793
2007-04-17,29.71500015258789,29.350000381469727,29.565000534057617,29.510000228881836,908800.0,27.641895294189453
2007-04-18,29.545000076293945,29.18000030517578,29.454999923706055,29.190000534057617,822400.0,27.342144012451172
2007-04-19,29.405000686645508,28.704999923706055,29.014999389648438,29.299999237060547,974600.0,27.445188522338867
2007-04-20,29.950000762939453,29.280000686645508,29.53499984741211,29.700000762939453,873400.0,27.819868087768555
2007-04-23,29.959999084472656,29.575000762939453,29.674999237060547,29.75,637000.0,27.866701126098633
2007-04-24,29.950000762939453,29.604999542236328,29.834999084472656,29.854999542236328,679200.0,27.96505355834961
2007-04-25,29.9950008392334,29.44499969482422,29.854999542236328,29.885000228881836,947000.0,27.9931583404541
2007-04-26,29.8700008392334,29.3799991607666,29.760000228881836,29.8700008392334,974600.0,27.979110717773438
2007-04-27,31.2450008392334,30.329999923706055,30.850000381469727,30.639999389648438,3497800.0,28.700359344482422
2007-04-30,30.75,30.204999923706055,30.645000457763672,30.360000610351562,1841600.0,28.438081741333008
2007-05-01,30.454999923706055,30.170000076293945,30.44499969482422,30.219999313354492,1068200.0,28.306941986083984
2007-05-02,30.594999313354492,30.170000076293945,30.219999313354492,30.4950008392334,1104400.0,28.564533233642578
2007-05-03,30.565000534057617,30.184999465942383,30.5,30.225000381469727,413800.0,28.31163215637207
2007-05-04,30.510000228881836,30.2450008392334,30.325000762939453,30.5,1003400.0,28.56922721862793
2007-05-07,30.934999465942383,30.5,30.524999618530273,30.59000015258789,921200.0,28.653520584106445
2007-05-08,30.329999923706055,30.040000915527344,30.260000228881836,30.295000076293945,1160200.0,28.377195358276367
2007-05-09,30.209999084472656,29.329999923706055,30.100000381469727,29.8799991607666,1798600.0,27.988468170166016
2007-05-10,30.030000686645508,29.65999984741211,29.809999465942383,29.729999542236328,580000.0,27.84796905517578
2007-05-11,29.954999923706055,29.549999237060547,29.729999542236328,29.829999923706055,509800.0,27.94163703918457
2007-05-14,29.90999984741211,29.545000076293945,29.78499984741211,29.670000076293945,540400.0,27.79176902770996
2007-05-15,29.969999313354492,29.56999969482422,29.735000610351562,29.739999771118164,340600.0,27.857336044311523
2007-05-16,30.0,29.78499984741211,29.899999618530273,29.889999389648438,416600.0,27.997831344604492
2007-05-17,29.950000762939453,29.454999923706055,29.674999237060547,29.729999542236328,1323600.0,27.84796905517578
2007-05-18,29.915000915527344,29.684999465942383,29.825000762939453,29.815000534057617,934400.0,27.92758560180664
2007-05-21,30.104999542236328,29.690000534057617,29.760000228881836,30.09000015258789,730400.0,28.185171127319336
2007-05-22,30.100000381469727,29.8700008392334,30.09000015258789,29.989999771118164,837000.0,28.091501235961914
2007-05-23,30.235000610351562,29.905000686645508,29.9950008392334,30.165000915527344,998600.0,28.255434036254883
2007-05-24,30.264999389648438,30.059999465942383,30.135000228881836,30.110000610351562,539200.0,28.20391273498535
2007-05-25,30.325000762939453,30.03499984741211,30.155000686645508,30.274999618530273,484800.0,28.358461380004883
2007-05-29,30.959999084472656,30.375,30.53499984741211,30.489999771118164,723600.0,28.559860229492188
2007-05-30,30.610000610351562,30.309999465942383,30.309999465942383,30.604999542236328,858200.0,28.705236434936523
2007-05-31,31.19499969482422,30.75,30.844999313354492,30.895000457763672,2091200.0,28.977231979370117
2007-06-01,31.375,31.010000228881836,31.059999465942383,31.309999465942383,747000.0,29.36646842956543
2007-06-04,31.700000762939453,31.3700008392334,31.700000762939453,31.5,1649400.0,29.5446720123291
2007-06-05,31.549999237060547,31.30500030517578,31.479999542236328,31.475000381469727,879800.0,29.521236419677734
2007-06-06,31.274999618530273,30.885000228881836,31.235000610351562,30.975000381469727,871600.0,29.052265167236328
2007-06-07,31.024999618530273,30.684999465942383,30.854999542236328,30.829999923706055,899600.0,28.916269302368164
2007-06-08,31.28499984741211,30.510000228881836,30.75,31.280000686645508,761400.0,29.338333129882812
2007-06-11,31.219999313354492,31.030000686645508,31.219999313354492,31.149999618530273,493600.0,29.216405868530273
2007-06-12,31.145000457763672,30.770000457763672,31.024999618530273,30.80500030517578,844200.0,28.892818450927734
2007-06-13,30.844999313354492,30.385000228881836,30.844999313354492,30.760000228881836,833000.0,28.850616455078125
2007-06-14,31.049999237060547,30.665000915527344,30.71500015258789,30.924999237060547,1056800.0,29.0053653717041
2007-06-15,31.354999542236328,31.010000228881836,31.104999542236328,31.139999389648438,864200.0,29.2070255279541
2007-06-18,31.225000381469727,30.8799991607666,31.165000915527344,30.924999237060547,1104000.0,29.0053653717041
2007-06-19,30.829999923706055,30.434999465942383,30.799999237060547,30.725000381469727,1571200.0,28.817785263061523
2007-06-20,30.899999618530273,30.4950008392334,30.825000762939453,30.56999969482422,1278000.0,28.672407150268555
2007-06-21,30.940000534057617,30.329999923706055,30.524999618530273,30.764999389648438,1113400.0,28.85529899597168
2007-06-22,30.834999084472656,30.44499969482422,30.719999313354492,30.520000457763672,1302000.0,28.625505447387695
2007-06-25,30.975000381469727,30.395000457763672,30.4950008392334,30.434999465942383,878600.0,28.54578971862793
2007-06-26,30.68000030517578,30.450000762939453,30.549999237060547,30.59000015258789,418800.0,28.691162109375
2007-06-27,30.645000457763672,30.360000610351562,30.424999237060547,30.645000457763672,762600.0,28.742748260498047
2007-06-28,30.8700008392334,30.575000762939453,30.625,30.665000915527344,706000.0,28.76150894165039
2007-06-29,30.8700008392334,30.6299991607666,30.71500015258789,30.75,963200.0,28.841228485107422
2007-07-02,30.9950008392334,30.56999969482422,30.915000915527344,30.665000915527344,899200.0,28.76150894165039
2007-07-03,31.155000686645508,30.610000610351562,30.670000076293945,31.045000076293945,514600.0,29.117919921875
2007-07-05,31.09000015258789,30.860000610351562,31.049999237060547,30.924999237060547,540600.0,29.0053653717041
2007-07-06,31.225000381469727,30.65999984741211,30.96500015258789,31.149999618530273,570800.0,29.216405868530273
2007-07-09,31.299999237060547,30.485000610351562,31.2549991607666,30.719999313354492,567200.0,28.813093185424805
2007-07-10,30.649999618530273,30.235000610351562,30.604999542236328,30.295000076293945,541800.0,28.414470672607422
2007-07-11,30.405000686645508,30.09000015258789,30.299999237060547,30.1299991607666,571200.0,28.259719848632812
2007-07-12,30.15999984741211,29.885000228881836,30.100000381469727,30.09000015258789,1128800.0,28.22220230102539
2007-07-13,30.155000686645508,29.69499969482422,30.104999542236328,29.7450008392334,1052000.0,27.898624420166016
2007-07-16,30.280000686645508,29.735000610351562,29.735000610351562,30.09000015258789,1207400.0,28.22220230102539
2007-07-17,30.415000915527344,29.969999313354492,30.065000534057617,30.049999237060547,697200.0,28.18468475341797
2007-07-18,29.954999923706055,28.735000610351562,29.954999923706055,29.69499969482422,1277200.0,27.851713180541992
2007-07-19,29.809999465942383,29.270000457763672,29.725000381469727,29.329999923706055,772600.0,27.50937843322754
2007-07-20,29.395000457763672,28.905000686645508,29.280000686645508,28.924999237060547,1076800.0,27.129514694213867
2007-07-23,28.299999237060547,27.68000030517578,28.25,27.8700008392334,1932000.0,26.140010833740234
2007-07-24,28.315000534057617,27.825000762939453,27.850000381469727,28.18000030517578,1268400.0,26.430755615234375
2007-07-25,28.360000610351562,27.670000076293945,28.18000030517578,27.815000534057617,740000.0,26.08841896057129
2007-07-26,27.829999923706055,26.889999389648438,27.75,27.399999618530273,2013400.0,25.69917869567871
2007-07-27,27.979999542236328,26.559999465942383,27.264999389648438,26.764999389648438,2062600.0,25.103601455688477
2007-07-30,27.209999084472656,26.735000610351562,27.125,26.80500030517578,1537000.0,25.141117095947266
2007-07-31,26.9950008392334,26.155000686645508,26.9950008392334,26.219999313354492,1862800.0,24.59242820739746
2007-08-01,26.325000762939453,25.700000762939453,26.139999389648438,25.969999313354492,1735600.0,24.35795021057129
2007-08-02,26.079999923706055,25.545000076293945,26.049999237060547,25.594999313354492,1863600.0,24.006214141845703
2007-08-03,25.69499969482422,24.3700008392334,25.594999313354492,24.530000686645508,2579800.0,23.0073299407959
2007-08-06,24.915000915527344,24.354999542236328,24.600000381469727,24.3799991607666,1641200.0,22.866641998291016
2007-08-07,24.885000228881836,24.325000762939453,24.364999771118164,24.450000762939453,1442400.0,22.932292938232422
2007-08-08,25.295000076293945,23.200000762939453,24.639999389648438,24.6200008392334,2904800.0,23.09174156188965
2007-08-09,25.559999465942383,24.020000457763672,24.46500015258789,25.44499969482422,2647000.0,23.86553382873535
2007-08-10,25.415000915527344,24.844999313354492,25.21500015258789,25.084999084472656,1554400.0,23.527875900268555
2007-08-13,26.375,25.079999923706055,25.375,26.084999084472656,2471800.0,24.465803146362305
2007-08-14,26.6299991607666,25.979999542236328,26.264999389648438,26.024999618530273,981600.0,24.409530639648438
2007-08-15,26.325000762939453,25.709999084472656,25.954999923706055,25.774999618530273,639200.0,24.175048828125
2007-08-16,26.079999923706055,25.450000762939453,25.69499969482422,25.854999542236328,1714800.0,24.250085830688477
2007-08-17,26.44499969482422,25.69499969482422,26.44499969482422,25.93000030517578,457800.0,24.320432662963867
2007-08-20,26.225000381469727,25.860000610351562,26.045000076293945,25.950000762939453,1073600.0,24.33917999267578
2007-08-21,26.315000534057617,25.639999389648438,25.899999618530273,26.174999237060547,570600.0,24.550228118896484
2007-08-22,26.434999465942383,25.920000076293945,26.360000610351562,26.325000762939453,451400.0,24.6909122467041
2007-08-23,26.459999084472656,26.040000915527344,26.434999465942383,26.225000381469727,394000.0,24.59711456298828
2007-08-24,26.364999771118164,25.969999313354492,26.155000686645508,26.364999771118164,348200.0,24.728429794311523
2007-08-27,26.264999389648438,25.885000228881836,26.264999389648438,25.950000762939453,396400.0,24.33917999267578
2007-08-28,25.985000610351562,25.6299991607666,25.985000610351562,25.700000762939453,645800.0,24.10470962524414
2007-08-29,26.079999923706055,25.71500015258789,25.80500030517578,26.079999923706055,438800.0,24.499248504638672
2007-08-30,26.315000534057617,25.604999542236328,25.864999771118164,26.18000030517578,528000.0,24.59319496154785
2007-08-31,26.584999084472656,25.989999771118164,26.375,26.399999618530273,379400.0,24.79985809326172
2007-09-04,26.665000915527344,26.0,26.665000915527344,26.094999313354492,560000.0,24.51333999633789
2007-09-05,26.084999084472656,25.75,25.96500015258789,25.905000686645508,1316400.0,24.334850311279297
2007-09-06,26.264999389648438,25.709999084472656,25.920000076293945,26.235000610351562,566000.0,24.644853591918945
2007-09-07,26.260000228881836,25.825000762939453,25.96500015258789,26.045000076293945,788000.0,24.46636962890625
2007-09-10,26.25,25.90999984741211,26.110000610351562,26.135000228881836,1138600.0,24.5509090423584
2007-09-11,26.440000534057617,26.010000228881836,26.135000228881836,26.110000610351562,964800.0,24.527433395385742
2007-09-12,26.170000076293945,25.864999771118164,26.010000228881836,26.0,633600.0,24.42409896850586
2007-09-13,26.114999771118164,25.69499969482422,26.110000610351562,25.7549991607666,998200.0,24.19394874572754
2007-09-14,25.864999771118164,25.594999313354492,25.604999542236328,25.84000015258789,941600.0,24.2737979888916
2007-09-17,26.149999618530273,25.55500030517578,25.774999618530273,26.065000534057617,871200.0,24.48515510559082
2007-09-18,26.719999313354492,25.915000915527344,26.19499969482422,26.674999237060547,624400.0,25.058176040649414
2007-09-19,27.0,26.524999618530273,26.80500030517578,26.55500030517578,1072400.0,24.94545555114746
2007-09-20,26.575000762939453,26.110000610351562,26.55500030517578,26.1299991607666,909200.0,24.546215057373047
2007-09-21,26.55500030517578,26.0,26.25,26.420000076293945,865200.0,24.818634033203125
2007-09-24,26.420000076293945,25.959999084472656,26.385000228881836,26.25,497400.0,24.6589412689209
2007-09-25,26.489999771118164,25.93000030517578,26.235000610351562,26.045000076293945,883200.0,24.46636962890625
2007-09-26,26.520000457763672,26.059999465942383,26.125,26.5049991607666,760400.0,24.89848518371582
2007-09-27,26.604999542236328,26.239999771118164,26.545000076293945,26.545000076293945,644800.0,24.936067581176758
2007-09-28,27.395000457763672,26.6200008392334,26.6200008392334,27.209999084472656,1271200.0,25.560760498046875
2007-10-01,27.364999771118164,26.68000030517578,27.229999542236328,26.81999969482422,995600.0,25.194398880004883
2007-10-02,26.825000762939453,26.559999465942383,26.780000686645508,26.71500015258789,459200.0,25.095762252807617
2007-10-03,26.760000228881836,26.434999465942383,26.6200008392334,26.59000015258789,475800.0,24.978328704833984
2007-10-04,26.690000534057617,26.40999984741211,26.690000534057617,26.424999237060547,729200.0,24.82333755493164
2007-10-05,26.600000381469727,25.90999984741211,26.559999465942383,26.0,1525400.0,24.42409896850586
2007-10-08,25.924999237060547,25.299999237060547,25.924999237060547,25.31999969482422,1507200.0,23.78530502319336
2007-10-09,25.625,25.264999389648438,25.420000076293945,25.350000381469727,1309000.0,23.813493728637695
2007-10-10,25.399999618530273,24.940000534057617,25.25,24.9950008392334,1491600.0,23.480012893676758
2007-10-11,25.225000381469727,25.0,25.059999465942383,25.100000381469727,832800.0,23.578641891479492
2007-10-12,25.270000457763672,24.975000381469727,25.149999618530273,25.03499984741211,472600.0,23.517581939697266
2007-10-15,25.28499984741211,24.815000534057617,25.1200008392334,24.940000534057617,600200.0,23.428340911865234
2007-10-16,27.559999465942383,24.510000228881836,25.05500030517578,24.55500030517578,751000.0,23.06668472290039
2007-10-17,25.040000915527344,24.635000228881836,24.770000457763672,24.7549991607666,762800.0,23.254560470581055
2007-10-18,25.469999313354492,24.639999389648438,24.690000534057617,25.405000686645508,909600.0,23.865158081054688
2007-10-19,25.454999923706055,25.149999618530273,25.350000381469727,25.219999313354492,474400.0,23.691377639770508
2007-10-22,25.135000228881836,24.780000686645508,24.959999084472656,24.889999389648438,790600.0,23.381378173828125
2007-10-23,25.059999465942383,24.55500030517578,24.889999389648438,25.05500030517578,914800.0,23.536376953125
2007-10-24,25.075000762939453,24.520000457763672,25.05500030517578,24.795000076293945,867000.0,23.29213523864746
2007-10-25,24.975000381469727,24.5049991607666,24.78499984741211,24.600000381469727,1626400.0,23.108951568603516
2007-10-26,25.104999542236328,24.4950008392334,24.825000762939453,24.80500030517578,1132200.0,23.301528930664062
2007-10-29,25.104999542236328,24.69499969482422,24.950000762939453,24.834999084472656,1098200.0,23.329700469970703
2007-10-30,25.229999542236328,24.389999389648438,24.75,24.4950008392334,1687600.0,23.010318756103516
2007-10-31,24.649999618530273,24.0,24.559999465942383,24.375,1426400.0,22.8975887298584
2007-11-01,24.600000381469727,24.05500030517578,24.1299991607666,24.31999969482422,780400.0,22.845924377441406
2007-11-02,24.600000381469727,24.0,24.600000381469727,24.225000381469727,744200.0,22.756685256958008
2007-11-05,25.56999969482422,24.059999465942383,24.165000915527344,25.225000381469727,1561400.0,23.696069717407227
2007-11-06,25.315000534057617,25.040000915527344,25.219999313354492,25.2450008392334,538400.0,23.714866638183594
2007-11-07,25.344999313354492,25.040000915527344,25.100000381469727,25.079999923706055,691600.0,23.559860229492188
2007-11-08,25.475000381469727,24.96500015258789,25.190000534057617,25.415000915527344,856000.0,23.874563217163086
2007-11-09,25.56999969482422,25.09000015258789,25.219999313354492,25.395000457763672,693600.0,23.855764389038086
2007-11-12,25.7450008392334,25.145000457763672,25.325000762939453,25.155000686645508,753800.0,23.630308151245117
2007-11-13,25.6299991607666,25.204999923706055,25.274999618530273,25.565000534057617,717400.0,24.01546287536621
2007-11-14,25.71500015258789,25.344999313354492,25.649999618530273,25.489999771118164,536200.0,23.94501304626465
2007-11-15,25.600000381469727,25.184999465942383,25.485000610351562,25.295000076293945,390800.0,23.76183319091797
2007-11-16,25.334999084472656,24.969999313354492,25.334999084472656,25.104999542236328,414200.0,23.583337783813477
2007-11-19,24.989999771118164,24.700000762939453,24.8799991607666,24.829999923706055,637400.0,23.325016021728516
2007-11-20,24.920000076293945,24.649999618530273,24.790000915527344,24.825000762939453,639400.0,23.32032012939453
2007-11-21,24.975000381469727,24.375,24.6200008392334,24.44499969482422,442400.0,22.963350296020508
2007-11-23,24.635000228881836,24.395000457763672,24.510000228881836,24.530000686645508,150000.0,23.043197631835938
2007-11-26,24.760000228881836,24.399999618530273,24.530000686645508,24.600000381469727,498600.0,23.108951568603516
2007-11-27,24.924999237060547,24.610000610351562,24.6299991607666,24.780000686645508,1020400.0,23.27804183959961
2007-11-28,25.2549991607666,24.78499984741211,24.790000915527344,25.19499969482422,1095400.0,23.667888641357422
2007-11-29,25.325000762939453,25.020000457763672,25.09000015258789,25.2549991607666,605400.0,23.761966705322266
2007-11-30,25.485000610351562,25.0049991607666,25.375,25.475000381469727,618400.0,23.96897315979004
2007-12-03,25.584999084472656,25.174999237060547,25.475000381469727,25.389999389648438,451000.0,23.888999938964844
2007-12-04,25.364999771118164,25.100000381469727,25.219999313354492,25.174999237060547,393800.0,23.68671417236328
2007-12-05,25.545000076293945,25.2450008392334,25.420000076293945,25.5,540400.0,23.992496490478516
2007-12-06,26.34000015258789,25.420000076293945,25.420000076293945,26.280000686645508,614600.0,24.726381301879883
2007-12-07,26.579999923706055,26.19499969482422,26.395000457763672,26.424999237060547,930800.0,24.862808227539062
2007-12-10,26.950000762939453,26.44499969482422,26.44499969482422,26.899999618530273,886600.0,25.309728622436523
2007-12-11,27.0,26.09000015258789,27.0,26.114999771118164,817200.0,24.571144104003906
2007-12-12,26.670000076293945,25.8799991607666,26.53499984741211,26.0,1075000.0,24.462936401367188
2007-12-13,26.350000381469727,25.889999389648438,25.934999465942383,26.274999618530273,729200.0,24.7216796875
2007-12-14,26.334999084472656,25.985000610351562,26.110000610351562,26.0049991607666,496600.0,24.467639923095703
2007-12-17,26.09000015258789,25.489999771118164,25.985000610351562,25.549999237060547,948000.0,24.039531707763672
2007-12-18,25.924999237060547,25.485000610351562,25.735000610351562,25.684999465942383,700400.0,24.16655731201172
2007-12-19,26.260000228881836,25.600000381469727,25.600000381469727,25.75,902400.0,24.22771453857422
2007-12-20,26.05500030517578,25.725000381469727,25.895000457763672,25.809999465942383,632000.0,24.284170150756836
2007-12-21,26.280000686645508,25.979999542236328,26.0,26.010000228881836,1274800.0,24.472341537475586
2007-12-24,26.604999542236328,26.065000534057617,26.065000534057617,26.5,365600.0,24.93337631225586
2007-12-26,26.65999984741211,26.020000457763672,26.514999389648438,26.020000457763672,549800.0,24.481746673583984
2007-12-27,26.165000915527344,25.81999969482422,25.924999237060547,25.875,314800.0,24.345327377319336
2007-12-28,26.170000076293945,25.719999313354492,25.905000686645508,26.09000015258789,459800.0,24.5476131439209
2007-12-31,26.139999389648438,25.5,26.010000228881836,25.600000381469727,770200.0,24.08657455444336
2008-01-02,25.684999465942383,25.184999465942383,25.6200008392334,25.25,591800.0,23.75726890563965
2008-01-03,25.43000030517578,25.084999084472656,25.21500015258789,25.125,492000.0,23.639663696289062
2008-01-04,25.360000610351562,24.844999313354492,24.844999313354492,24.985000610351562,950000.0,23.507936477661133
2008-01-07,25.475000381469727,24.975000381469727,25.049999237060547,25.399999618530273,742400.0,23.898406982421875
2008-01-08,25.53499984741211,25.065000534057617,25.375,25.100000381469727,604000.0,23.616140365600586
2008-01-09,25.25,24.93000030517578,25.065000534057617,25.010000228881836,1113600.0,23.531461715698242
2008-01-10,25.415000915527344,24.604999542236328,24.8799991607666,24.635000228881836,1981800.0,23.17863655090332
2008-01-11,24.6200008392334,24.040000915527344,24.434999465942383,24.075000762939453,1512000.0,22.651731491088867
2008-01-14,24.450000762939453,24.0,24.204999923706055,24.09000015258789,969400.0,22.665847778320312
2008-01-15,24.3700008392334,23.860000610351562,23.924999237060547,24.235000610351562,1250000.0,22.802278518676758
2008-01-16,24.290000915527344,23.989999771118164,24.190000534057617,24.1200008392334,908800.0,22.694072723388672
2008-01-17,24.735000610351562,24.104999542236328,24.264999389648438,24.170000076293945,782800.0,22.74112319946289
2008-01-18,24.28499984741211,23.93000030517578,24.25,24.184999465942383,1361600.0,22.75523567199707
2008-01-22,24.28499984741211,23.264999389648438,23.264999389648438,23.735000610351562,1238200.0,22.331832885742188
2008-01-23,23.5,23.104999542236328,23.364999771118164,23.364999771118164,1187800.0,21.983713150024414
2008-01-24,23.579999923706055,23.18000030517578,23.450000762939453,23.4950008392334,1032400.0,22.106021881103516
2008-01-25,23.649999618530273,23.325000762939453,23.575000762939453,23.399999618530273,1197600.0,22.016647338867188
2008-01-28,23.760000228881836,23.389999389648438,23.389999389648438,23.7549991607666,735000.0,22.350658416748047
2008-01-29,24.325000762939453,23.809999465942383,23.809999465942383,24.200000762939453,804600.0,22.769346237182617
2008-01-30,24.295000076293945,23.674999237060547,24.049999237060547,23.719999313354492,1005400.0,22.317729949951172
2008-01-31,23.815000534057617,23.420000076293945,23.420000076293945,23.565000534057617,1276000.0,22.17188835144043
2008-02-01,24.68000030517578,23.530000686645508,23.770000457763672,24.6200008392334,1182400.0,23.164520263671875
2008-02-04,25.049999237060547,24.434999465942383,24.704999923706055,25.0,990600.0,23.522058486938477
2008-02-05,25.475000381469727,24.524999618530273,24.604999542236328,25.18000030517578,1423800.0,23.691415786743164
2008-02-06,25.434999465942383,24.674999237060547,25.209999084472656,24.684999465942383,1006400.0,23.225662231445312
2008-02-07,24.885000228881836,24.329999923706055,24.59000015258789,24.53499984741211,908400.0,23.08454704284668
2008-02-08,24.700000762939453,23.850000381469727,24.440000534057617,24.225000381469727,1106600.0,22.79286766052246
2008-02-11,24.434999465942383,23.969999313354492,24.200000762939453,24.19499969482422,600200.0,22.764644622802734
2008-02-12,24.469999313354492,24.139999389648438,24.270000457763672,24.43000030517578,730000.0,22.98575210571289
2008-02-13,24.700000762939453,23.985000610351562,24.600000381469727,24.30500030517578,1617800.0,22.86813735961914
2008-02-14,24.760000228881836,24.334999084472656,24.344999313354492,24.68000030517578,1046800.0,23.22096824645996
2008-02-15,25.075000762939453,24.55500030517578,24.59000015258789,24.989999771118164,847200.0,23.51264762878418
2008-02-19,25.25,24.850000381469727,25.204999923706055,24.864999771118164,759200.0,23.395030975341797
2008-02-20,25.290000915527344,24.75,24.795000076293945,25.145000457763672,406200.0,23.658479690551758
2008-02-21,25.40999984741211,24.489999771118164,25.239999771118164,24.614999771118164,849600.0,23.159807205200195
2008-02-22,25.200000762939453,24.229999542236328,24.600000381469727,25.125,2016000.0,23.639663696289062
2008-02-25,25.579999923706055,25.014999389648438,25.155000686645508,25.415000915527344,871000.0,23.91252899169922
2008-02-26,25.760000228881836,25.375,25.375,25.600000381469727,969200.0,24.08657455444336
2008-02-27,25.80500030517578,25.344999313354492,25.385000228881836,25.610000610351562,873400.0,24.09598731994629
2008-02-28,25.75,25.2549991607666,25.450000762939453,25.524999618530273,1197400.0,24.053585052490234
2008-02-29,27.459999084472656,25.600000381469727,26.15999984741211,26.709999084472656,3034400.0,25.170270919799805
2008-03-03,27.155000686645508,26.549999237060547,26.549999237060547,27.125,1610600.0,25.561351776123047
2008-03-04,27.440000534057617,26.729999542236328,26.885000228881836,27.229999542236328,1302000.0,25.660293579101562
2008-03-05,27.405000686645508,26.934999465942383,27.405000686645508,27.114999771118164,963200.0,25.551923751831055
2008-03-06,27.104999542236328,26.780000686645508,27.024999618530273,26.899999618530273,1062000.0,25.34932518005371
2008-03-07,27.3799991607666,26.40999984741211,26.719999313354492,26.530000686645508,1287600.0,25.000642776489258
2008-03-10,26.735000610351562,26.28499984741211,26.594999313354492,26.594999313354492,708600.0,25.061899185180664
2008-03-11,27.149999618530273,25.635000228881836,27.149999618530273,25.90999984741211,1806400.0,24.416385650634766
2008-03-12,26.625,25.639999389648438,25.69499969482422,26.28499984741211,745600.0,24.769775390625
2008-03-13,26.270000457763672,25.565000534057617,25.799999237060547,26.114999771118164,767800.0,24.609569549560547
2008-03-14,26.610000610351562,25.700000762939453,26.274999618530273,26.469999313354492,1127200.0,24.94410514831543
2008-03-17,26.209999084472656,25.454999923706055,25.959999084472656,25.674999237060547,886000.0,24.19493865966797
2008-03-18,26.43000030517578,24.924999237060547,26.15999984741211,25.540000915527344,1327600.0,24.067718505859375
2008-03-19,26.325000762939453,25.4950008392334,25.614999771118164,25.635000228881836,990400.0,24.157245635986328
2008-03-20,25.975000381469727,25.239999771118164,25.614999771118164,25.8700008392334,1650600.0,24.378692626953125
2008-03-24,25.90999984741211,25.53499984741211,25.895000457763672,25.799999237060547,1038800.0,24.312726974487305
2008-03-25,26.18000030517578,25.645000457763672,25.950000762939453,26.1299991607666,654600.0,24.62371253967285
2008-03-26,26.15999984741211,25.649999618530273,26.100000381469727,25.75,902200.0,24.265615463256836
2008-03-27,26.774999618530273,25.770000457763672,25.989999771118164,26.719999313354492,1007600.0,25.1796932220459
2008-03-28,27.145000457763672,26.5,26.709999084472656,26.96500015258789,1348200.0,25.41057014465332
2008-03-31,27.114999771118164,26.514999389648438,26.844999313354492,26.844999313354492,982000.0,25.297487258911133
2008-04-01,27.614999771118164,26.934999465942383,26.94499969482422,27.55500030517578,927800.0,25.9665584564209
2008-04-02,27.69499969482422,27.075000762939453,27.69499969482422,27.469999313354492,1034200.0,25.886463165283203
2008-04-03,27.979999542236328,27.145000457763672,27.34000015258789,27.899999618530273,866000.0,26.29167938232422
2008-04-04,28.045000076293945,27.329999923706055,28.045000076293945,27.420000076293945,949400.0,25.839340209960938
2008-04-07,28.290000915527344,27.4950008392334,27.655000686645508,28.139999389648438,1376600.0,26.517839431762695
2008-04-08,28.614999771118164,28.0,28.0,28.540000915527344,1336800.0,26.894786834716797
2008-04-09,28.614999771118164,28.28499984741211,28.514999389648438,28.434999465942383,671800.0,26.79583740234375
2008-04-10,28.44499969482422,28.170000076293945,28.44499969482422,28.3700008392334,704200.0,26.734580993652344
2008-04-11,28.25,27.56999969482422,28.135000228881836,27.709999084472656,989200.0,26.11262321472168
2008-04-14,28.424999237060547,27.719999313354492,27.760000228881836,28.3700008392334,931200.0,26.734580993652344
2008-04-15,28.524999618530273,27.90999984741211,28.475000381469727,27.989999771118164,1310800.0,26.37649154663086
2008-04-16,28.579999923706055,27.889999389648438,28.170000076293945,28.475000381469727,966400.0,26.833524703979492
2008-04-17,28.5,27.9950008392334,28.475000381469727,28.2549991607666,638000.0,26.62621307373047
2008-04-18,30.0,28.204999923706055,28.5049991607666,28.239999771118164,664000.0,26.612075805664062
2008-04-21,28.55500030517578,28.045000076293945,28.045000076293945,28.479999542236328,1652600.0,26.83823585510254
2008-04-22,28.420000076293945,27.889999389648438,28.239999771118164,27.924999237060547,1493200.0,26.31523895263672
2008-04-23,28.770000457763672,27.80500030517578,27.979999542236328,28.540000915527344,1432400.0,26.894786834716797
2008-04-24,28.96500015258789,28.110000610351562,28.485000610351562,28.760000228881836,916800.0,27.102096557617188
2008-04-25,31.75,30.684999465942383,31.315000534057617,31.190000534057617,3913600.0,29.392019271850586
2008-04-28,31.565000534057617,30.655000686645508,31.100000381469727,31.450000762939453,1442600.0,29.63702964782715
2008-04-29,31.329999923706055,30.03499984741211,30.940000534057617,31.190000534057617,2466400.0,29.392019271850586
2008-04-30,31.4950008392334,30.94499969482422,31.19499969482422,31.31999969482422,2306200.0,29.5145206451416
2008-05-01,31.424999237060547,30.6299991607666,31.020000457763672,30.774999618530273,1505400.0,29.000938415527344
2008-05-02,31.065000534057617,30.424999237060547,30.924999237060547,30.530000686645508,1749400.0,28.770065307617188
2008-05-05,31.725000381469727,30.5,30.5,31.440000534057617,1833400.0,29.627609252929688
2008-05-06,31.739999771118164,30.875,31.270000457763672,31.049999237060547,998400.0,29.26009178161621
2008-05-07,31.44499969482422,30.850000381469727,31.125,30.905000686645508,1498000.0,29.12345314025879
2008-05-08,31.325000762939453,30.94499969482422,31.0,31.0,900000.0,29.212966918945312
2008-05-09,31.6299991607666,30.674999237060547,30.8700008392334,31.5,728400.0,29.684146881103516
2008-05-12,31.639999389648438,31.309999465942383,31.614999771118164,31.565000534057617,722000.0,29.745407104492188
2008-05-13,31.6200008392334,31.174999237060547,31.6200008392334,31.399999618530273,659200.0,29.58991241455078
2008-05-14,31.610000610351562,30.825000762939453,31.415000915527344,30.905000686645508,1544200.0,29.12345314025879
2008-05-15,31.459999084472656,30.579999923706055,31.020000457763672,31.395000457763672,861000.0,29.5851993560791
2008-05-16,31.700000762939453,31.084999084472656,31.700000762939453,31.239999771118164,426800.0,29.439146041870117
2008-05-19,32.005001068115234,31.3799991607666,31.3799991607666,31.809999465942383,938200.0,29.976276397705078
2008-05-20,32.095001220703125,31.53499984741211,31.854999542236328,31.655000686645508,757600.0,29.830215454101562
2008-05-21,32.709999084472656,31.655000686645508,31.850000381469727,31.700000762939453,1653800.0,29.87261962890625
2008-05-22,32.1349983215332,31.385000228881836,31.59000015258789,31.96500015258789,789600.0,30.122343063354492
2008-05-23,32.20000076293945,31.43000030517578,31.700000762939453,31.625,644200.0,29.80194091796875
2008-05-27,32.435001373291016,31.575000762939453,31.575000762939453,31.94499969482422,894600.0,30.10348892211914
2008-05-28,32.255001068115234,31.524999618530273,32.154998779296875,31.93000030517578,534400.0,30.089366912841797
2008-05-29,32.55500030517578,31.905000686645508,32.154998779296875,32.439998626708984,924000.0,30.608306884765625
2008-05-30,32.935001373291016,32.2400016784668,32.54999923706055,32.5,892600.0,30.664913177490234
2008-06-02,32.505001068115234,31.280000686645508,32.505001068115234,31.864999771118164,1552800.0,30.065771102905273
2008-06-03,32.150001525878906,31.665000915527344,31.735000610351562,32.125,1963600.0,30.311094284057617
2008-06-04,32.06999969482422,31.549999237060547,31.940000534057617,31.84000015258789,1129800.0,30.04218101501465
2008-06-05,32.42499923706055,31.875,32.040000915527344,32.125,1075600.0,30.311094284057617
2008-06-06,31.959999084472656,31.235000610351562,31.950000762939453,31.344999313354492,934000.0,29.57512855529785
2008-06-09,31.760000228881836,30.959999084472656,31.2450008392334,31.584999084472656,1487800.0,29.80158042907715
2008-06-10,31.75,31.09000015258789,31.44499969482422,31.485000610351562,1283800.0,29.707225799560547
2008-06-11,31.424999237060547,30.084999084472656,31.424999237060547,30.219999313354492,1554600.0,28.513654708862305
2008-06-12,31.25,30.2450008392334,30.354999542236328,30.895000457763672,1173600.0,29.150541305541992
2008-06-13,30.84000015258789,30.014999389648438,30.094999313354492,30.834999084472656,1123000.0,29.093929290771484
2008-06-16,30.954999923706055,30.395000457763672,30.75,30.809999465942383,611200.0,29.070335388183594
2008-06-17,31.0,30.649999618530273,30.825000762939453,30.809999465942383,662200.0,29.070335388183594
2008-06-18,31.0,30.415000915527344,30.719999313354492,30.75,640000.0,29.013723373413086
2008-06-19,31.125,30.354999542236328,30.709999084472656,30.989999771118164,1211600.0,29.240177154541016
2008-06-20,31.170000076293945,30.75,30.7549991607666,30.94499969482422,1364000.0,29.197721481323242
2008-06-23,31.110000610351562,30.56999969482422,31.110000610351562,30.670000076293945,1046000.0,28.938249588012695
2008-06-24,31.68000030517578,30.639999389648438,30.639999389648438,31.44499969482422,1826800.0,29.66948890686035
2008-06-25,31.860000610351562,31.405000686645508,31.485000610351562,31.6299991607666,1054000.0,29.844038009643555
2008-06-26,32.0,31.264999389648438,31.579999923706055,31.604999542236328,1021800.0,29.82046127319336
2008-06-27,31.920000076293945,31.204999923706055,31.524999618530273,31.690000534057617,1569800.0,29.900650024414062
2008-06-30,32.150001525878906,31.545000076293945,31.604999542236328,31.610000610351562,842200.0,29.825176239013672
2008-07-01,31.719999313354492,31.045000076293945,31.34000015258789,31.545000076293945,971200.0,29.763845443725586
2008-07-02,32.5,31.575000762939453,31.834999084472656,32.0,1909200.0,30.193147659301758
2008-07-03,32.27000045776367,31.635000228881836,32.025001525878906,32.17499923706055,1055800.0,30.358264923095703
2008-07-07,32.6150016784668,31.315000534057617,32.20000076293945,31.729999542236328,1613000.0,29.93839454650879
2008-07-08,31.825000762939453,31.024999618530273,31.704999923706055,31.424999237060547,1363400.0,29.65061378479004
2008-07-09,32.189998626708984,31.350000381469727,31.43000030517578,31.799999237060547,1124200.0,30.004438400268555
2008-07-10,32.005001068115234,31.475000381469727,31.75,31.860000610351562,824200.0,30.061054229736328
2008-07-11,31.03499984741211,29.875,30.1200008392334,30.5,3881000.0,28.77783966064453
2008-07-14,30.899999618530273,30.084999084472656,30.684999465942383,30.274999618530273,1031200.0,28.56554412841797
2008-07-15,30.84000015258789,30.020000457763672,30.2450008392334,30.69499969482422,1077200.0,28.961833953857422
2008-07-16,31.375,30.75,30.75,31.280000686645508,1457800.0,29.513805389404297
2008-07-17,31.329999923706055,30.3700008392334,31.219999313354492,30.985000610351562,1940000.0,29.235456466674805
2008-07-18,31.354999542236328,30.604999542236328,31.03499984741211,30.700000762939453,924600.0,28.9665584564209
2008-07-21,30.700000762939453,29.954999923706055,30.700000762939453,29.985000610351562,1595800.0,28.291927337646484
2008-07-22,30.575000762939453,29.594999313354492,29.809999465942383,30.510000228881836,1442000.0,28.78728485107422
2008-07-23,30.424999237060547,29.440000534057617,30.30500030517578,29.739999771118164,2163800.0,28.060766220092773
2008-07-24,29.815000534057617,29.5,29.69499969482422,29.59000015258789,872600.0,27.919225692749023
2008-07-25,30.020000457763672,29.46500015258789,29.774999618530273,29.55500030517578,1635000.0,27.88620376586914
2008-07-28,30.135000228881836,29.399999618530273,29.764999389648438,30.024999618530273,2037000.0,28.32966423034668
2008-07-29,31.594999313354492,30.114999771118164,31.594999313354492,30.2450008392334,4105800.0,28.537242889404297
2008-07-30,33.0,30.084999084472656,30.53499984741211,30.5,2365400.0,28.77783966064453
2008-07-31,30.864999771118164,29.149999618530273,29.399999618530273,30.309999465942383,1486800.0,28.598573684692383
2008-08-01,30.770000457763672,29.735000610351562,30.145000457763672,30.604999542236328,1146600.0,28.87691307067871
2008-08-04,31.135000228881836,30.584999084472656,30.665000915527344,31.045000076293945,1464200.0,29.29207420349121
2008-08-05,31.049999237060547,30.045000076293945,31.049999237060547,30.604999542236328,1875400.0,28.87691307067871
2008-08-06,30.645000457763672,29.809999465942383,30.645000457763672,30.299999237060547,1572600.0,28.589143753051758
2008-08-07,30.21500015258789,29.75,30.045000076293945,29.875,1642600.0,28.188133239746094
2008-08-08,30.174999237060547,29.594999313354492,29.725000381469727,30.024999618530273,1196200.0,28.32966423034668
2008-08-11,30.30500030517578,29.915000915527344,30.020000457763672,30.219999313354492,1321600.0,28.513654708862305
2008-08-12,30.21500015258789,29.75,30.21500015258789,30.0,951600.0,28.30607795715332
2008-08-13,31.0,29.774999618530273,29.950000762939453,30.815000534057617,1293800.0,29.07505989074707
2008-08-14,31.799999237060547,30.700000762939453,30.700000762939453,31.579999923706055,1502200.0,29.796873092651367
2008-08-15,32.375,28.5,28.5,32.33000183105469,1434800.0,30.5045166015625
2008-08-18,32.5,31.3799991607666,32.165000915527344,31.540000915527344,911600.0,29.759122848510742
2008-08-19,31.959999084472656,31.385000228881836,31.385000228881836,31.700000762939453,650200.0,29.910085678100586
2008-08-20,31.799999237060547,31.1299991607666,31.739999771118164,31.31999969482422,473800.0,29.551549911499023
2008-08-21,31.684999465942383,31.020000457763672,31.200000762939453,31.4950008392334,714400.0,29.716665267944336
2008-08-22,31.764999389648438,31.325000762939453,31.625,31.4950008392334,999800.0,29.716665267944336
2008-08-25,31.489999771118164,30.549999237060547,31.489999771118164,31.030000686645508,668600.0,29.27791976928711
2008-08-26,31.114999771118164,30.5,31.114999771118164,30.940000534057617,760800.0,29.193010330200195
2008-08-27,31.719999313354492,30.78499984741211,31.059999465942383,31.3700008392334,997600.0,29.598726272583008
2008-08-28,31.475000381469727,31.165000915527344,31.354999542236328,31.344999313354492,779000.0,29.612890243530273
2008-08-29,31.385000228881836,30.844999313354492,31.170000076293945,30.889999389648438,934000.0,29.18303680419922
2008-09-02,31.4950008392334,30.639999389648438,31.125,31.030000686645508,1017000.0,29.315305709838867
2008-09-03,31.264999389648438,30.9950008392334,31.06999969482422,31.09000015258789,517800.0,29.371986389160156
2008-09-04,31.094999313354492,30.81999969482422,31.0,30.940000534057617,1309800.0,29.230270385742188
2008-09-05,31.25,30.719999313354492,30.915000915527344,31.18000030517578,1145600.0,29.45702362060547
2008-09-08,31.725000381469727,31.110000610351562,31.684999465942383,31.344999313354492,1115600.0,29.612890243530273
2008-09-09,31.895000457763672,31.1200008392334,31.290000915527344,31.700000762939453,1510800.0,29.948265075683594
2008-09-10,31.989999771118164,31.385000228881836,31.93000030517578,31.565000534057617,1910600.0,29.82073402404785
2008-09-11,32.474998474121094,31.094999313354492,31.475000381469727,32.474998474121094,2155000.0,30.68044090270996
2008-09-12,32.814998626708984,32.04999923706055,32.33000183105469,32.540000915527344,1210200.0,30.74186134338379
2008-09-15,32.34000015258789,31.104999542236328,32.060001373291016,31.895000457763672,967800.0,30.13249969482422
2008-09-16,31.780000686645508,31.225000381469727,31.415000915527344,31.59000015258789,1445400.0,29.8443603515625
2008-09-17,31.4950008392334,30.920000076293945,31.364999771118164,31.03499984741211,1258600.0,29.32002067565918
2008-09-18,31.405000686645508,30.655000686645508,31.204999923706055,31.295000076293945,1777600.0,29.565650939941406
2008-09-19,34.625,30.229999542236328,32.67499923706055,30.94499969482422,2061200.0,29.234994888305664
2008-09-22,31.530000686645508,30.459999084472656,31.05500030517578,30.53499984741211,865000.0,28.84765625
2008-09-23,31.010000228881836,29.719999313354492,30.520000457763672,29.940000534057617,1321800.0,28.285533905029297
2008-09-24,29.989999771118164,29.450000762939453,29.895000457763672,29.545000076293945,655600.0,27.9123592376709
2008-09-25,29.895000457763672,29.145000457763672,29.655000686645508,29.639999389648438,1114800.0,28.002113342285156
2008-09-26,29.53499984741211,28.864999771118164,29.524999618530273,29.125,1640200.0,27.51556396484375
2008-09-29,28.934999465942383,27.80500030517578,28.899999618530273,28.024999618530273,1357600.0,26.47635269165039
2008-09-30,28.309999465942383,27.334999084472656,28.309999465942383,28.014999389648438,1246600.0,26.46691131591797
2008-10-01,27.145000457763672,26.2549991607666,27.145000457763672,26.584999084472656,2395800.0,25.115922927856445
2008-10-02,26.469999313354492,25.875,26.295000076293945,26.31999969482422,1695600.0,24.865571975708008
2008-10-03,26.860000610351562,25.670000076293945,26.479999542236328,25.739999771118164,1242800.0,24.317623138427734
2008-10-06,25.459999084472656,24.06999969482422,25.459999084472656,24.479999542236328,2169600.0,23.127246856689453
2008-10-07,24.46500015258789,23.405000686645508,24.0049991607666,23.489999771118164,2036200.0,22.191957473754883
2008-10-08,23.594999313354492,22.514999389648438,22.799999237060547,22.625,2445400.0,21.3747615814209
2008-10-09,23.350000381469727,21.5,22.764999389648438,21.56999969482422,1904600.0,20.378053665161133
2008-10-10,21.4950008392334,19.059999465942383,20.0,20.524999618530273,2678800.0,19.39080238342285
2008-10-13,23.21500015258789,20.985000610351562,21.014999389648438,23.200000762939453,1713400.0,21.917980194091797
2008-10-14,24.110000610351562,22.479999542236328,23.545000076293945,23.075000762939453,2347200.0,21.799894332885742
2008-10-15,22.719999313354492,21.959999084472656,22.649999618530273,22.200000762939453,1449600.0,20.973234176635742
2008-10-16,22.045000076293945,20.5,22.040000915527344,21.610000610351562,1610800.0,20.415843963623047
2008-10-17,21.90999984741211,20.975000381469727,21.469999313354492,21.125,1239800.0,19.9576473236084
2008-10-20,21.934999465942383,21.125,21.2450008392334,21.639999389648438,910400.0,20.44417953491211
2008-10-21,22.155000686645508,21.485000610351562,21.485000610351562,21.604999542236328,768800.0,20.411113739013672
2008-10-22,21.579999923706055,20.549999237060547,21.325000762939453,21.020000457763672,1208800.0,19.858444213867188
2008-10-23,21.145000457763672,19.334999084472656,21.0049991607666,19.96500015258789,1238400.0,18.86174774169922
2008-10-24,20.104999542236328,18.905000686645508,19.375,19.920000076293945,891000.0,18.81922721862793
2008-10-27,19.770000457763672,18.354999542236328,19.729999542236328,18.3799991607666,1108200.0,17.36433219909668
2008-10-28,19.75,16.84000015258789,17.950000762939453,18.4950008392334,3081400.0,17.472980499267578
2008-10-29,19.59000015258789,18.174999237060547,18.665000915527344,19.0049991607666,2263400.0,17.954788208007812
2008-10-30,20.454999923706055,19.204999923706055,19.264999389648438,20.40999984741211,2187000.0,19.282155990600586
2008-10-31,21.229999542236328,19.895000457763672,20.44499969482422,21.020000457763672,1375000.0,19.858444213867188
2008-11-03,21.93000030517578,20.850000381469727,20.94499969482422,21.575000762939453,779600.0,20.382776260375977
2008-11-04,21.950000762939453,20.364999771118164,21.8700008392334,20.625,1770800.0,19.48527717590332
2008-11-05,20.719999313354492,19.614999771118164,20.420000076293945,19.889999389648438,1775800.0,18.79088592529297
2008-11-06,20.579999923706055,19.850000381469727,19.850000381469727,20.204999923706055,1507200.0,19.088489532470703
2008-11-07,20.53499984741211,19.959999084472656,20.239999771118164,20.399999618530273,650400.0,19.27271842956543
2008-11-10,20.799999237060547,19.81999969482422,20.6200008392334,20.059999465942383,711600.0,18.951494216918945
2008-11-11,20.6200008392334,19.424999237060547,19.84000015258789,20.200000762939453,1241400.0,19.08376121520996
2008-11-12,20.239999771118164,19.440000534057617,19.94499969482422,19.5,1026400.0,18.42243766784668
2008-11-13,20.850000381469727,19.145000457763672,19.59000015258789,20.850000381469727,1226200.0,19.697843551635742
2008-11-14,20.834999084472656,19.450000762939453,20.55500030517578,19.510000228881836,1045400.0,18.431888580322266
2008-11-17,20.479999542236328,19.415000915527344,19.575000762939453,19.774999618530273,1225000.0,18.6822452545166
2008-11-18,20.299999237060547,19.049999237060547,19.799999237060547,19.924999237060547,1993400.0,18.82395362854004
2008-11-19,20.334999084472656,18.3799991607666,19.860000610351562,18.450000762939453,1100200.0,17.43046760559082
2008-11-20,18.399999618530273,16.399999618530273,18.334999084472656,16.415000915527344,1556400.0,15.507918357849121
2008-11-21,16.719999313354492,15.300000190734863,16.565000534057617,16.219999313354492,2563400.0,15.323695182800293
2008-11-24,17.145000457763672,15.725000381469727,16.299999237060547,16.899999618530273,3039400.0,15.966118812561035
2008-11-25,17.844999313354492,15.949999809265137,16.864999771118164,17.790000915527344,1409200.0,16.80694007873535
2008-11-26,18.204999923706055,17.280000686645508,17.280000686645508,18.065000534057617,1321000.0,17.10519790649414
2008-11-28,18.670000076293945,17.854999542236328,18.149999618530273,18.575000762939453,422800.0,17.588102340698242
2008-12-01,18.125,16.725000381469727,18.125,16.975000381469727,1916200.0,16.07311248779297
2008-12-02,17.825000762939453,16.815000534057617,17.149999618530273,17.704999923706055,1340800.0,16.764320373535156
2008-12-03,17.655000686645508,16.985000610351562,17.424999237060547,17.610000610351562,1653400.0,16.67436981201172
2008-12-04,17.725000381469727,16.825000762939453,17.405000686645508,17.100000381469727,1179200.0,16.19147300720215
2008-12-05,17.684999465942383,16.344999313354492,16.850000381469727,17.65999984741211,1190000.0,16.721717834472656
2008-12-08,18.204999923706055,17.434999465942383,18.024999618530273,17.854999542236328,1323400.0,16.906352996826172
2008-12-09,18.1299991607666,17.010000228881836,17.78499984741211,17.06999969482422,1633800.0,16.163061141967773
2008-12-10,17.56999969482422,16.90999984741211,17.184999465942383,17.0049991607666,1842000.0,16.101512908935547
2008-12-11,18.239999771118164,16.9950008392334,17.0049991607666,17.405000686645508,1980000.0,16.48026466369629
2008-12-12,17.875,17.06999969482422,17.385000228881836,17.69499969482422,1174400.0,16.754854202270508
2008-12-15,17.90999984741211,16.204999923706055,17.90999984741211,16.459999084472656,2095000.0,15.585474014282227
2008-12-16,17.440000534057617,16.520000457763672,16.520000457763672,17.424999237060547,1775000.0,16.499204635620117
2008-12-17,17.389999389648438,17.0049991607666,17.125,17.1200008392334,1683800.0,16.210403442382812
2008-12-18,18.479999542236328,17.049999237060547,17.155000686645508,18.260000228881836,2070600.0,17.28983497619629
2008-12-19,18.420000076293945,17.809999465942383,18.225000381469727,18.18000030517578,1399400.0,17.214094161987305
2008-12-22,18.3700008392334,17.21500015258789,18.3700008392334,17.575000762939453,1630800.0,16.641239166259766
2008-12-23,17.84000015258789,17.2450008392334,17.614999771118164,17.360000610351562,1358400.0,16.437652587890625
2008-12-24,17.959999084472656,17.139999389648438,17.360000610351562,17.71500015258789,745600.0,16.773799896240234
2008-12-26,17.915000915527344,17.6299991607666,17.719999313354492,17.860000610351562,702200.0,16.911088943481445
2008-12-29,17.93000030517578,17.530000686645508,17.8700008392334,17.850000381469727,1155800.0,16.901626586914062
2008-12-30,18.43000030517578,17.809999465942383,17.899999618530273,18.43000030517578,1082000.0,17.4508113861084
2008-12-31,18.899999618530273,18.264999389648438,18.395000457763672,18.78499984741211,958600.0,17.786951065063477
2009-01-02,19.145000457763672,18.344999313354492,18.860000610351562,19.059999465942383,788200.0,18.047338485717773
2009-01-05,19.280000686645508,18.690000534057617,19.0049991607666,19.19499969482422,1416800.0,18.175168991088867
2009-01-06,19.700000762939453,18.934999465942383,19.280000686645508,19.5,1610200.0,18.46395492553711
2009-01-07,20.19499969482422,19.06999969482422,19.25,19.55500030517578,1821600.0,18.516035079956055
2009-01-08,20.045000076293945,19.139999389648438,19.485000610351562,19.815000534057617,1317200.0,18.762224197387695
2009-01-09,19.84000015258789,19.145000457763672,19.774999618530273,19.725000381469727,837800.0,18.676998138427734
2009-01-12,19.635000228881836,18.825000762939453,19.635000228881836,18.920000076293945,1195600.0,17.914772033691406
2009-01-13,19.53499984741211,18.809999465942383,18.924999237060547,19.274999618530273,862000.0,18.250911712646484
2009-01-14,19.190000534057617,18.405000686645508,19.065000534057617,18.479999542236328,1412000.0,17.498151779174805
2009-01-15,18.579999923706055,17.719999313354492,18.40999984741211,18.46500015258789,1296400.0,17.48394775390625
2009-01-16,19.059999465942383,18.545000076293945,18.71500015258789,18.940000534057617,761400.0,17.933713912963867
2009-01-20,18.889999389648438,17.80500030517578,18.844999313354492,17.899999618530273,676800.0,16.94896125793457
2009-01-21,18.540000915527344,17.75,17.920000076293945,18.4950008392334,675800.0,17.512353897094727
2009-01-22,18.635000228881836,18.06999969482422,18.06999969482422,18.405000686645508,1021000.0,17.427135467529297
2009-01-23,18.290000915527344,17.604999542236328,17.924999237060547,18.049999237060547,761800.0,17.090999603271484
2009-01-26,18.420000076293945,17.889999389648438,18.1200008392334,18.075000762939453,689000.0,17.114662170410156
2009-01-27,18.795000076293945,18.079999923706055,18.09000015258789,18.71500015258789,1001000.0,17.72066307067871
2009-01-28,19.28499984741211,18.799999237060547,19.0049991607666,19.274999618530273,1220200.0,18.250911712646484
2009-01-29,19.28499984741211,18.934999465942383,19.184999465942383,19.21500015258789,1787000.0,18.194095611572266
2009-01-30,19.235000610351562,18.594999313354492,19.170000076293945,18.924999237060547,2558600.0,17.91950798034668
2009-02-02,19.635000228881836,18.59000015258789,18.674999237060547,19.274999618530273,1584200.0,18.250911712646484
2009-02-03,19.59000015258789,19.020000457763672,19.354999542236328,19.479999542236328,1261000.0,18.445024490356445
2009-02-04,19.68000030517578,19.2450008392334,19.479999542236328,19.450000762939453,1311000.0,18.41661834716797
2009-02-05,20.44499969482422,19.280000686645508,19.43000030517578,20.405000686645508,1912800.0,19.32087516784668
2009-02-06,21.110000610351562,20.204999923706055,20.385000228881836,20.950000762939453,1978800.0,19.83692169189453
2009-02-09,20.975000381469727,20.264999389648438,20.864999771118164,20.469999313354492,871400.0,19.382423400878906
2009-02-10,21.045000076293945,20.219999313354492,20.334999084472656,20.290000915527344,1475600.0,19.211986541748047
2009-02-11,20.145000457763672,19.510000228881836,19.915000915527344,19.885000228881836,2077600.0,18.828508377075195
2009-02-12,20.389999389648438,19.44499969482422,19.655000686645508,20.30500030517578,1516000.0,19.226186752319336
2009-02-13,20.7549991607666,20.06999969482422,20.06999969482422,20.625,918200.0,19.529190063476562
2009-02-17,20.334999084472656,19.795000076293945,20.104999542236328,20.06999969482422,1413600.0,19.003671646118164
2009-02-18,20.350000381469727,19.719999313354492,20.2450008392334,20.2549991607666,1126000.0,19.178836822509766
2009-02-19,20.594999313354492,19.700000762939453,20.594999313354492,19.959999084472656,1815200.0,18.89951515197754
2009-02-20,20.010000228881836,19.06999969482422,19.864999771118164,19.860000610351562,2478200.0,18.804834365844727
2009-02-23,19.934999465942383,18.875,19.905000686645508,19.145000457763672,1622800.0,18.127819061279297
2009-02-24,19.969999313354492,19.05500030517578,19.145000457763672,19.905000686645508,1622000.0,18.847436904907227
2009-02-25,20.014999389648438,19.28499984741211,19.875,19.459999084472656,1068600.0,18.42608642578125
2009-02-26,19.770000457763672,17.780000686645508,19.655000686645508,17.81999969482422,4793400.0,16.907968521118164
2009-02-27,19.875,18.25,18.84000015258789,18.415000915527344,6282600.0,17.472517013549805
2009-03-02,18.2450008392334,16.770000457763672,17.844999313354492,16.829999923706055,3015800.0,15.968631744384766
2009-03-03,17.594999313354492,16.565000534057617,16.975000381469727,17.190000534057617,2064000.0,16.310218811035156
2009-03-04,18.084999084472656,16.969999313354492,17.31999969482422,17.719999313354492,1730800.0,16.813095092773438
2009-03-05,17.479999542236328,16.350000381469727,17.479999542236328,16.434999465942383,1448400.0,15.593851089477539
2009-03-06,16.854999542236328,16.09000015258789,16.559999465942383,16.434999465942383,1252600.0,15.593851089477539
2009-03-09,16.325000762939453,15.21500015258789,16.325000762939453,15.390000343322754,2362200.0,14.602340698242188
2009-03-10,16.344999313354492,15.539999961853027,15.5649995803833,16.21500015258789,1299200.0,15.385115623474121
2009-03-11,16.649999618530273,16.03499984741211,16.315000534057617,16.454999923706055,2034600.0,15.612829208374023
2009-03-12,17.395000457763672,16.15999984741211,16.344999313354492,17.225000381469727,1343000.0,16.343421936035156
2009-03-13,17.53499984741211,17.0049991607666,17.174999237060547,17.43000030517578,1150200.0,16.537935256958008
2009-03-16,17.770000457763672,17.225000381469727,17.424999237060547,17.2549991607666,1201000.0,16.371889114379883
2009-03-17,17.725000381469727,17.059999465942383,17.235000610351562,17.71500015258789,921600.0,16.808345794677734
2009-03-18,18.030000686645508,17.450000762939453,17.489999771118164,17.68000030517578,1366400.0,16.775136947631836
2009-03-19,17.84000015258789,17.5,17.774999618530273,17.684999465942383,1224400.0,16.77988052368164
2009-03-20,17.760000228881836,17.084999084472656,17.719999313354492,17.325000762939453,1191200.0,16.43831443786621
2009-03-23,18.40999984741211,17.329999923706055,17.614999771118164,18.395000457763672,1456200.0,17.453550338745117
2009-03-24,18.579999923706055,18.174999237060547,18.235000610351562,18.174999237060547,903000.0,17.24480628967285
2009-03-25,19.135000228881836,18.1299991607666,18.360000610351562,18.610000610351562,1508800.0,17.65753936767578
2009-03-26,19.344999313354492,18.549999237060547,18.735000610351562,19.28499984741211,1303800.0,18.297990798950195
2009-03-27,19.434999465942383,18.889999389648438,19.09000015258789,19.190000534057617,1244600.0,18.207855224609375
2009-03-30,18.954999923706055,18.360000610351562,18.719999313354492,18.649999618530273,1591400.0,17.695491790771484
2009-03-31,19.454999923706055,18.80500030517578,18.80500030517578,19.170000076293945,1538600.0,18.18887710571289
2009-04-01,19.385000228881836,18.604999542236328,18.854999542236328,19.260000228881836,2116000.0,18.274272918701172
2009-04-02,20.15999984741211,19.479999542236328,19.635000228881836,19.80500030517578,1743200.0,18.7913761138916
2009-04-03,20.200000762939453,19.25,19.860000610351562,19.385000228881836,1639200.0,18.39287567138672
2009-04-06,19.510000228881836,18.704999923706055,19.19499969482422,18.899999618530273,1298600.0,17.932693481445312
2009-04-07,19.225000381469727,18.3799991607666,18.7450008392334,19.079999923706055,1821400.0,18.103485107421875
2009-04-08,19.200000762939453,17.395000457763672,19.1200008392334,18.290000915527344,2793000.0,17.35391616821289
2009-04-09,19.475000381469727,18.75,18.75,19.450000762939453,3870600.0,18.454551696777344
2009-04-13,19.725000381469727,19.325000762939453,19.405000686645508,19.71500015258789,1673600.0,18.70598602294922
2009-04-14,21.200000762939453,19.594999313354492,19.709999084472656,20.780000686645508,2054800.0,19.716482162475586
2009-04-15,21.0,19.834999084472656,20.725000381469727,20.594999313354492,2249400.0,19.540943145751953
2009-04-16,21.100000381469727,20.524999618530273,20.799999237060547,20.94499969482422,1458600.0,19.873029708862305
2009-04-17,21.2450008392334,20.700000762939453,20.924999237060547,21.0049991607666,931600.0,19.92995262145996
2009-04-20,20.959999084472656,19.774999618530273,20.729999542236328,20.059999465942383,1116200.0,19.033329010009766
2009-04-21,21.100000381469727,20.09000015258789,20.104999542236328,20.600000381469727,2639600.0,19.545682907104492
2009-04-22,21.44499969482422,20.485000610351562,20.489999771118164,21.049999237060547,1366600.0,19.972658157348633
2009-04-23,21.09000015258789,20.4950008392334,21.075000762939453,20.78499984741211,1413800.0,19.721223831176758
2009-04-24,21.920000076293945,20.7549991607666,20.96500015258789,21.639999389648438,2600800.0,20.532455444335938
2009-04-27,23.155000686645508,21.399999618530273,21.625,23.040000915527344,3893600.0,21.860807418823242
2009-04-28,24.975000381469727,23.104999542236328,24.174999237060547,24.34000015258789,5338000.0,23.09427833557129
2009-04-29,25.725000381469727,24.225000381469727,24.575000762939453,25.475000381469727,2773000.0,24.171188354492188
2009-04-30,26.0049991607666,25.0049991607666,25.760000228881836,25.200000762939453,2228000.0,23.910263061523438
2009-05-01,25.165000915527344,24.375,25.165000915527344,24.510000228881836,2468200.0,23.25557518005371
2009-05-04,24.854999542236328,23.344999313354492,23.979999542236328,24.854999542236328,3189200.0,23.582921981811523
2009-05-05,25.450000762939453,24.729999542236328,24.864999771118164,25.385000228881836,1872200.0,24.085798263549805
2009-05-06,25.524999618530273,24.645000457763672,25.524999618530273,25.06999969482422,1677400.0,23.78691291809082
2009-05-07,26.145000457763672,25.09000015258789,25.21500015258789,25.649999618530273,1820800.0,24.337236404418945
2009-05-08,25.93000030517578,25.059999465942383,25.065000534057617,25.559999465942383,2056800.0,24.251832962036133
2009-05-11,26.834999084472656,25.43000030517578,25.795000076293945,26.100000381469727,2529400.0,24.764202117919922
2009-05-12,26.309999465942383,25.55500030517578,26.200000762939453,25.795000076293945,1778200.0,24.47481346130371
2009-05-13,26.024999618530273,25.209999084472656,25.59000015258789,25.290000915527344,1501000.0,23.99565315246582
2009-05-14,25.489999771118164,24.850000381469727,25.424999237060547,25.315000534057617,1444800.0,24.019372940063477
2009-05-15,25.690000534057617,24.53499984741211,25.299999237060547,24.594999313354492,2690000.0,23.336225509643555
2009-05-18,25.329999923706055,23.665000915527344,24.614999771118164,25.299999237060547,3314000.0,24.005138397216797
2009-05-19,26.389999389648438,25.309999465942383,25.31999969482422,26.184999465942383,2387400.0,24.84485626220703
2009-05-20,28.71500015258789,25.815000534057617,26.145000457763672,28.645000457763672,9837800.0,27.178943634033203
2009-05-21,28.799999237060547,26.524999618530273,28.454999923706055,26.959999084472656,4087000.0,25.580183029174805
2009-05-22,27.325000762939453,26.825000762939453,27.155000686645508,27.049999237060547,897400.0,25.665586471557617
2009-05-26,28.0,26.600000381469727,26.635000228881836,27.7450008392334,1542000.0,26.325016021728516
2009-05-27,28.049999237060547,27.43000030517578,27.739999771118164,27.729999542236328,1153200.0,26.310773849487305
2009-05-28,28.030000686645508,27.030000686645508,27.81999969482422,27.229999542236328,1915000.0,25.873685836791992
2009-05-29,27.46500015258789,26.809999465942383,27.43000030517578,27.46500015258789,953600.0,26.096986770629883
2009-06-01,28.3700008392334,27.635000228881836,27.665000915527344,28.190000534057617,2303000.0,26.785871505737305
2009-06-02,28.68000030517578,27.700000762939453,28.15999984741211,28.0,1729800.0,26.60533332824707
2009-06-03,27.69499969482422,26.78499984741211,27.69499969482422,27.110000610351562,1648600.0,25.75966453552246
2009-06-04,27.229999542236328,26.530000686645508,27.1299991607666,26.950000762939453,939200.0,25.607635498046875
2009-06-05,27.389999389648438,26.55500030517578,26.985000610351562,27.280000686645508,1143000.0,25.921201705932617
2009-06-08,27.690000534057617,27.084999084472656,27.28499984741211,27.459999084472656,1601800.0,26.092233657836914
2009-06-09,27.65999984741211,27.06999969482422,27.440000534057617,27.5,911800.0,26.130239486694336
2009-06-10,27.655000686645508,26.75,27.575000762939453,26.920000076293945,1234200.0,25.57913589477539
2009-06-11,27.4950008392334,26.825000762939453,26.940000534057617,26.8799991607666,966000.0,25.541122436523438
2009-06-12,26.985000610351562,26.079999923706055,26.8700008392334,26.190000534057617,1380400.0,24.885488510131836
2009-06-15,25.985000610351562,24.94499969482422,25.809999465942383,25.735000610351562,2189200.0,24.453155517578125
2009-06-16,26.334999084472656,25.059999465942383,25.829999923706055,25.200000762939453,1044000.0,23.944801330566406
2009-06-17,25.55500030517578,24.65999984741211,25.200000762939453,24.75,1702600.0,23.517213821411133
2009-06-18,25.81999969482422,24.524999618530273,24.69499969482422,25.649999618530273,1369000.0,24.372390747070312
2009-06-19,25.934999465942383,24.885000228881836,25.934999465942383,24.989999771118164,1075200.0,23.745262145996094
2009-06-22,24.84000015258789,24.0049991607666,24.764999389648438,24.274999618530273,935600.0,23.06587791442871
2009-06-23,24.364999771118164,23.475000381469727,24.260000228881836,23.565000534057617,1218000.0,22.391237258911133
2009-06-24,24.354999542236328,23.524999618530273,23.674999237060547,24.18000030517578,997400.0,22.975608825683594
2009-06-25,25.469999313354492,24.0,24.149999618530273,25.1200008392334,1504400.0,23.868789672851562
2009-06-26,25.09000015258789,24.424999237060547,25.09000015258789,24.690000534057617,1145400.0,23.460201263427734
2009-06-29,24.760000228881836,24.010000228881836,24.674999237060547,24.700000762939453,1053800.0,23.469703674316406
2009-06-30,24.81999969482422,24.03499984741211,24.700000762939453,24.424999237060547,1158200.0,23.208402633666992
2009-07-01,24.790000915527344,24.190000534057617,24.485000610351562,24.709999084472656,1127200.0,23.47920799255371
2009-07-02,24.389999389648438,23.809999465942383,24.329999923706055,24.21500015258789,1302600.0,23.008861541748047
2009-07-06,24.28499984741211,23.670000076293945,24.28499984741211,24.100000381469727,1588000.0,22.899599075317383
2009-07-07,25.639999389648438,23.959999084472656,24.049999237060547,25.075000762939453,2016800.0,23.826025009155273
2009-07-08,25.274999618530273,24.045000076293945,25.219999313354492,24.565000534057617,1508600.0,23.341432571411133
2009-07-09,24.81999969482422,24.024999618530273,24.56999969482422,24.325000762939453,978600.0,23.113380432128906
2009-07-10,24.579999923706055,23.795000076293945,24.325000762939453,24.344999313354492,755200.0,23.13239097595215
2009-07-13,24.514999389648438,23.594999313354492,24.354999542236328,24.204999923706055,1458800.0,22.99936294555664
2009-07-14,24.565000534057617,23.735000610351562,24.110000610351562,24.510000228881836,1501800.0,23.28917121887207
2009-07-15,25.225000381469727,24.46500015258789,24.770000457763672,25.174999237060547,1203800.0,23.92104721069336
2009-07-16,25.96500015258789,24.93000030517578,25.040000915527344,25.920000076293945,1101600.0,24.628936767578125
2009-07-17,26.200000762939453,25.7450008392334,25.9950008392334,26.020000457763672,1424600.0,24.723957061767578
2009-07-20,26.065000534057617,25.485000610351562,26.059999465942383,25.80500030517578,1281800.0,24.51966667175293
2009-07-21,26.360000610351562,25.325000762939453,25.75,25.690000534057617,840200.0,24.41039276123047
2009-07-22,26.110000610351562,25.235000610351562,25.53499984741211,25.584999084472656,1103000.0,24.310632705688477
2009-07-23,25.809999465942383,25.424999237060547,25.614999771118164,25.545000076293945,949800.0,24.27262306213379
2009-07-24,26.30500030517578,25.405000686645508,25.405000686645508,26.30500030517578,1376200.0,24.994766235351562
2009-07-27,26.604999542236328,25.90999984741211,26.290000915527344,26.524999618530273,1286000.0,25.203800201416016
2009-07-28,27.65999984741211,26.600000381469727,26.770000457763672,27.479999542236328,2253000.0,26.111230850219727
2009-07-29,28.809999465942383,27.770000457763672,28.1299991607666,28.635000228881836,3558000.0,27.20870590209961
2009-07-30,29.06999969482422,28.145000457763672,28.774999618530273,28.34000015258789,1654800.0,26.92840003967285
2009-07-31,28.545000076293945,27.579999923706055,28.34000015258789,27.80500030517578,1770400.0,26.42005157470703
2009-08-03,29.270000457763672,28.075000762939453,28.1200008392334,29.204999923706055,2731600.0,27.750316619873047
2009-08-04,29.395000457763672,29.014999389648438,29.065000534057617,29.225000381469727,1452400.0,27.769319534301758
2009-08-05,29.1299991607666,28.524999618530273,29.104999542236328,28.834999084472656,1633000.0,27.398744583129883
2009-08-06,28.834999084472656,28.094999313354492,28.829999923706055,28.344999313354492,1578200.0,26.933155059814453
2009-08-07,29.1299991607666,28.299999237060547,28.475000381469727,28.559999465942383,1398400.0,27.137441635131836
2009-08-10,29.104999542236328,28.15999984741211,28.524999618530273,28.844999313354492,729200.0,27.40825080871582
2009-08-11,29.030000686645508,28.415000915527344,28.780000686645508,28.725000381469727,1029400.0,27.29422378540039
2009-08-12,29.329999923706055,28.420000076293945,28.774999618530273,29.139999389648438,1012000.0,27.68855094909668
2009-08-13,29.549999237060547,28.825000762939453,29.299999237060547,29.53499984741211,755800.0,28.063875198364258
2009-08-14,29.75,28.94499969482422,29.625,29.5,941000.0,28.03061866760254
2009-08-17,30.149999618530273,29.114999771118164,29.350000381469727,29.989999771118164,1588400.0,28.496217727661133
2009-08-18,29.8700008392334,29.139999389648438,29.844999313354492,29.334999084472656,1070400.0,27.873836517333984
2009-08-19,29.899999618530273,29.204999923706055,29.235000610351562,29.854999542236328,1196200.0,28.367931365966797
2009-08-20,30.030000686645508,29.665000915527344,29.864999771118164,29.899999618530273,664400.0,28.410701751708984
2009-08-21,30.520000457763672,29.969999313354492,30.139999389648438,29.985000610351562,974200.0,28.491466522216797
2009-08-24,30.174999237060547,29.80500030517578,30.03499984741211,30.030000686645508,636600.0,28.53421974182129
2009-08-25,30.469999313354492,29.899999618530273,30.075000762939453,30.020000457763672,479400.0,28.524721145629883
2009-08-26,30.204999923706055,29.604999542236328,29.96500015258789,29.709999084472656,741200.0,28.23015785217285
2009-08-27,29.979999542236328,29.1299991607666,29.8799991607666,29.709999084472656,637400.0,28.23015785217285
2009-08-28,29.885000228881836,29.209999084472656,29.885000228881836,29.46500015258789,687600.0,28.03510856628418
2009-08-31,29.594999313354492,28.860000610351562,29.364999771118164,29.3799991607666,1028800.0,27.954233169555664
2009-09-01,29.770000457763672,28.700000762939453,29.2450008392334,28.84000015258789,990000.0,27.440439224243164
2009-09-02,29.3799991607666,28.795000076293945,28.9950008392334,28.829999923706055,1061000.0,27.43092918395996
2009-09-03,29.360000610351562,28.520000457763672,29.014999389648438,29.334999084472656,1287200.0,27.911418914794922
2009-09-04,29.59000015258789,29.049999237060547,29.334999084472656,29.450000762939453,1305400.0,28.02083969116211
2009-09-08,29.614999771118164,28.889999389648438,29.434999465942383,29.170000076293945,876200.0,27.75442886352539
2009-09-09,29.780000686645508,29.114999771118164,29.114999771118164,29.575000762939453,1114000.0,28.139768600463867
2009-09-10,30.405000686645508,29.30500030517578,29.524999618530273,30.329999923706055,1167400.0,28.858137130737305
2009-09-11,31.05500030517578,30.2549991607666,30.280000686645508,30.989999771118164,843000.0,29.48610496520996
2009-09-14,31.864999771118164,30.94499969482422,31.135000228881836,31.229999542236328,1514800.0,29.714458465576172
2009-09-15,31.5,30.770000457763672,31.059999465942383,31.415000915527344,1084800.0,29.890483856201172
2009-09-16,31.479999542236328,30.760000228881836,31.360000610351562,31.364999771118164,1398000.0,29.842905044555664
2009-09-17,31.454999923706055,30.71500015258789,31.170000076293945,31.0,1370200.0,29.49561882019043
2009-09-18,31.510000228881836,30.844999313354492,31.219999313354492,31.079999923706055,1247600.0,29.571733474731445
2009-09-21,31.344999313354492,30.850000381469727,30.989999771118164,31.155000686645508,567600.0,29.643096923828125
2009-09-22,31.325000762939453,30.7450008392334,31.139999389648438,31.190000534057617,846800.0,29.6763973236084
2009-09-23,31.735000610351562,31.03499984741211,31.200000762939453,31.229999542236328,1062200.0,29.714458465576172
2009-09-24,31.309999465942383,30.549999237060547,31.229999542236328,31.0049991607666,1096800.0,29.500375747680664
2009-09-25,31.260000228881836,30.610000610351562,30.959999084472656,30.690000534057617,872600.0,29.20066261291504
2009-09-28,31.690000534057617,30.764999389648438,30.809999465942383,31.454999923706055,807600.0,29.928539276123047
2009-09-29,31.604999542236328,30.815000534057617,31.56999969482422,31.399999618530273,878400.0,29.876209259033203
2009-09-30,31.46500015258789,30.514999389648438,31.375,30.96500015258789,926200.0,29.46232032775879
2009-10-01,31.0,30.635000228881836,30.924999237060547,30.774999618530273,1931800.0,29.28153419494629
2009-10-02,30.75,30.114999771118164,30.604999542236328,30.15999984741211,1337600.0,28.69637680053711
2009-10-05,30.549999237060547,29.899999618530273,30.200000762939453,30.510000228881836,980800.0,29.02939224243164
2009-10-06,31.135000228881836,30.364999771118164,30.6200008392334,31.014999389648438,1316400.0,29.509891510009766
2009-10-07,31.725000381469727,30.93000030517578,30.954999923706055,31.34000015258789,747600.0,29.81911849975586
2009-10-08,32.46500015258789,31.18000030517578,31.3799991607666,32.439998626708984,1356000.0,30.865741729736328
2009-10-09,33.31999969482422,32.4900016784668,32.494998931884766,33.17499923706055,895200.0,31.565065383911133
2009-10-12,33.18000030517578,32.755001068115234,33.18000030517578,32.810001373291016,626800.0,31.2177734375
2009-10-13,33.04999923706055,32.435001373291016,32.845001220703125,32.654998779296875,739600.0,31.0703067779541
2009-10-14,33.275001525878906,32.71500015258789,32.775001525878906,33.08000183105469,1065400.0,31.474674224853516
2009-10-15,33.21500015258789,32.560001373291016,32.6349983215332,32.79999923706055,1169200.0,31.208255767822266
2009-10-16,32.755001068115234,32.41999816894531,32.584999084472656,32.540000915527344,851400.0,30.960887908935547
2009-10-19,32.70000076293945,32.189998626708984,32.505001068115234,32.349998474121094,1238600.0,30.780094146728516
2009-10-20,32.47999954223633,31.969999313354492,32.349998474121094,32.060001373291016,993600.0,30.504182815551758
2009-10-21,32.30500030517578,31.385000228881836,32.14500045776367,31.424999237060547,1016000.0,29.89999008178711
2009-10-22,31.959999084472656,31.264999389648438,31.5049991607666,31.68000030517578,638200.0,30.14261817932129
2009-10-23,31.850000381469727,31.219999313354492,31.780000686645508,31.28499984741211,551200.0,29.766788482666016
2009-10-26,31.764999389648438,31.0,31.420000076293945,31.125,536000.0,29.61455535888672
2009-10-27,31.075000762939453,29.764999389648438,31.075000762939453,30.399999618530273,1364200.0,28.92473602294922
2009-10-28,30.190000534057617,28.834999084472656,30.15999984741211,28.875,1542400.0,27.473739624023438
2009-10-29,30.424999237060547,29.15999984741211,29.15999984741211,30.360000610351562,1941600.0,28.886676788330078
2009-10-30,30.049999237060547,27.78499984741211,28.739999771118164,27.825000762939453,6884800.0,26.47469711303711
2009-11-02,28.735000610351562,27.854999542236328,28.020000457763672,28.614999771118164,2577400.0,27.226356506347656
2009-11-03,28.825000762939453,28.239999771118164,28.56999969482422,28.635000228881836,1606800.0,27.245389938354492
2009-11-04,29.045000076293945,28.389999389648438,28.854999542236328,28.43000030517578,1213800.0,27.050338745117188
2009-11-05,28.795000076293945,28.43000030517578,28.655000686645508,28.78499984741211,1177000.0,27.388107299804688
2009-11-06,28.959999084472656,28.135000228881836,28.475000381469727,28.46500015258789,1264200.0,27.083633422851562
2009-11-09,28.850000381469727,28.46500015258789,28.549999237060547,28.829999923706055,762000.0,27.43092918395996
2009-11-10,29.219999313354492,28.709999084472656,28.815000534057617,29.075000762939453,887800.0,27.66403579711914
2009-11-11,29.375,29.010000228881836,29.235000610351562,29.225000381469727,699800.0,27.8067569732666
2009-11-12,29.459999084472656,29.155000686645508,29.31999969482422,29.21500015258789,841000.0,27.797239303588867
2009-11-13,29.489999771118164,29.174999237060547,29.329999923706055,29.329999923706055,1289000.0,27.906658172607422
2009-11-16,29.635000228881836,29.3799991607666,29.4950008392334,29.55500030517578,1003000.0,28.120742797851562
2009-11-17,29.56999969482422,29.295000076293945,29.450000762939453,29.514999389648438,820200.0,28.082679748535156
2009-11-18,29.575000762939453,29.0049991607666,29.565000534057617,29.165000915527344,692400.0,27.749670028686523
2009-11-19,29.674999237060547,28.829999923706055,29.184999465942383,29.3700008392334,1726400.0,27.944719314575195
2009-11-20,29.469999313354492,29.024999618530273,29.450000762939453,29.18000030517578,886400.0,27.763944625854492
2009-11-23,30.030000686645508,29.4950008392334,29.4950008392334,29.709999084472656,807600.0,28.268218994140625
2009-11-24,29.96500015258789,29.5049991607666,29.860000610351562,29.55500030517578,849400.0,28.120742797851562
2009-11-25,29.94499969482422,29.46500015258789,29.65999984741211,29.594999313354492,717000.0,28.15880012512207
2009-11-27,29.149999618530273,28.270000457763672,29.100000381469727,28.770000457763672,563400.0,27.39698028564453
2009-11-30,28.729999542236328,27.71500015258789,28.625,27.94499969482422,2211600.0,26.611358642578125
2009-12-01,28.5,28.0049991607666,28.0049991607666,28.274999618530273,1047600.0,26.925607681274414
2009-12-02,28.674999237060547,27.950000762939453,27.950000762939453,28.614999771118164,884000.0,27.249372482299805
2009-12-03,28.8700008392334,28.03499984741211,28.575000762939453,28.084999084472656,806200.0,26.744672775268555
2009-12-04,28.584999084472656,28.040000915527344,28.454999923706055,28.21500015258789,1115800.0,26.868465423583984
2009-12-07,28.84000015258789,28.309999465942383,28.309999465942383,28.459999084472656,1350000.0,27.10177230834961
2009-12-08,28.485000610351562,27.924999237060547,28.3799991607666,28.125,729200.0,26.782764434814453
2009-12-09,28.125,27.59000015258789,28.125,27.670000076293945,1112800.0,26.3494815826416
2009-12-10,28.584999084472656,27.760000228881836,27.860000610351562,28.489999771118164,1988800.0,27.130338668823242
2009-12-11,29.3700008392334,28.690000534057617,28.825000762939453,29.125,1761000.0,27.735044479370117
2009-12-14,30.045000076293945,29.325000762939453,29.325000762939453,30.0,1877800.0,28.568279266357422
2009-12-15,30.329999923706055,29.03499984741211,29.549999237060547,30.09000015258789,3905200.0,28.65398406982422
2009-12-16,31.270000457763672,30.100000381469727,30.139999389648438,31.18000030517578,1838800.0,29.691965103149414
2009-12-17,31.1200008392334,30.15999984741211,30.739999771118164,30.299999237060547,1429700.0,28.853958129882812
2009-12-18,31.399999618530273,30.43000030517578,31.299999237060547,30.43000030517578,2917800.0,28.977750778198242
2009-12-21,31.75,30.440000534057617,30.600000381469727,31.1200008392334,1177600.0,29.634828567504883
2009-12-22,31.350000381469727,31.06999969482422,31.09000015258789,31.219999313354492,1051200.0,29.730056762695312
2009-12-23,32.38999938964844,31.010000228881836,31.200000762939453,31.940000534057617,1627400.0,30.415695190429688
2009-12-24,32.13999938964844,31.790000915527344,32.060001373291016,31.989999771118164,244400.0,30.463308334350586
2009-12-28,32.29999923706055,31.549999237060547,32.11000061035156,31.59000015258789,578500.0,30.08240509033203
2009-12-29,31.6299991607666,31.200000762939453,31.6299991607666,31.200000762939453,384700.0,29.711013793945312
2009-12-30,31.229999542236328,30.65999984741211,31.020000457763672,30.709999084472656,648100.0,29.244394302368164
2009-12-31,30.81999969482422,30.5,30.770000457763672,30.5,774500.0,29.044422149658203
2010-01-04,31.149999618530273,30.65999984741211,30.65999984741211,31.149999618530273,1553600.0,29.663394927978516
2010-01-05,31.420000076293945,30.709999084472656,31.139999389648438,30.899999618530273,1210900.0,29.425325393676758
2010-01-06,31.229999542236328,30.649999618530273,30.93000030517578,30.75,1039700.0,29.28248405456543
2010-01-07,31.299999237060547,30.639999389648438,30.850000381469727,31.209999084472656,1186300.0,29.720539093017578
2010-01-08,32.68000030517578,31.209999084472656,31.25,32.619998931884766,1906000.0,31.06324005126953
2010-01-11,33.119998931884766,32.2400016784668,32.869998931884766,32.279998779296875,803500.0,30.73946189880371
2010-01-12,32.189998626708984,31.18000030517578,32.06999969482422,31.309999465942383,882200.0,29.81576156616211
2010-01-13,32.790000915527344,31.510000228881836,31.510000228881836,32.7599983215332,1360200.0,31.196552276611328
2010-01-14,33.41999816894531,32.41999816894531,32.529998779296875,33.36000061035156,1185600.0,31.767942428588867
2010-01-15,33.36000061035156,32.220001220703125,33.34000015258789,32.36000061035156,934000.0,30.815650939941406
2010-01-19,32.18000030517578,30.780000686645508,31.989999771118164,32.16999816894531,1775900.0,30.634719848632812
2010-01-20,31.940000534057617,29.600000381469727,31.940000534057617,30.31999969482422,4784300.0,28.873010635375977
2010-01-21,30.549999237060547,29.059999465942383,30.290000915527344,29.229999542236328,1792000.0,27.835025787353516
2010-01-22,29.899999618530273,28.670000076293945,29.209999084472656,28.75,1566600.0,27.37793731689453
2010-01-25,29.770000457763672,28.719999313354492,29.0,29.540000915527344,1579000.0,28.130233764648438
2010-01-26,30.959999084472656,29.299999237060547,29.420000076293945,30.850000381469727,1844100.0,29.377716064453125
2010-01-27,30.860000610351562,29.709999084472656,30.860000610351562,30.229999542236328,1858300.0,28.78730010986328
2010-01-28,30.389999389648438,29.1299991607666,30.280000686645508,29.389999389648438,1066900.0,27.987396240234375
2010-01-29,29.8700008392334,29.020000457763672,29.43000030517578,29.15999984741211,937600.0,27.76836585998535
2010-02-01,29.360000610351562,28.799999237060547,29.219999313354492,29.360000610351562,1136800.0,27.958824157714844
2010-02-02,30.420000076293945,29.18000030517578,29.40999984741211,30.34000015258789,1098700.0,28.89205551147461
2010-02-03,30.299999237060547,29.729999542236328,30.299999237060547,29.8799991607666,431200.0,28.454008102416992
2010-02-04,29.75,29.020000457763672,29.75,29.170000076293945,945300.0,27.777894973754883
2010-02-05,29.25,28.399999618530273,29.200000762939453,28.829999923706055,902800.0,27.454118728637695
2010-02-08,29.1299991607666,28.399999618530273,28.770000457763672,28.940000534057617,1375000.0,27.55886459350586
2010-02-09,30.350000381469727,29.049999237060547,29.270000457763672,30.239999771118164,1585500.0,28.79682731628418
2010-02-10,31.209999084472656,30.049999237060547,30.049999237060547,30.8700008392334,2193500.0,29.396760940551758
2010-02-11,31.450000762939453,30.450000762939453,30.729999542236328,31.3799991607666,942400.0,29.882415771484375
2010-02-12,32.02000045776367,30.8799991607666,31.049999237060547,32.02000045776367,1024000.0,30.491880416870117
2010-02-16,32.290000915527344,31.700000762939453,32.209999084472656,32.0099983215332,1031100.0,30.482358932495117
2010-02-17,32.29999923706055,31.729999542236328,32.0,31.84000015258789,1578100.0,30.320466995239258
2010-02-18,31.950000762939453,31.15999984741211,31.739999771118164,31.90999984741211,1804500.0,30.38712501525879
2010-02-19,32.290000915527344,31.780000686645508,31.780000686645508,32.279998779296875,926000.0,30.73946189880371
2010-02-22,32.5,31.3700008392334,32.27000045776367,31.450000762939453,1185600.0,29.94908332824707
2010-02-23,31.389999389648438,30.510000228881836,31.25,30.559999465942383,1275200.0,29.1015567779541
2010-02-24,30.700000762939453,30.190000534057617,30.56999969482422,30.399999618530273,1285100.0,28.949193954467773
2010-02-25,31.170000076293945,29.520000457763672,30.020000457763672,31.010000228881836,1725600.0,29.578723907470703
2010-02-26,31.829999923706055,29.649999618530273,30.520000457763672,31.020000457763672,2416700.0,29.588268280029297
2010-03-01,31.75,31.1200008392334,31.18000030517578,31.690000534057617,1207000.0,30.227338790893555
2010-03-02,32.220001220703125,31.670000076293945,31.850000381469727,32.040000915527344,686600.0,30.56118392944336
2010-03-03,32.380001068115234,31.56999969482422,32.20000076293945,31.649999618530273,882500.0,30.189189910888672
2010-03-04,33.09000015258789,31.56999969482422,31.600000381469727,33.029998779296875,1720700.0,31.50548553466797
2010-03-05,33.29999923706055,32.810001373291016,33.22999954223633,33.099998474121094,960200.0,31.57225227355957
2010-03-08,33.20000076293945,32.970001220703125,33.15999984741211,33.060001373291016,608700.0,31.534114837646484
2010-03-09,33.11000061035156,32.540000915527344,32.91999816894531,32.540000915527344,1498100.0,31.038116455078125
2010-03-10,33.63999938964844,31.8700008392334,32.630001068115234,33.5099983215332,3239800.0,31.96333122253418
2010-03-11,33.70000076293945,32.97999954223633,33.310001373291016,33.65999984741211,1536000.0,32.106407165527344
2010-03-12,33.75,32.40999984741211,33.599998474121094,33.029998779296875,1197600.0,31.50548553466797
2010-03-15,33.939998626708984,32.66999816894531,33.0099983215332,33.86000061035156,1371500.0,32.29718780517578
2010-03-16,34.16999816894531,33.790000915527344,33.970001220703125,34.150001525878906,1131700.0,32.573795318603516
2010-03-17,34.9900016784668,34.0,34.349998474121094,34.630001068115234,1750300.0,33.031646728515625
2010-03-18,34.959999084472656,34.099998474121094,34.77000045776367,34.16999816894531,1769600.0,32.59288787841797
2010-03-19,34.540000915527344,33.84000015258789,34.459999084472656,34.459999084472656,1767700.0,32.869476318359375
2010-03-22,36.709999084472656,34.75,34.75,36.59000015258789,3787400.0,34.90117645263672
2010-03-23,36.7400016784668,35.779998779296875,36.72999954223633,35.95000076293945,1192300.0,34.29071807861328
2010-03-24,35.970001220703125,35.02000045776367,35.90999984741211,35.16999816894531,1276900.0,33.54671096801758
2010-03-25,35.459999084472656,34.97999954223633,35.279998779296875,35.18000030517578,868100.0,33.55625534057617
2010-03-26,35.75,35.18000030517578,35.22999954223633,35.630001068115234,1283200.0,33.9854850769043
2010-03-29,36.16999816894531,35.65999984741211,35.810001373291016,36.06999969482422,941900.0,34.405181884765625
2010-03-30,36.25,35.689998626708984,36.15999984741211,35.79999923706055,1297100.0,34.14763259887695
2010-03-31,35.75,34.90999984741211,35.720001220703125,35.09000015258789,756200.0,33.47040939331055
2010-04-01,36.880001068115234,35.27000045776367,35.36000061035156,36.709999084472656,1578200.0,35.015647888183594
2010-04-05,37.08000183105469,36.5099983215332,36.709999084472656,36.630001068115234,672600.0,34.939334869384766
2010-04-06,36.970001220703125,36.459999084472656,36.56999969482422,36.689998626708984,789000.0,34.99656677246094
2010-04-07,36.81999969482422,35.810001373291016,36.540000915527344,36.779998779296875,1650600.0,35.08242416381836
2010-04-08,37.02000045776367,36.220001220703125,36.720001220703125,36.9900016784668,1141200.0,35.282718658447266
2010-04-09,37.099998474121094,36.290000915527344,37.04999923706055,36.31999969482422,1126300.0,34.643653869628906
2010-04-12,37.18000030517578,36.279998779296875,36.34000015258789,36.5,1792000.0,34.81533432006836
2010-04-13,36.79999923706055,35.959999084472656,36.54999923706055,36.060001373291016,1102400.0,34.395633697509766
2010-04-14,36.29999923706055,35.43000030517578,36.279998779296875,35.45000076293945,1128500.0,33.81379318237305
2010-04-15,35.56999969482422,35.130001068115234,35.45000076293945,35.380001068115234,1133300.0,33.74702072143555
2010-04-16,35.52000045776367,33.709999084472656,35.290000915527344,34.86000061035156,3856500.0,33.25103759765625
2010-04-19,35.93000030517578,34.63999938964844,35.2400016784668,35.7599983215332,1965500.0,34.1094856262207
2010-04-20,37.119998931884766,35.43000030517578,36.150001525878906,37.0,2057200.0,35.29225540161133
2010-04-21,37.25,35.81999969482422,36.93000030517578,35.9900016784668,1347700.0,34.32888412475586
2010-04-22,36.29999923706055,35.40999984741211,35.689998626708984,35.869998931884766,1113000.0,34.214412689208984
2010-04-23,37.06999969482422,35.970001220703125,35.970001220703125,36.5099983215332,1997300.0,34.82487106323242
2010-04-26,36.63999938964844,35.86000061035156,36.58000183105469,35.970001220703125,1178200.0,34.309814453125
2010-04-27,38.209999084472656,35.93000030517578,35.93000030517578,36.88999938964844,3694900.0,35.18734359741211
2010-04-28,37.189998626708984,36.54999923706055,36.97999954223633,36.75,1379600.0,35.053802490234375
2010-04-29,38.279998779296875,36.75,36.869998931884766,38.18000030517578,1264500.0,36.417789459228516
2010-04-30,38.68000030517578,37.099998474121094,38.20000076293945,37.119998931884766,1487900.0,35.406707763671875
2010-05-03,38.15999984741211,36.91999816894531,37.31999969482422,37.849998474121094,1290900.0,36.10302734375
2010-05-04,37.66999816894531,36.400001525878906,37.66999816894531,36.459999084472656,1218800.0,34.77718734741211
2010-05-05,36.86000061035156,35.880001068115234,36.290000915527344,36.0099983215332,1316600.0,34.34794998168945
2010-05-06,36.45000076293945,33.41999816894531,35.79999923706055,35.029998779296875,1816800.0,33.413185119628906
2010-05-07,35.900001525878906,34.810001373291016,35.099998474121094,35.470001220703125,2637500.0,33.832881927490234
2010-05-10,36.970001220703125,36.16999816894531,36.75,36.650001525878906,1332700.0,34.95840835571289
2010-05-11,37.689998626708984,36.060001373291016,36.31999969482422,37.47999954223633,1682200.0,35.750099182128906
2010-05-12,38.099998474121094,37.380001068115234,37.689998626708984,37.939998626708984,1087100.0,36.18885803222656
2010-05-13,38.540000915527344,37.65999984741211,37.810001373291016,37.70000076293945,1291800.0,35.959964752197266
2010-05-14,40.810001373291016,36.900001525878906,37.47999954223633,39.040000915527344,4621900.0,37.238094329833984
2010-05-17,43.470001220703125,41.0,43.20000076293945,42.13999938964844,7216400.0,40.19501495361328
2010-05-18,42.5,41.459999084472656,41.97999954223633,41.75,3878000.0,39.823028564453125
2010-05-19,42.209999084472656,41.36000061035156,41.529998779296875,42.099998474121094,1721700.0,40.156864166259766
2010-05-20,42.59000015258789,41.15999984741211,41.2400016784668,41.810001373291016,2875700.0,39.88025665283203
2010-05-21,42.36000061035156,40.7599983215332,41.4900016784668,41.9900016784668,2491600.0,40.05194091796875
2010-05-24,42.310001373291016,41.400001525878906,41.790000915527344,41.47999954223633,1815000.0,39.565486907958984
2010-05-25,41.959999084472656,40.709999084472656,40.900001525878906,41.84000015258789,1911300.0,39.90886688232422
2010-05-26,43.119998931884766,41.7599983215332,42.06999969482422,42.34000015258789,1836700.0,40.385772705078125
2010-05-27,43.630001068115234,42.86000061035156,43.16999816894531,43.060001373291016,1654000.0,41.121124267578125
2010-05-28,43.16999816894531,42.209999084472656,42.959999084472656,42.380001068115234,1224000.0,40.47174072265625
2010-06-01,42.7599983215332,41.7599983215332,42.09000015258789,41.900001525878906,1217300.0,40.01335144042969
2010-06-02,43.11000061035156,42.040000915527344,42.040000915527344,43.099998474121094,1334700.0,41.15930938720703
2010-06-03,43.79999923706055,42.630001068115234,43.459999084472656,43.36000061035156,1033200.0,41.407615661621094
2010-06-04,43.2400016784668,41.349998474121094,42.63999938964844,41.56999969482422,1217400.0,39.698211669921875
2010-06-07,42.2400016784668,41.029998779296875,41.63999938964844,41.2400016784668,1105400.0,39.3830680847168
2010-06-08,41.4900016784668,39.72999954223633,41.2400016784668,40.31999969482422,2064200.0,38.50448226928711
2010-06-09,41.63999938964844,40.529998779296875,40.61000061035156,40.880001068115234,1559600.0,39.03927993774414
2010-06-10,41.93000030517578,40.880001068115234,41.560001373291016,41.900001525878906,1107900.0,40.01335144042969
2010-06-11,42.13999938964844,41.380001068115234,41.459999084472656,42.13999938964844,875800.0,40.24253845214844
2010-06-14,42.70000076293945,42.150001525878906,42.29999923706055,42.279998779296875,925800.0,40.376243591308594
2010-06-15,43.27000045776367,42.58000183105469,42.68000030517578,43.22999954223633,759100.0,41.2834587097168
2010-06-16,43.34000015258789,42.439998626708984,42.90999984741211,42.7599983215332,1704200.0,40.834625244140625
2010-06-17,43.09000015258789,42.189998626708984,42.900001525878906,42.459999084472656,1495700.0,40.54812240600586
2010-06-18,42.5099983215332,41.25,42.459999084472656,41.33000183105469,1759700.0,39.469024658203125
2010-06-21,41.81999969482422,40.02000045776367,41.56999969482422,40.2599983215332,1660800.0,38.44718551635742
2010-06-22,40.84000015258789,39.209999084472656,40.34000015258789,39.22999954223633,1622800.0,37.46356964111328
2010-06-23,40.290000915527344,38.72999954223633,39.11000061035156,39.779998779296875,1729200.0,37.988800048828125
2010-06-24,40.630001068115234,39.869998931884766,40.380001068115234,40.25,2076200.0,38.437644958496094
2010-06-25,40.560001373291016,39.939998626708984,40.2400016784668,40.06999969482422,1963800.0,38.2657470703125
2010-06-28,40.08000183105469,39.220001220703125,40.06999969482422,39.47999954223633,1498500.0,37.70231628417969
2010-06-29,39.040000915527344,38.08000183105469,38.939998626708984,38.66999816894531,1431700.0,36.92879104614258
2010-06-30,38.849998474121094,38.119998931884766,38.529998779296875,38.150001525878906,1512800.0,36.43220138549805
2010-07-01,38.36000061035156,36.43000030517578,38.36000061035156,37.15999984741211,1676500.0,35.486778259277344
2010-07-02,37.290000915527344,36.33000183105469,37.290000915527344,36.59000015258789,1251000.0,34.942440032958984
2010-07-06,37.2599983215332,36.2599983215332,37.119998931884766,36.43000030517578,1355300.0,34.78963851928711
2010-07-07,36.77000045776367,36.08000183105469,36.38999938964844,36.7400016784668,886800.0,35.08570098876953
2010-07-08,37.869998931884766,36.65999984741211,36.97999954223633,36.7400016784668,2478700.0,35.08570098876953
2010-07-09,36.900001525878906,36.130001068115234,36.720001220703125,36.4900016784668,1308700.0,34.846946716308594
2010-07-12,36.810001373291016,36.13999938964844,36.45000076293945,36.400001525878906,895500.0,34.76100540161133
2010-07-13,37.040000915527344,36.47999954223633,36.650001525878906,36.869998931884766,834300.0,35.2098388671875
2010-07-14,37.849998474121094,36.54999923706055,36.880001068115234,37.59000015258789,1340400.0,35.89741516113281
2010-07-15,37.77000045776367,36.9900016784668,37.5099983215332,37.650001525878906,1144100.0,35.95471954345703
2010-07-16,37.4900016784668,36.689998626708984,37.4900016784668,36.810001373291016,1313300.0,35.15254211425781
2010-07-19,37.150001525878906,36.5,36.79999923706055,36.63999938964844,768800.0,34.99018096923828
2010-07-20,36.43000030517578,35.869998931884766,36.29999923706055,36.20000076293945,1352300.0,34.56999969482422
2010-07-21,36.38999938964844,34.790000915527344,36.38999938964844,34.95000076293945,2740100.0,33.376285552978516
2010-07-22,35.599998474121094,34.880001068115234,35.34000015258789,34.900001525878906,1010700.0,33.32854080200195
2010-07-23,35.220001220703125,34.599998474121094,34.72999954223633,35.02000045776367,1650400.0,33.44314956665039
2010-07-26,36.560001373291016,34.95000076293945,35.36000061035156,36.310001373291016,2407200.0,34.675048828125
2010-07-27,36.27000045776367,35.0,35.25,35.43000030517578,3449000.0,33.83467483520508
2010-07-28,35.86000061035156,34.5099983215332,35.54999923706055,34.560001373291016,1139400.0,33.00385284423828
2010-07-29,35.09000015258789,34.0,34.70000076293945,34.279998779296875,1359600.0,32.7364616394043
2010-07-30,36.040000915527344,33.900001525878906,34.029998779296875,35.970001220703125,2132100.0,34.350379943847656
2010-08-02,37.5099983215332,34.77000045776367,36.970001220703125,34.91999816894531,2190500.0,33.34762954711914
2010-08-03,36.290000915527344,34.650001525878906,34.709999084472656,36.20000076293945,2215600.0,34.56999969482422
2010-08-04,38.7599983215332,36.16999816894531,36.400001525878906,37.72999954223633,3294200.0,36.03110885620117
2010-08-05,39.220001220703125,37.72999954223633,38.59000015258789,38.0,1928300.0,36.28895950317383
2010-08-06,38.13999938964844,37.16999816894531,37.619998931884766,37.84000015258789,886600.0,36.13615417480469
2010-08-09,38.2400016784668,37.790000915527344,38.130001068115234,38.0,559400.0,36.28895950317383
2010-08-10,38.13999938964844,37.540000915527344,37.650001525878906,37.720001220703125,789900.0,36.021568298339844
2010-08-11,37.31999969482422,36.11000061035156,37.31999969482422,36.18000030517578,789300.0,34.5509033203125
2010-08-12,36.279998779296875,35.400001525878906,35.709999084472656,36.0,709000.0,34.37902069091797
2010-08-13,36.4900016784668,35.560001373291016,35.95000076293945,36.310001373291016,558300.0,34.675048828125
2010-08-16,36.189998626708984,35.650001525878906,36.04999923706055,36.0,619400.0,34.37902069091797
2010-08-17,36.349998474121094,35.779998779296875,36.15999984741211,35.90999984741211,1170700.0,34.29306411743164
2010-08-18,36.02000045776367,35.2400016784668,35.970001220703125,35.880001068115234,788600.0,34.26441955566406
2010-08-19,35.91999816894531,35.09000015258789,35.7599983215332,35.13999938964844,975200.0,33.5577392578125
2010-08-20,35.119998931884766,34.40999984741211,35.119998931884766,34.86000061035156,892300.0,33.29034423828125
2010-08-23,35.18000030517578,34.16999816894531,34.95000076293945,34.209999084472656,784500.0,32.66959762573242
2010-08-24,33.959999084472656,32.369998931884766,33.959999084472656,32.560001373291016,2157900.0,31.09390640258789
2010-08-25,33.13999938964844,32.2400016784668,32.2400016784668,32.79999923706055,806800.0,31.323095321655273
2010-08-26,33.06999969482422,31.299999237060547,32.88999938964844,31.40999984741211,1730400.0,29.99568748474121
2010-08-27,31.719999313354492,30.510000228881836,31.549999237060547,31.6299991607666,1368900.0,30.205778121948242
2010-08-30,31.6299991607666,31.049999237060547,31.399999618530273,31.059999465942383,482900.0,29.70840835571289
2010-08-31,31.610000610351562,30.920000076293945,31.010000228881836,31.399999618530273,1336000.0,30.03361701965332
2010-09-01,32.52000045776367,31.579999923706055,31.84000015258789,32.060001373291016,1025900.0,30.664897918701172
2010-09-02,32.95000076293945,31.68000030517578,32.08000183105469,32.939998626708984,1032000.0,31.506603240966797
2010-09-03,33.779998779296875,33.040000915527344,33.18000030517578,33.400001525878906,708600.0,31.946584701538086
2010-09-07,33.45000076293945,32.95000076293945,33.22999954223633,33.279998779296875,888500.0,31.83179473876953
2010-09-08,33.619998931884766,33.02000045776367,33.27000045776367,33.130001068115234,974500.0,31.688335418701172
2010-09-09,34.40999984741211,33.189998626708984,33.459999084472656,34.029998779296875,1428500.0,32.54916000366211
2010-09-10,34.119998931884766,33.650001525878906,33.959999084472656,34.0,530100.0,32.520469665527344
2010-09-13,34.369998931884766,33.869998931884766,34.369998931884766,34.04999923706055,864600.0,32.56829071044922
2010-09-14,34.77000045776367,32.88999938964844,33.93000030517578,34.38999938964844,1923300.0,32.89350128173828
2010-09-15,35.40999984741211,34.2400016784668,34.2599983215332,35.29999923706055,1643200.0,33.7639045715332
2010-09-16,35.630001068115234,34.81999969482422,35.09000015258789,35.560001373291016,651400.0,34.012596130371094
2010-09-17,36.20000076293945,35.5099983215332,35.630001068115234,35.77000045776367,668400.0,34.21344757080078
2010-09-20,37.33000183105469,36.040000915527344,36.130001068115234,36.900001525878906,1260500.0,35.29426574707031
2010-09-21,37.060001373291016,36.529998779296875,36.79999923706055,36.72999954223633,998200.0,35.13167953491211
2010-09-22,37.68000030517578,36.54999923706055,36.54999923706055,37.58000183105469,1328600.0,35.944698333740234
2010-09-23,37.58000183105469,36.91999816894531,37.27000045776367,37.20000076293945,962800.0,35.58122253417969
2010-09-24,38.25,37.2599983215332,37.560001373291016,38.060001373291016,1129500.0,36.4037971496582
2010-09-27,38.86000061035156,37.560001373291016,38.060001373291016,38.7400016784668,1138200.0,37.054203033447266
2010-09-28,39.0,38.27000045776367,38.880001068115234,38.81999969482422,765300.0,37.1307258605957
2010-09-29,39.459999084472656,38.369998931884766,38.59000015258789,39.150001525878906,643500.0,37.44638442993164
2010-09-30,40.290000915527344,38.0099983215332,39.41999816894531,38.86000061035156,1468200.0,37.16898727416992
2010-10-01,39.2599983215332,38.09000015258789,39.029998779296875,38.689998626708984,712300.0,37.00638198852539
2010-10-04,39.08000183105469,37.86000061035156,38.4900016784668,38.11000061035156,777100.0,36.45164108276367
2010-10-05,38.709999084472656,37.619998931884766,38.52000045776367,37.81999969482422,1398400.0,36.174251556396484
2010-10-06,38.0,37.439998626708984,37.86000061035156,37.619998931884766,569000.0,35.98293685913086
2010-10-07,37.939998626708984,37.220001220703125,37.84000015258789,37.41999816894531,743200.0,35.79165267944336
2010-10-08,38.72999954223633,37.099998474121094,37.4900016784668,38.540000915527344,1234400.0,36.86290740966797
2010-10-11,39.25,38.27000045776367,38.630001068115234,38.75,780300.0,37.06376647949219
2010-10-12,38.9900016784668,38.27000045776367,38.709999084472656,38.91999816894531,620300.0,37.22637939453125
2010-10-13,39.04999923706055,38.25,39.04999923706055,38.459999084472656,926200.0,36.786399841308594
2010-10-14,38.65999984741211,37.439998626708984,38.47999954223633,37.70000076293945,950800.0,36.05948257446289
2010-10-15,38.40999984741211,37.43000030517578,38.04999923706055,37.970001220703125,1242400.0,36.31772232055664
2010-10-18,38.75,37.9900016784668,37.9900016784668,38.560001373291016,838800.0,36.88203811645508
2010-10-19,38.349998474121094,36.939998626708984,38.25,37.209999084472656,1079600.0,35.59078598022461
2010-10-20,39.11000061035156,37.41999816894531,37.41999816894531,38.45000076293945,1897800.0,36.77683639526367
2010-10-21,38.560001373291016,37.66999816894531,38.54999923706055,38.150001525878906,804000.0,36.48987579345703
2010-10-22,39.150001525878906,38.22999954223633,38.349998474121094,38.939998626708984,1605700.0,37.24551010131836
2010-10-25,39.5,38.52000045776367,39.0099983215332,39.209999084472656,1203400.0,37.50375747680664
2010-10-26,39.61000061035156,38.95000076293945,38.959999084472656,39.4900016784668,928500.0,37.77156448364258
2010-10-27,39.68000030517578,38.02000045776367,39.11000061035156,38.77000045776367,1705700.0,37.082908630371094
2010-10-28,41.689998626708984,38.86000061035156,38.86000061035156,40.56999969482422,3086300.0,38.804569244384766
2010-10-29,41.369998931884766,40.33000183105469,40.34000015258789,41.27000045776367,2260900.0,39.47410583496094
2010-11-01,41.9900016784668,40.41999816894531,41.34000015258789,40.95000076293945,1126600.0,39.16804504394531
2010-11-02,41.369998931884766,40.88999938964844,41.11000061035156,41.20000076293945,860800.0,39.40715408325195
2010-11-03,41.81999969482422,40.5099983215332,41.279998779296875,41.349998474121094,1049000.0,39.5506477355957
2010-11-04,42.060001373291016,41.439998626708984,41.7400016784668,41.95000076293945,1077700.0,40.12452697753906
2010-11-05,42.20000076293945,41.66999816894531,41.95000076293945,41.93000030517578,615900.0,40.10538864135742
2010-11-08,42.68000030517578,41.810001373291016,42.2400016784668,41.95000076293945,789000.0,40.12452697753906
2010-11-09,42.20000076293945,41.2599983215332,42.040000915527344,41.400001525878906,643500.0,39.59845733642578
2010-11-10,41.81999969482422,41.0,41.310001373291016,41.709999084472656,923700.0,39.894954681396484
2010-11-11,41.720001220703125,41.22999954223633,41.33000183105469,41.56999969482422,689600.0,39.76106262207031
2010-11-12,41.709999084472656,40.47999954223633,41.45000076293945,40.7400016784668,906600.0,38.96717071533203
2010-11-15,41.20000076293945,40.81999969482422,40.97999954223633,40.88999938964844,638700.0,39.11064910888672
2010-11-16,41.650001525878906,40.5,40.7599983215332,40.849998474121094,1117100.0,39.0723876953125
2010-11-17,41.16999816894531,40.619998931884766,41.040000915527344,40.75,934100.0,38.97674560546875
2010-11-18,41.38999938964844,40.709999084472656,40.9900016784668,40.77000045776367,1370000.0,38.9958610534668
2010-11-19,41.0,40.220001220703125,40.79999923706055,40.22999954223633,889900.0,38.4793701171875
2010-11-22,40.470001220703125,39.86000061035156,40.220001220703125,40.11000061035156,971700.0,38.364601135253906
2010-11-23,40.349998474121094,39.2400016784668,39.70000076293945,40.29999923706055,972400.0,38.54632568359375
2010-11-24,41.16999816894531,40.18000030517578,40.47999954223633,41.0099983215332,550400.0,39.22542190551758
2010-11-26,41.060001373291016,40.41999816894531,40.70000076293945,40.95000076293945,182700.0,39.16804504394531
2010-11-29,41.5,40.380001068115234,40.68000030517578,41.29999923706055,704600.0,39.55110168457031
2010-11-30,41.439998626708984,40.68000030517578,40.900001525878906,41.119998931884766,693500.0,39.378719329833984
2010-12-01,42.15999984741211,41.040000915527344,41.5099983215332,41.13999938964844,1088200.0,39.39787292480469
2010-12-02,42.06999969482422,41.09000015258789,41.09000015258789,42.060001373291016,754800.0,40.2789192199707
2010-12-03,42.029998779296875,41.31999969482422,42.029998779296875,41.72999954223633,625200.0,39.9629020690918
2010-12-06,41.619998931884766,40.90999984741211,41.58000183105469,41.119998931884766,473100.0,39.378719329833984
2010-12-07,41.7400016784668,41.130001068115234,41.150001525878906,41.29999923706055,715600.0,39.55110168457031
2010-12-08,41.45000076293945,40.959999084472656,41.279998779296875,40.97999954223633,637600.0,39.24464797973633
2010-12-09,41.310001373291016,40.709999084472656,41.099998474121094,41.20000076293945,497700.0,39.45532989501953
2010-12-10,42.900001525878906,41.290000915527344,41.459999084472656,41.7400016784668,1548000.0,39.97247314453125
2010-12-13,41.900001525878906,40.290000915527344,41.880001068115234,40.31999969482422,904400.0,38.61259460449219
2010-12-14,41.869998931884766,40.40999984741211,40.4900016784668,41.86000061035156,1140700.0,40.08738708496094
2010-12-15,42.72999954223633,41.58000183105469,41.869998931884766,42.25,1870800.0,40.460880279541016
2010-12-16,43.220001220703125,42.06999969482422,42.33000183105469,43.16999816894531,946800.0,41.341915130615234
2010-12-17,43.349998474121094,42.880001068115234,43.25,43.310001373291016,1682400.0,41.47599792480469
2010-12-20,43.310001373291016,42.93000030517578,43.25,43.150001525878906,553000.0,41.3227653503418
2010-12-21,43.650001525878906,43.060001373291016,43.25,43.369998931884766,344400.0,41.53345489501953
2010-12-22,43.7599983215332,43.2400016784668,43.349998474121094,43.54999923706055,601100.0,41.70582580566406
2010-12-23,44.040000915527344,42.88999938964844,43.439998626708984,43.09000015258789,589800.0,41.26530456542969
2010-12-27,43.0099983215332,42.459999084472656,42.959999084472656,42.880001068115234,206300.0,41.06418991088867
2010-12-28,42.959999084472656,42.43000030517578,42.779998779296875,42.650001525878906,423800.0,40.84393310546875
2010-12-29,42.900001525878906,42.369998931884766,42.650001525878906,42.849998474121094,277700.0,41.035457611083984
2010-12-30,43.970001220703125,42.709999084472656,42.75,43.7400016784668,492800.0,41.887779235839844
2010-12-31,43.95000076293945,43.29999923706055,43.630001068115234,43.41999816894531,381900.0,41.581329345703125
2011-01-03,44.279998779296875,43.18000030517578,43.56999969482422,43.43000030517578,1294600.0,41.590904235839844
2011-01-04,45.0,43.86000061035156,43.970001220703125,44.15999984741211,1719500.0,42.28998947143555
2011-01-05,44.83000183105469,44.0,44.150001525878906,44.0099983215332,1064700.0,42.14634704589844
2011-01-06,44.58000183105469,44.060001373291016,44.189998626708984,44.400001525878906,1189100.0,42.51982879638672
2011-01-07,44.599998474121094,43.869998931884766,44.5,44.279998779296875,782200.0,42.404911041259766
2011-01-10,44.279998779296875,43.619998931884766,43.849998474121094,44.029998779296875,822700.0,42.16549301147461
2011-01-11,45.119998931884766,44.119998931884766,44.38999938964844,44.790000915527344,594600.0,42.89331817626953
2011-01-12,45.08000183105469,44.209999084472656,45.08000183105469,44.7400016784668,355700.0,42.84543991088867
2011-01-13,46.58000183105469,44.65999984741211,44.709999084472656,46.0,1957100.0,44.05207824707031
2011-01-14,46.0,45.43000030517578,45.84000015258789,45.970001220703125,579200.0,44.023353576660156
2011-01-18,46.310001373291016,45.619998931884766,45.939998626708984,46.2599983215332,1144800.0,44.30105972290039
2011-01-19,45.75,42.849998474121094,45.7400016784668,43.66999816894531,3535700.0,41.82073211669922
2011-01-20,44.290000915527344,42.880001068115234,43.349998474121094,43.47999954223633,1474400.0,41.638790130615234
2011-01-21,44.0,42.029998779296875,43.689998626708984,42.33000183105469,2027300.0,40.537479400634766
2011-01-24,42.61000061035156,41.77000045776367,42.47999954223633,42.29999923706055,1650200.0,40.508758544921875
2011-01-25,43.38999938964844,42.0,42.33000183105469,42.880001068115234,1131300.0,41.06418991088867
2011-01-26,43.59000015258789,42.41999816894531,43.029998779296875,43.5,1219300.0,41.65793991088867
2011-01-27,43.689998626708984,42.88999938964844,43.45000076293945,42.970001220703125,665600.0,41.150386810302734
2011-01-28,43.119998931884766,41.95000076293945,42.97999954223633,42.09000015258789,483800.0,40.307655334472656
2011-01-31,42.369998931884766,41.56999969482422,42.16999816894531,42.099998474121094,1157400.0,40.31721878051758
2011-02-01,43.0,42.18000030517578,42.36000061035156,42.599998474121094,866400.0,40.79605484008789
2011-02-02,43.029998779296875,42.380001068115234,42.380001068115234,42.599998474121094,518900.0,40.79605484008789
2011-02-03,43.290000915527344,41.83000183105469,42.5,42.810001373291016,547700.0,40.99716567993164
2011-02-04,43.36000061035156,42.5,42.88999938964844,42.619998931884766,571900.0,40.815208435058594
2011-02-07,43.5099983215332,42.470001220703125,42.83000183105469,43.11000061035156,644000.0,41.284454345703125
2011-02-08,44.5,43.22999954223633,43.22999954223633,44.13999938964844,956500.0,42.270835876464844
2011-02-09,44.0099983215332,43.20000076293945,43.93000030517578,43.369998931884766,703500.0,41.53345489501953
2011-02-10,43.529998779296875,41.75,43.27000045776367,42.060001373291016,1808600.0,40.2789192199707
2011-02-11,43.22999954223633,41.43000030517578,42.09000015258789,42.790000915527344,1546400.0,40.97801208496094
2011-02-14,44.0,42.59000015258789,42.83000183105469,43.900001525878906,732800.0,42.041015625
2011-02-15,44.65999984741211,43.72999954223633,43.7400016784668,43.849998474121094,1081300.0,41.99312210083008
2011-02-16,44.41999816894531,43.689998626708984,44.0,44.18000030517578,793500.0,42.30914306640625
2011-02-17,44.27000045776367,43.459999084472656,44.20000076293945,43.63999938964844,820200.0,41.792022705078125
2011-02-18,43.7599983215332,42.63999938964844,43.68000030517578,42.91999816894531,734900.0,41.102500915527344
2011-02-22,42.77000045776367,41.70000076293945,42.5099983215332,42.2599983215332,1296000.0,40.4704475402832
2011-02-23,43.7599983215332,41.9900016784668,42.220001220703125,43.56999969482422,1920400.0,41.7249755859375
2011-02-24,44.18000030517578,42.97999954223633,43.45000076293945,43.72999954223633,998900.0,41.87820053100586
2011-02-25,45.25,43.54999923706055,43.709999084472656,45.220001220703125,1187500.0,43.35468292236328
2011-02-28,46.720001220703125,45.25,45.25,45.709999084472656,1697900.0,43.824462890625
2011-03-01,48.2400016784668,47.0,47.0,47.47999954223633,3040800.0,45.52145004272461
2011-03-02,48.09000015258789,47.04999923706055,47.29999923706055,48.029998779296875,1141200.0,46.04877471923828
2011-03-03,48.66999816894531,47.900001525878906,48.31999969482422,48.060001373291016,1717300.0,46.07752990722656
2011-03-04,48.33000183105469,47.2400016784668,48.040000915527344,47.65999984741211,1214600.0,45.694026947021484
2011-03-07,47.95000076293945,46.34000015258789,47.790000915527344,46.970001220703125,1050700.0,45.03249740600586
2011-03-08,48.13999938964844,46.91999816894531,47.06999969482422,47.619998931884766,753800.0,45.65566635131836
2011-03-09,48.5,47.540000915527344,47.720001220703125,48.47999954223633,1060600.0,46.48020553588867
2011-03-10,48.02000045776367,47.15999984741211,47.970001220703125,47.310001373291016,707300.0,45.35847091674805
2011-03-11,47.310001373291016,46.189998626708984,47.0,47.06999969482422,609300.0,45.12837600708008
2011-03-14,47.5099983215332,46.20000076293945,46.79999923706055,46.68000030517578,775500.0,44.75444030761719
2011-03-15,47.209999084472656,45.540000915527344,45.849998474121094,46.970001220703125,780500.0,45.03249740600586
2011-03-16,48.869998931884766,47.400001525878906,48.400001525878906,47.65999984741211,1466100.0,45.694026947021484
2011-03-17,48.33000183105469,46.880001068115234,48.13999938964844,46.959999084472656,794200.0,45.02289962768555
2011-03-18,47.5,46.75,47.310001373291016,46.880001068115234,747600.0,44.94620132446289
2011-03-21,47.56999969482422,46.560001373291016,47.290000915527344,46.83000183105469,659800.0,44.89826202392578
2011-03-22,47.209999084472656,45.810001373291016,46.7400016784668,46.13999938964844,651000.0,44.236717224121094
2011-03-23,46.61000061035156,45.84000015258789,46.25,46.11000061035156,626300.0,44.20795822143555
2011-03-24,46.689998626708984,45.88999938964844,46.369998931884766,46.65999984741211,577400.0,44.73527145385742
2011-03-25,47.810001373291016,46.650001525878906,46.650001525878906,46.90999984741211,559600.0,44.9749755859375
2011-03-28,47.04999923706055,46.689998626708984,46.83000183105469,46.75,663200.0,44.821563720703125
2011-03-29,47.529998779296875,46.459999084472656,46.79999923706055,47.400001525878906,844400.0,45.44475173950195
2011-03-30,49.029998779296875,47.599998474121094,47.61000061035156,48.790000915527344,1094600.0,46.77741241455078
2011-03-31,49.75,48.560001373291016,48.7599983215332,49.40999984741211,816600.0,47.371849060058594
2011-04-01,50.31999969482422,49.630001068115234,49.72999954223633,49.79999923706055,698900.0,47.74575424194336
2011-04-04,51.18000030517578,49.90999984741211,49.90999984741211,50.939998626708984,1249100.0,48.83872985839844
2011-04-05,51.130001068115234,50.56999969482422,50.83000183105469,50.880001068115234,881600.0,48.78120040893555
2011-04-06,51.040000915527344,49.83000183105469,50.97999954223633,50.06999969482422,1231600.0,48.00461959838867
2011-04-07,50.97999954223633,49.7400016784668,49.97999954223633,49.90999984741211,635800.0,47.85121536254883
2011-04-08,50.150001525878906,48.34000015258789,50.0,48.7599983215332,767100.0,46.748653411865234
2011-04-11,48.95000076293945,46.91999816894531,48.720001220703125,46.9900016784668,2913400.0,45.05167007446289
2011-04-12,48.45000076293945,46.380001068115234,47.0099983215332,46.79999923706055,2088000.0,44.869503021240234
2011-04-13,47.959999084472656,46.68000030517578,47.08000183105469,47.20000076293945,1914800.0,45.25299835205078
2011-04-14,47.16999816894531,45.369998931884766,46.88999938964844,46.81999969482422,2578700.0,44.88867950439453
2011-04-15,47.20000076293945,46.130001068115234,46.83000183105469,46.470001220703125,1495300.0,44.5531120300293
2011-04-18,46.29999923706055,44.68000030517578,45.619998931884766,46.130001068115234,1507700.0,44.227142333984375
2011-04-19,47.130001068115234,46.099998474121094,46.130001068115234,46.61000061035156,848200.0,44.687347412109375
2011-04-20,47.91999816894531,45.560001373291016,46.849998474121094,47.43000030517578,1308100.0,45.4735107421875
2011-04-21,49.970001220703125,47.689998626708984,48.38999938964844,47.7400016784668,1286800.0,45.77073287963867
2011-04-25,48.08000183105469,47.349998474121094,47.75,47.95000076293945,787800.0,45.97207260131836
2011-04-26,49.45000076293945,47.81999969482422,47.84000015258789,49.16999816894531,1300000.0,47.141719818115234
2011-04-27,56.310001373291016,52.16999816894531,54.43000030517578,54.7400016784668,3372100.0,52.48197555541992
2011-04-28,55.220001220703125,54.09000015258789,54.72999954223633,54.790000915527344,1677500.0,52.52991485595703
2011-04-29,54.95000076293945,54.13999938964844,54.75,54.779998779296875,1500000.0,52.52032470703125
2011-05-02,54.90999984741211,53.61000061035156,54.869998931884766,54.099998474121094,1475000.0,51.86838150024414
2011-05-03,54.27000045776367,52.599998474121094,54.099998474121094,53.45000076293945,1490300.0,51.24518966674805
2011-05-04,53.939998626708984,52.7400016784668,53.27000045776367,53.290000915527344,1274700.0,51.091796875
2011-05-05,54.790000915527344,52.63999938964844,52.79999923706055,53.38999938964844,769400.0,51.187660217285156
2011-05-06,54.95000076293945,53.290000915527344,53.84000015258789,54.38999938964844,1448500.0,52.14640808105469
2011-05-09,56.060001373291016,54.189998626708984,54.45000076293945,55.40999984741211,1405100.0,53.12434005737305
2011-05-10,56.459999084472656,54.91999816894531,55.349998474121094,56.40999984741211,1040100.0,54.08308410644531
2011-05-11,56.29999923706055,55.0099983215332,56.04999923706055,55.470001220703125,1013000.0,53.18186569213867
2011-05-12,55.68000030517578,54.209999084472656,55.349998474121094,55.20000076293945,644000.0,52.923011779785156
2011-05-13,55.2599983215332,53.869998931884766,55.2599983215332,53.9900016784668,750000.0,51.76292419433594
2011-05-16,54.5,53.560001373291016,53.95000076293945,53.779998779296875,753000.0,51.561580657958984
2011-05-17,53.970001220703125,52.95000076293945,53.54999923706055,53.16999816894531,1180600.0,50.97673034667969
2011-05-18,54.349998474121094,53.22999954223633,53.40999984741211,54.290000915527344,713900.0,52.0505485534668
2011-05-19,54.459999084472656,53.470001220703125,54.459999084472656,53.7599983215332,628500.0,51.54240036010742
2011-05-20,53.86000061035156,52.880001068115234,53.7599983215332,53.5,598300.0,51.293128967285156
2011-05-23,53.33000183105469,52.56999969482422,52.86000061035156,52.959999084472656,604600.0,50.775386810302734
2011-05-24,53.77000045776367,52.68000030517578,53.18000030517578,53.68000030517578,589500.0,51.465702056884766
2011-05-25,54.040000915527344,53.27000045776367,53.36000061035156,53.900001525878906,602100.0,51.676639556884766
2011-05-26,54.189998626708984,53.2599983215332,53.560001373291016,54.150001525878906,640400.0,51.91631317138672
2011-05-27,55.29999923706055,54.0,54.13999938964844,54.97999954223633,886200.0,52.760799407958984
2011-05-31,55.70000076293945,54.18000030517578,55.2599983215332,54.4900016784668,910400.0,52.29058074951172
2011-06-01,54.54999923706055,53.95000076293945,54.4900016784668,54.38999938964844,1216900.0,52.194610595703125
2011-06-02,55.40999984741211,54.0099983215332,54.25,55.189998626708984,1649600.0,52.96231460571289
2011-06-03,54.54999923706055,52.93000030517578,54.20000076293945,53.040000915527344,656400.0,50.89910125732422
2011-06-06,53.09000015258789,50.810001373291016,53.02000045776367,51.529998779296875,1156900.0,49.450050354003906
2011-06-07,52.400001525878906,51.45000076293945,51.90999984741211,51.459999084472656,896000.0,49.382877349853516
2011-06-08,51.540000915527344,50.81999969482422,51.310001373291016,51.18000030517578,666700.0,49.11418533325195
2011-06-09,52.93000030517578,51.29999923706055,51.459999084472656,52.709999084472656,819900.0,50.58241653442383
2011-06-10,52.470001220703125,50.970001220703125,52.33000183105469,52.040000915527344,1183300.0,49.939456939697266
2011-06-13,53.16999816894531,51.599998474121094,52.970001220703125,51.810001373291016,807300.0,49.718746185302734
2011-06-14,53.33000183105469,52.029998779296875,52.27000045776367,52.88999938964844,742400.0,50.75514221191406
2011-06-15,53.0099983215332,51.7400016784668,52.31999969482422,51.869998931884766,558400.0,49.77632522583008
2011-06-16,52.189998626708984,50.939998626708984,51.810001373291016,51.369998931884766,778000.0,49.29650115966797
2011-06-17,52.459999084472656,51.630001068115234,51.869998931884766,51.939998626708984,798100.0,49.84349822998047
2011-06-20,52.869998931884766,51.7599983215332,51.90999984741211,52.560001373291016,451900.0,50.4384765625
2011-06-21,53.97999954223633,52.779998779296875,52.779998779296875,53.7400016784668,586400.0,51.570838928222656
2011-06-22,53.7400016784668,53.040000915527344,53.470001220703125,53.06999969482422,837600.0,50.927894592285156
2011-06-23,53.33000183105469,51.47999954223633,52.52000045776367,53.220001220703125,656600.0,51.071834564208984
2011-06-24,53.22999954223633,50.7599983215332,53.209999084472656,51.130001068115234,2057900.0,49.06619644165039
2011-06-27,51.22999954223633,49.869998931884766,51.22999954223633,50.529998779296875,1647900.0,48.49040985107422
2011-06-28,51.54999923706055,50.599998474121094,50.77000045776367,51.5099983215332,1168400.0,49.430850982666016
2011-06-29,51.83000183105469,51.189998626708984,51.72999954223633,51.22999954223633,968900.0,49.16215133666992
2011-06-30,52.189998626708984,50.970001220703125,51.40999984741211,51.529998779296875,1117300.0,49.450050354003906
2011-07-01,53.75,51.599998474121094,51.63999938964844,53.4900016784668,1135000.0,51.330936431884766
2011-07-05,53.45000076293945,52.61000061035156,53.43000030517578,53.130001068115234,755500.0,50.98545837402344
2011-07-06,54.47999954223633,52.869998931884766,53.150001525878906,54.099998474121094,685000.0,51.91630935668945
2011-07-07,55.41999816894531,54.34000015258789,54.58000183105469,54.63999938964844,1052900.0,52.43452072143555
2011-07-08,54.09000015258789,52.939998626708984,53.93000030517578,54.0099983215332,829000.0,51.82994842529297
2011-07-11,54.439998626708984,52.34000015258789,53.56999969482422,52.68000030517578,1049900.0,50.55363082885742
2011-07-12,53.689998626708984,52.40999984741211,52.40999984741211,52.93000030517578,1153900.0,50.79354476928711
2011-07-13,54.15999984741211,52.90999984741211,53.06999969482422,53.029998779296875,939400.0,50.889495849609375
2011-07-14,53.54999923706055,52.0099983215332,53.31999969482422,52.29999923706055,1295500.0,50.18895721435547
2011-07-15,52.56999969482422,51.369998931884766,52.56999969482422,52.47999954223633,1327000.0,50.36170196533203
2011-07-18,52.5,51.5,52.189998626708984,51.810001373291016,729700.0,49.718746185302734
2011-07-19,53.06999969482422,51.83000183105469,52.11000061035156,51.9900016784668,1471600.0,49.891483306884766
2011-07-20,52.150001525878906,51.02000045776367,52.150001525878906,51.540000915527344,1353900.0,49.45964050292969
2011-07-21,53.279998779296875,51.88999938964844,51.900001525878906,52.849998474121094,1230300.0,50.716766357421875
2011-07-22,53.61000061035156,52.22999954223633,52.91999816894531,53.560001373291016,864700.0,51.398109436035156
2011-07-25,52.470001220703125,50.20000076293945,51.66999816894531,51.060001373291016,3900900.0,48.999027252197266
2011-07-26,53.18000030517578,51.279998779296875,51.33000183105469,52.61000061035156,1619100.0,50.4864501953125
2011-07-27,52.27000045776367,50.369998931884766,52.27000045776367,50.4900016784668,1606600.0,48.4520378112793
2011-07-28,52.540000915527344,49.45000076293945,50.130001068115234,49.95000076293945,2329200.0,47.933807373046875
2011-07-29,50.36000061035156,48.66999816894531,49.470001220703125,49.63999938964844,1781300.0,47.63633346557617
2011-08-01,49.59000015258789,44.189998626708984,49.58000183105469,46.060001373291016,4609000.0,44.200828552246094
2011-08-02,48.11000061035156,44.88999938964844,46.880001068115234,45.59000015258789,3517800.0,43.74980545043945
2011-08-03,45.68000030517578,42.849998474121094,45.47999954223633,45.58000183105469,2448800.0,43.740211486816406
2011-08-04,44.900001525878906,42.2599983215332,44.900001525878906,42.31999969482422,2270100.0,40.61179733276367
2011-08-05,43.150001525878906,40.619998931884766,42.83000183105469,41.86000061035156,2340100.0,40.17036437988281
2011-08-08,41.04999923706055,36.689998626708984,40.63999938964844,36.88999938964844,2549500.0,35.40097427368164
2011-08-09,38.5099983215332,35.70000076293945,37.880001068115234,38.36000061035156,3254700.0,36.81165313720703
2011-08-10,38.61000061035156,36.54999923706055,37.470001220703125,37.38999938964844,3042400.0,35.88079071044922
2011-08-11,38.790000915527344,37.25,37.470001220703125,38.119998931884766,2432700.0,36.58133316040039
2011-08-12,38.66999816894531,37.540000915527344,38.369998931884766,38.11000061035156,3222900.0,36.57173538208008
2011-08-15,40.06999969482422,38.529998779296875,38.56999969482422,40.0,1686000.0,38.385440826416016
2011-08-16,39.970001220703125,38.790000915527344,39.58000183105469,39.34000015258789,1358800.0,37.75209045410156
2011-08-17,40.13999938964844,38.599998474121094,39.56999969482422,38.95000076293945,1297300.0,37.37782669067383
2011-08-18,38.31999969482422,36.54999923706055,37.7400016784668,36.970001220703125,1400200.0,35.477752685546875
2011-08-19,37.349998474121094,35.959999084472656,36.459999084472656,36.11000061035156,836900.0,34.652462005615234
2011-08-22,36.970001220703125,35.060001373291016,36.869998931884766,35.40999984741211,1233300.0,33.980716705322266
2011-08-23,36.90999984741211,35.209999084472656,35.54999923706055,36.90999984741211,1370800.0,35.420166015625
2011-08-24,38.2599983215332,36.630001068115234,37.060001373291016,38.189998626708984,1384900.0,36.64849090576172
2011-08-25,38.75,36.880001068115234,38.5,37.11000061035156,876300.0,35.612091064453125
2011-08-26,38.13999938964844,36.029998779296875,36.7599983215332,37.900001525878906,753100.0,36.37020492553711
2011-08-29,39.79999923706055,38.400001525878906,38.5,39.70000076293945,742300.0,38.097557067871094
2011-08-30,41.38999938964844,39.29999923706055,39.31999969482422,41.099998474121094,1605000.0,39.49078369140625
2011-08-31,42.040000915527344,41.029998779296875,41.2400016784668,41.599998474121094,1538500.0,39.9712028503418
2011-09-01,42.27000045776367,40.45000076293945,41.4900016784668,40.630001068115234,1003400.0,39.039180755615234
2011-09-02,40.06999969482422,38.560001373291016,39.790000915527344,38.720001220703125,733600.0,37.20396041870117
2011-09-06,38.59000015258789,37.43000030517578,37.59000015258789,38.31999969482422,1069100.0,36.81962585449219
2011-09-07,40.849998474121094,39.02000045776367,39.02000045776367,40.56999969482422,1072200.0,38.981529235839844
2011-09-08,41.11000061035156,38.63999938964844,40.2599983215332,38.849998474121094,1968000.0,37.32887649536133
2011-09-09,39.290000915527344,37.56999969482422,38.560001373291016,37.84000015258789,1334400.0,36.35841751098633
2011-09-12,37.5099983215332,36.34000015258789,37.16999816894531,37.369998931884766,1445800.0,35.90681838989258
2011-09-13,37.75,36.150001525878906,37.61000061035156,37.13999938964844,2039100.0,35.685829162597656
2011-09-14,37.56999969482422,35.86000061035156,36.880001068115234,37.0099983215332,2242700.0,35.5609130859375
2011-09-15,37.9900016784668,37.06999969482422,37.47999954223633,37.7400016784668,1516300.0,36.262332916259766
2011-09-16,38.84000015258789,37.41999816894531,38.16999816894531,38.83000183105469,1670800.0,37.30964660644531
2011-09-19,37.93000030517578,36.970001220703125,37.93000030517578,37.2400016784668,923700.0,35.781898498535156
2011-09-20,37.58000183105469,36.630001068115234,37.15999984741211,36.709999084472656,1403800.0,35.27266311645508
2011-09-21,37.0,35.41999816894531,36.63999938964844,35.47999954223633,1038900.0,34.0908203125
2011-09-22,34.790000915527344,33.4900016784668,34.2599983215332,34.029998779296875,1763000.0,32.697593688964844
2011-09-23,35.38999938964844,33.59000015258789,33.95000076293945,35.380001068115234,1077900.0,33.994747161865234
2011-09-26,35.79999923706055,34.5099983215332,35.59000015258789,35.650001525878906,699300.0,34.254173278808594
2011-09-27,36.91999816894531,35.689998626708984,36.45000076293945,35.970001220703125,817800.0,34.56163787841797
2011-09-28,36.220001220703125,34.279998779296875,35.90999984741211,34.290000915527344,780200.0,32.947410583496094
2011-09-29,35.130001068115234,33.91999816894531,35.06999969482422,34.869998931884766,940400.0,33.504703521728516
2011-09-30,35.58000183105469,33.849998474121094,34.22999954223633,34.0,1849300.0,32.668785095214844
2011-10-03,33.97999954223633,31.889999389648438,33.72999954223633,31.90999984741211,1401100.0,30.66059684753418
2011-10-04,33.04999923706055,31.350000381469727,31.6299991607666,32.59000015258789,1500000.0,31.313980102539062
2011-10-05,32.810001373291016,31.510000228881836,32.65999984741211,32.08000183105469,2018900.0,30.823949813842773
2011-10-06,33.7400016784668,32.060001373291016,32.060001373291016,32.849998474121094,2257600.0,31.563804626464844
2011-10-07,34.119998931884766,32.70000076293945,33.189998626708984,33.4900016784668,1850400.0,32.178741455078125
2011-10-10,34.93000030517578,33.90999984741211,34.22999954223633,34.91999816894531,1057300.0,33.552738189697266
2011-10-11,34.86000061035156,34.27000045776367,34.459999084472656,34.59000015258789,641800.0,33.23566436767578
2011-10-12,36.560001373291016,34.84000015258789,34.95000076293945,36.33000183105469,1655700.0,34.90755081176758
2011-10-13,37.33000183105469,35.439998626708984,35.959999084472656,37.13999938964844,2436900.0,35.685829162597656
2011-10-14,38.75,37.70000076293945,37.77000045776367,38.720001220703125,1485700.0,37.20396041870117
2011-10-17,38.689998626708984,37.33000183105469,38.380001068115234,37.439998626708984,1209600.0,35.974090576171875
2011-10-18,38.11000061035156,37.15999984741211,37.459999084472656,37.849998474121094,1430700.0,36.36802673339844
2011-10-19,38.34000015258789,37.099998474121094,37.709999084472656,37.2400016784668,869300.0,35.781898498535156
2011-10-20,37.5,36.33000183105469,37.439998626708984,37.20000076293945,698300.0,35.74347686767578
2011-10-21,38.29999923706055,37.560001373291016,37.61000061035156,38.09000015258789,1190100.0,36.5986328125
2011-10-24,38.97999954223633,38.099998474121094,38.33000183105469,38.650001525878906,971500.0,37.1367073059082
2011-10-25,38.7400016784668,37.7599983215332,38.380001068115234,37.79999923706055,837800.0,36.319984436035156
2011-10-26,38.70000076293945,37.09000015258789,38.56999969482422,38.119998931884766,1143900.0,36.62746047973633
2011-10-27,39.189998626708984,36.790000915527344,38.630001068115234,38.7599983215332,2223900.0,37.242401123046875
2011-10-28,42.04999923706055,37.029998779296875,38.220001220703125,41.040000915527344,2367200.0,39.43312454223633
2011-10-31,41.400001525878906,39.7400016784668,40.689998626708984,39.970001220703125,1753000.0,38.4050178527832
2011-11-01,39.689998626708984,38.54999923706055,38.65999984741211,39.22999954223633,1881600.0,37.69399642944336
2011-11-02,41.150001525878906,39.4900016784668,39.7599983215332,40.90999984741211,1853800.0,39.3082275390625
2011-11-03,41.72999954223633,40.380001068115234,41.400001525878906,41.58000183105469,1261300.0,39.951988220214844
2011-11-04,41.380001068115234,40.470001220703125,41.09000015258789,41.34000015258789,663800.0,39.721397399902344
2011-11-07,42.29999923706055,40.7599983215332,41.15999984741211,42.18000030517578,958100.0,40.52848815917969
2011-11-08,43.099998474121094,41.79999923706055,42.43000030517578,42.900001525878906,1030600.0,41.22030258178711
2011-11-09,42.439998626708984,41.11000061035156,41.86000061035156,41.470001220703125,808800.0,39.84629440307617
2011-11-10,42.13999938964844,40.9900016784668,42.02000045776367,41.77000045776367,513100.0,40.134552001953125
2011-11-11,42.93000030517578,42.06999969482422,42.34000015258789,42.72999954223633,485300.0,41.05696487426758
2011-11-14,42.939998626708984,42.06999969482422,42.54999923706055,42.47999954223633,356300.0,40.81674575805664
2011-11-15,42.560001373291016,41.38999938964844,42.439998626708984,42.16999816894531,770000.0,40.51887893676758
2011-11-16,41.790000915527344,40.36000061035156,41.72999954223633,40.400001525878906,909100.0,38.81818389892578
2011-11-17,40.529998779296875,39.16999816894531,40.47999954223633,39.31999969482422,911800.0,37.78046417236328
2011-11-18,40.380001068115234,39.529998779296875,39.68000030517578,40.02000045776367,1153200.0,38.45305633544922
2011-11-21,39.75,38.61000061035156,39.75,38.790000915527344,1039300.0,37.27122497558594
2011-11-22,39.0,38.13999938964844,38.70000076293945,38.34000015258789,852600.0,36.838844299316406
2011-11-23,38.119998931884766,37.2400016784668,38.02000045776367,37.25,875400.0,35.79152297973633
2011-11-25,37.81999969482422,37.06999969482422,37.27000045776367,37.220001220703125,473100.0,35.762699127197266
2011-11-28,38.630001068115234,38.06999969482422,38.36000061035156,38.599998474121094,881500.0,37.08866882324219
2011-11-29,38.970001220703125,37.90999984741211,38.65999984741211,38.369998931884766,877200.0,36.91550064086914
2011-11-30,40.22999954223633,39.119998931884766,39.459999084472656,40.220001220703125,826300.0,38.69536209106445
2011-12-01,41.02000045776367,39.86000061035156,40.130001068115234,40.540000915527344,541000.0,39.00321578979492
2011-12-02,41.36000061035156,38.15999984741211,41.220001220703125,38.880001068115234,2310300.0,37.406158447265625
2011-12-05,41.099998474121094,39.58000183105469,40.189998626708984,40.41999816894531,982800.0,38.88777160644531
2011-12-06,40.66999816894531,39.58000183105469,40.29999923706055,39.7599983215332,793500.0,38.252784729003906
2011-12-07,40.099998474121094,38.939998626708984,39.47999954223633,39.9900016784668,647800.0,38.474082946777344
2011-12-08,39.88999938964844,37.97999954223633,39.79999923706055,38.08000183105469,701000.0,36.63648223876953
2011-12-09,38.40999984741211,37.400001525878906,38.36000061035156,37.439998626708984,1144500.0,36.020748138427734
2011-12-12,37.40999984741211,36.54999923706055,37.189998626708984,37.040000915527344,810400.0,35.63589859008789
2011-12-13,37.619998931884766,35.720001220703125,37.369998931884766,36.0,1058300.0,34.63533020019531
2011-12-14,36.97999954223633,35.709999084472656,35.709999084472656,36.91999816894531,1282000.0,35.52044677734375
2011-12-15,37.560001373291016,36.2400016784668,37.16999816894531,37.470001220703125,1127600.0,36.04960250854492
2011-12-16,38.36000061035156,36.84000015258789,37.630001068115234,36.95000076293945,1482500.0,35.54933166503906
2011-12-19,37.439998626708984,36.0099983215332,37.209999084472656,36.13999938964844,348300.0,34.7700309753418
2011-12-20,37.63999938964844,36.560001373291016,36.810001373291016,37.29999923706055,354300.0,35.88603973388672
2011-12-21,37.7599983215332,36.95000076293945,37.18000030517578,37.70000076293945,441400.0,36.27088928222656
2011-12-22,38.869998931884766,37.59000015258789,37.72999954223633,38.72999954223633,539400.0,37.261844635009766
2011-12-23,38.83000183105469,38.47999954223633,38.77000045776367,38.790000915527344,287600.0,37.31957244873047
2011-12-27,39.119998931884766,38.470001220703125,38.66999816894531,38.939998626708984,509500.0,37.4638671875
2011-12-28,38.970001220703125,37.619998931884766,38.869998931884766,37.720001220703125,394000.0,36.290122985839844
2011-12-29,38.43000030517578,37.70000076293945,37.709999084472656,38.15999984741211,334700.0,36.71344757080078
2011-12-30,38.9900016784668,37.849998474121094,38.060001373291016,38.86000061035156,460100.0,37.386924743652344
2012-01-03,39.369998931884766,37.08000183105469,39.279998779296875,37.709999084472656,1640000.0,36.280513763427734
2012-01-04,37.720001220703125,36.58000183105469,37.47999954223633,37.0099983215332,1071900.0,35.60703659057617
2012-01-05,38.18000030517578,36.59000015258789,37.0099983215332,38.060001373291016,904000.0,36.61724090576172
2012-01-06,39.529998779296875,38.15999984741211,38.25,39.20000076293945,677000.0,37.71401596069336
2012-01-09,39.4900016784668,38.209999084472656,39.310001373291016,39.040000915527344,621400.0,37.56010818481445
2012-01-10,39.18000030517578,36.88999938964844,38.7400016784668,37.08000183105469,2545500.0,35.674381256103516
2012-01-11,38.79999923706055,37.04999923706055,37.06999969482422,38.7599983215332,1177500.0,37.290706634521484
2012-01-12,38.91999816894531,36.86000061035156,38.880001068115234,37.45000076293945,1085500.0,36.03037643432617
2012-01-13,37.5,36.43000030517578,37.13999938964844,36.93000030517578,997400.0,35.53007507324219
2012-01-17,37.5,36.7599983215332,37.22999954223633,36.81999969482422,490300.0,35.42424392700195
2012-01-18,37.099998474121094,36.369998931884766,36.720001220703125,36.95000076293945,839800.0,35.54933166503906
2012-01-19,37.88999938964844,37.130001068115234,37.279998779296875,37.439998626708984,580800.0,36.020748138427734
2012-01-20,37.56999969482422,37.119998931884766,37.400001525878906,37.2599983215332,373800.0,35.847564697265625
2012-01-23,37.810001373291016,37.310001373291016,37.31999969482422,37.66999816894531,645500.0,36.24201202392578
2012-01-24,40.59000015258789,37.41999816894531,37.52000045776367,40.439998626708984,1930700.0,38.907020568847656
2012-01-25,42.11000061035156,40.22999954223633,40.459999084472656,42.04999923706055,1471200.0,40.455989837646484
2012-01-26,42.13999938964844,41.0,42.13999938964844,41.2599983215332,906300.0,39.6959228515625
2012-01-27,41.939998626708984,41.04999923706055,41.119998931884766,41.81999969482422,593700.0,40.234710693359375
2012-01-30,41.849998474121094,41.06999969482422,41.599998474121094,41.220001220703125,900000.0,39.65745162963867
2012-01-31,41.959999084472656,40.93000030517578,41.369998931884766,41.290000915527344,839300.0,39.72480392456055
2012-02-01,42.45000076293945,41.45000076293945,41.459999084472656,41.880001068115234,734100.0,40.29243850708008
2012-02-02,42.0099983215332,41.41999816894531,42.0099983215332,41.599998474121094,763700.0,40.023040771484375
2012-02-03,42.45000076293945,41.900001525878906,42.0,42.369998931884766,1093800.0,40.763858795166016
2012-02-06,43.06999969482422,41.150001525878906,42.849998474121094,41.630001068115234,984200.0,40.05191421508789
2012-02-07,41.939998626708984,41.18000030517578,41.52000045776367,41.650001525878906,617800.0,40.0711555480957
2012-02-08,42.150001525878906,41.400001525878906,41.77000045776367,41.650001525878906,501200.0,40.0711555480957
2012-02-09,41.880001068115234,40.790000915527344,41.779998779296875,41.27000045776367,627700.0,39.70554733276367
2012-02-10,42.43000030517578,40.650001525878906,41.20000076293945,42.400001525878906,928300.0,40.79271697998047
2012-02-13,43.380001068115234,42.43000030517578,43.0,43.029998779296875,1195900.0,41.39883041381836
2012-02-14,43.22999954223633,42.56999969482422,43.09000015258789,42.72999954223633,834400.0,41.11021041870117
2012-02-15,43.150001525878906,41.9900016784668,42.849998474121094,42.52000045776367,770400.0,40.908172607421875
2012-02-16,42.86000061035156,42.09000015258789,42.529998779296875,42.4900016784668,797300.0,40.879302978515625
2012-02-17,42.709999084472656,40.86000061035156,42.68000030517578,41.150001525878906,1297300.0,39.59010696411133
2012-02-21,41.79999923706055,41.04999923706055,41.400001525878906,41.2400016784668,581400.0,39.67669677734375
2012-02-22,42.369998931884766,41.15999984741211,41.529998779296875,42.209999084472656,891700.0,40.609920501708984
2012-02-23,43.560001373291016,42.290000915527344,42.290000915527344,43.20000076293945,817300.0,41.56238555908203
2012-02-24,44.619998931884766,43.029998779296875,43.18000030517578,43.90999984741211,857600.0,42.24547576904297
2012-02-27,44.34000015258789,42.900001525878906,43.47999954223633,43.970001220703125,1033500.0,42.303218841552734
2012-02-28,45.25,42.869998931884766,43.31999969482422,44.779998779296875,1245400.0,43.13154220581055
2012-02-29,45.310001373291016,43.9900016784668,44.88999938964844,44.61000061035156,1069500.0,42.96780014038086
2012-03-01,45.08000183105469,44.04999923706055,45.04999923706055,44.31999969482422,753000.0,42.688480377197266
2012-03-02,44.630001068115234,43.65999984741211,44.349998474121094,43.869998931884766,426900.0,42.25505447387695
2012-03-05,44.16999816894531,43.369998931884766,43.79999923706055,43.41999816894531,595600.0,41.82160186767578
2012-03-06,43.27000045776367,42.209999084472656,43.060001373291016,42.720001220703125,1029400.0,41.14738464355469
2012-03-07,43.599998474121094,42.849998474121094,42.97999954223633,43.11000061035156,840900.0,41.52302932739258
2012-03-08,43.93000030517578,43.130001068115234,43.400001525878906,43.279998779296875,554400.0,41.68675231933594
2012-03-09,44.22999954223633,43.380001068115234,43.380001068115234,43.599998474121094,524700.0,41.9949836730957
2012-03-12,43.63999938964844,42.91999816894531,43.5099983215332,43.400001525878906,533500.0,41.802337646484375
2012-03-13,43.650001525878906,42.790000915527344,43.59000015258789,43.33000183105469,962000.0,41.734928131103516
2012-03-14,43.63999938964844,42.939998626708984,43.279998779296875,43.439998626708984,889200.0,41.840877532958984
2012-03-15,44.310001373291016,43.22999954223633,43.54999923706055,44.11000061035156,699100.0,42.486209869384766
2012-03-16,44.630001068115234,43.97999954223633,44.0,44.529998779296875,922200.0,42.89073944091797
2012-03-19,44.72999954223633,44.02000045776367,44.43000030517578,44.13999938964844,737300.0,42.515106201171875
2012-03-20,43.95000076293945,42.72999954223633,43.810001373291016,43.0099983215332,750500.0,41.42670822143555
2012-03-21,43.11000061035156,42.189998626708984,43.0099983215332,42.40999984741211,1016300.0,40.84878158569336
2012-03-22,42.59000015258789,41.90999984741211,42.130001068115234,42.060001373291016,654700.0,40.51167297363281
2012-03-23,42.5099983215332,42.060001373291016,42.060001373291016,42.380001068115234,438700.0,40.819889068603516
2012-03-26,43.4900016784668,42.77000045776367,42.810001373291016,43.29999923706055,741500.0,41.70602798461914
2012-03-27,43.650001525878906,42.2400016784668,43.29999923706055,42.619998931884766,1021100.0,41.051063537597656
2012-03-28,42.779998779296875,41.400001525878906,42.52000045776367,41.619998931884766,813000.0,40.087886810302734
2012-03-29,41.95000076293945,40.709999084472656,41.45000076293945,41.779998779296875,1324900.0,40.24198532104492
2012-03-30,42.220001220703125,41.619998931884766,42.08000183105469,41.90999984741211,589500.0,40.36719512939453
2012-04-02,42.70000076293945,41.79999923706055,41.95000076293945,42.36000061035156,1125400.0,40.800628662109375
2012-04-03,43.220001220703125,42.209999084472656,42.380001068115234,43.150001525878906,1034900.0,41.561546325683594
2012-04-04,43.130001068115234,42.52000045776367,42.849998474121094,42.9900016784668,588100.0,41.40744400024414
2012-04-05,42.95000076293945,42.529998779296875,42.790000915527344,42.68000030517578,354300.0,41.10885238647461
2012-04-09,42.119998931884766,41.04999923706055,42.119998931884766,41.439998626708984,904700.0,39.914493560791016
2012-04-10,41.540000915527344,40.79999923706055,41.43000030517578,40.97999954223633,897900.0,39.471431732177734
2012-04-11,41.599998474121094,41.02000045776367,41.439998626708984,41.290000915527344,797900.0,39.770023345947266
2012-04-12,43.61000061035156,41.45000076293945,41.459999084472656,43.13999938964844,1120400.0,41.551918029785156
2012-04-13,43.099998474121094,41.970001220703125,42.869998931884766,42.22999954223633,643500.0,40.6754150390625
2012-04-16,42.52000045776367,41.540000915527344,42.52000045776367,41.97999954223633,497800.0,40.43462371826172
2012-04-17,43.560001373291016,42.040000915527344,42.060001373291016,43.189998626708984,585100.0,41.60008239746094
2012-04-18,43.349998474121094,42.88999938964844,43.04999923706055,43.220001220703125,508400.0,41.62898254394531
2012-04-19,44.040000915527344,42.86000061035156,43.31999969482422,43.06999969482422,617900.0,41.484500885009766
2012-04-20,43.560001373291016,42.689998626708984,43.279998779296875,42.79999923706055,669100.0,41.224422454833984
2012-04-23,42.54999923706055,41.68000030517578,42.40999984741211,42.4900016784668,628600.0,40.92585754394531
2012-04-24,42.970001220703125,42.099998474121094,42.47999954223633,42.66999816894531,440300.0,41.09921646118164
2012-04-25,44.349998474121094,43.22999954223633,43.22999954223633,43.31999969482422,919700.0,41.72529220581055
2012-04-26,44.31999969482422,42.849998474121094,43.099998474121094,43.45000076293945,1058800.0,41.85051345825195
2012-04-27,44.56999969482422,42.900001525878906,43.869998931884766,43.720001220703125,1367700.0,42.11056900024414
2012-04-30,43.58000183105469,42.400001525878906,43.58000183105469,42.709999084472656,819300.0,41.137752532958984
2012-05-01,43.810001373291016,42.369998931884766,42.58000183105469,43.25,752800.0,41.657875061035156
2012-05-02,43.2400016784668,42.29999923706055,43.060001373291016,42.38999938964844,716300.0,40.82952117919922
2012-05-03,42.459999084472656,41.54999923706055,42.459999084472656,41.66999816894531,1091400.0,40.13602066040039
2012-05-04,41.560001373291016,40.369998931884766,41.4900016784668,40.97999954223633,985900.0,39.471431732177734
2012-05-07,41.099998474121094,40.70000076293945,40.849998474121094,40.79999923706055,525300.0,39.29807662963867
2012-05-08,41.189998626708984,39.900001525878906,40.63999938964844,41.0,822500.0,39.490699768066406
2012-05-09,40.61000061035156,39.970001220703125,40.540000915527344,40.43000030517578,796600.0,38.94167709350586
2012-05-10,41.040000915527344,40.38999938964844,40.720001220703125,40.5,412800.0,39.00910186767578
2012-05-11,40.66999816894531,39.970001220703125,40.29999923706055,40.029998779296875,399900.0,38.5564079284668
2012-05-14,39.83000183105469,39.349998474121094,39.709999084472656,39.63999938964844,758000.0,38.180763244628906
2012-05-15,39.790000915527344,38.7400016784668,39.560001373291016,38.869998931884766,1031800.0,37.43910217285156
2012-05-16,39.279998779296875,38.68000030517578,39.060001373291016,38.7400016784668,553800.0,37.31388473510742
2012-05-17,39.06999969482422,38.06999969482422,38.630001068115234,38.150001525878906,817600.0,36.745609283447266
2012-05-18,38.36000061035156,37.540000915527344,38.18000030517578,37.810001373291016,888500.0,36.41813278198242
2012-05-21,38.349998474121094,37.34000015258789,37.81999969482422,38.290000915527344,526700.0,36.88044738769531
2012-05-22,38.91999816894531,38.08000183105469,38.38999938964844,38.29999923706055,732500.0,36.890098571777344
2012-05-23,39.0099983215332,37.810001373291016,38.0099983215332,38.849998474121094,1000000.0,37.419830322265625
2012-05-24,39.68000030517578,38.560001373291016,38.86000061035156,38.970001220703125,1038400.0,37.535423278808594
2012-05-25,39.33000183105469,38.83000183105469,38.9900016784668,39.06999969482422,678400.0,37.63175582885742
2012-05-29,39.83000183105469,39.08000183105469,39.40999984741211,39.619998931884766,396000.0,38.1614990234375
2012-05-30,39.290000915527344,38.61000061035156,39.2599983215332,38.779998779296875,463200.0,37.39962387084961
2012-05-31,39.040000915527344,38.0,38.709999084472656,38.75,1023300.0,37.37069320678711
2012-06-01,38.349998474121094,36.900001525878906,37.959999084472656,37.29999923706055,1482900.0,35.9723014831543
2012-06-04,38.650001525878906,37.70000076293945,37.70000076293945,37.88999938964844,1231500.0,36.54130172729492
2012-06-05,38.869998931884766,37.70000076293945,37.86000061035156,38.720001220703125,521600.0,37.34175109863281
2012-06-06,39.40999984741211,38.68000030517578,38.95000076293945,39.27000045776367,874600.0,37.87217712402344
2012-06-07,39.83000183105469,39.0099983215332,39.66999816894531,39.06999969482422,489000.0,37.67930221557617
2012-06-08,39.959999084472656,38.70000076293945,39.04999923706055,39.52000045776367,400700.0,38.1132698059082
2012-06-11,40.709999084472656,39.779998779296875,40.220001220703125,39.93000030517578,1064700.0,38.50867462158203
2012-06-12,40.189998626708984,39.439998626708984,40.189998626708984,39.81999969482422,488900.0,38.40259552001953
2012-06-13,39.97999954223633,38.959999084472656,39.790000915527344,39.150001525878906,566100.0,37.7564582824707
2012-06-14,39.66999816894531,39.130001068115234,39.220001220703125,39.290000915527344,572100.0,37.89146423339844
2012-06-15,39.83000183105469,39.20000076293945,39.4900016784668,39.41999816894531,966000.0,38.01682662963867
2012-06-18,39.90999984741211,39.15999984741211,39.2599983215332,39.790000915527344,952200.0,38.3736686706543
2012-06-19,40.7599983215332,39.689998626708984,39.93000030517578,40.5,945800.0,39.05839920043945
2012-06-20,41.150001525878906,40.209999084472656,40.36000061035156,40.439998626708984,1310400.0,39.00053405761719
2012-06-21,40.560001373291016,39.13999938964844,40.4900016784668,39.31999969482422,935600.0,37.920406341552734
2012-06-22,39.939998626708984,39.279998779296875,39.34000015258789,39.7599983215332,2103400.0,38.344730377197266
2012-06-25,39.400001525878906,38.47999954223633,39.34000015258789,38.849998474121094,930600.0,37.46711730957031
2012-06-26,39.2599983215332,38.33000183105469,38.810001373291016,39.15999984741211,729800.0,37.766090393066406
2012-06-27,39.720001220703125,39.0,39.36000061035156,39.25,802500.0,37.85289001464844
2012-06-28,43.189998626708984,38.9900016784668,39.310001373291016,42.599998474121094,5538500.0,41.08364486694336
2012-06-29,43.79999923706055,42.56999969482422,42.63999938964844,43.15999984741211,2233700.0,41.623714447021484
2012-07-02,43.18000030517578,42.560001373291016,43.150001525878906,42.900001525878906,837800.0,41.37297058105469
2012-07-03,43.16999816894531,42.66999816894531,42.84000015258789,42.81999969482422,359400.0,41.295814514160156
2012-07-05,42.9900016784668,42.040000915527344,42.79999923706055,42.56999969482422,741300.0,41.054710388183594
2012-07-06,42.939998626708984,42.099998474121094,42.099998474121094,42.290000915527344,586600.0,40.78468322753906
2012-07-09,42.869998931884766,41.880001068115234,42.33000183105469,42.34000015258789,756000.0,40.83289337158203
2012-07-10,42.810001373291016,41.93000030517578,42.77000045776367,42.09000015258789,992500.0,40.591796875
2012-07-11,42.41999816894531,41.599998474121094,42.16999816894531,41.81999969482422,736800.0,40.33141326904297
2012-07-12,41.650001525878906,40.880001068115234,41.630001068115234,41.45000076293945,1241100.0,39.97458267211914
2012-07-13,41.880001068115234,41.279998779296875,41.63999938964844,41.630001068115234,809300.0,40.148170471191406
2012-07-16,41.599998474121094,40.560001373291016,41.599998474121094,41.310001373291016,1003400.0,39.83956527709961
2012-07-17,41.58000183105469,40.7400016784668,41.439998626708984,41.27000045776367,945300.0,39.80097961425781
2012-07-18,41.16999816894531,40.279998779296875,40.97999954223633,40.380001068115234,1255800.0,38.94266128540039
2012-07-19,40.5099983215332,39.72999954223633,40.5,40.22999954223633,1036000.0,38.79800796508789
2012-07-20,40.369998931884766,39.79999923706055,40.040000915527344,40.0,810900.0,38.57619094848633
2012-07-23,39.43000030517578,38.720001220703125,39.380001068115234,38.81999969482422,1242500.0,37.43819046020508
2012-07-24,38.869998931884766,38.150001525878906,38.689998626708984,38.25,844200.0,36.888492584228516
2012-07-25,38.38999938964844,37.779998779296875,38.22999954223633,38.2599983215332,951900.0,36.898128509521484
2012-07-26,39.02000045776367,37.400001525878906,38.630001068115234,38.31999969482422,1198800.0,36.955989837646484
2012-07-27,40.290000915527344,37.5099983215332,38.220001220703125,40.11000061035156,2136300.0,38.682273864746094
2012-07-30,40.27000045776367,39.349998474121094,39.91999816894531,39.689998626708984,785200.0,38.277225494384766
2012-07-31,39.779998779296875,39.029998779296875,39.43000030517578,39.08000183105469,850700.0,37.68893814086914
2012-08-01,39.83000183105469,38.869998931884766,39.33000183105469,39.209999084472656,756600.0,37.8143196105957
2012-08-02,39.209999084472656,38.25,38.779998779296875,38.7400016784668,809800.0,37.361045837402344
2012-08-03,39.790000915527344,39.0099983215332,39.310001373291016,39.349998474121094,557800.0,37.94932174682617
2012-08-06,39.2599983215332,38.25,39.22999954223633,39.06999969482422,613100.0,37.67930221557617
2012-08-07,40.2599983215332,39.279998779296875,39.279998779296875,39.72999954223633,701900.0,38.31580352783203
2012-08-08,39.779998779296875,39.189998626708984,39.61000061035156,39.619998931884766,1077200.0,38.20970916748047
2012-08-09,40.43000030517578,39.529998779296875,39.75,39.91999816894531,1050500.0,38.49903869628906
2012-08-10,39.970001220703125,39.34000015258789,39.709999084472656,39.75,1268700.0,38.33509063720703
2012-08-13,39.9900016784668,39.529998779296875,39.72999954223633,39.70000076293945,313600.0,38.286861419677734
2012-08-14,39.939998626708984,39.630001068115234,39.900001525878906,39.779998779296875,417000.0,38.36402130126953
2012-08-15,39.88999938964844,39.529998779296875,39.70000076293945,39.619998931884766,658700.0,38.20970916748047
2012-08-16,40.40999984741211,39.47999954223633,39.61000061035156,40.290000915527344,967500.0,38.85588073730469
2012-08-17,40.52000045776367,40.0099983215332,40.36000061035156,40.09000015258789,799400.0,38.662986755371094
2012-08-20,40.5,39.689998626708984,39.81999969482422,40.380001068115234,873000.0,38.94266128540039
2012-08-21,40.720001220703125,40.22999954223633,40.560001373291016,40.31999969482422,722700.0,38.88481140136719
2012-08-22,40.4900016784668,40.0099983215332,40.22999954223633,40.15999984741211,790300.0,38.730491638183594
2012-08-23,40.130001068115234,39.560001373291016,40.02000045776367,39.849998474121094,777900.0,38.43153762817383
2012-08-24,39.7599983215332,39.29999923706055,39.75,39.599998474121094,770000.0,38.190425872802734
2012-08-27,40.119998931884766,39.380001068115234,39.75,39.88999938964844,601000.0,38.47010803222656
2012-08-28,40.290000915527344,39.65999984741211,39.900001525878906,40.119998931884766,618700.0,38.69192123413086
2012-08-29,40.36000061035156,39.9900016784668,40.15999984741211,39.9900016784668,531800.0,38.56654739379883
2012-08-30,40.11000061035156,39.63999938964844,39.900001525878906,40.0099983215332,575300.0,38.63413619995117
2012-08-31,40.29999923706055,39.83000183105469,40.220001220703125,39.95000076293945,473600.0,38.57620620727539
2012-09-04,40.5,39.84000015258789,40.0099983215332,40.36000061035156,774600.0,38.97209930419922
2012-09-05,40.40999984741211,40.040000915527344,40.29999923706055,40.40999984741211,1060000.0,39.02039337158203
2012-09-06,41.4900016784668,40.529998779296875,40.599998474121094,41.15999984741211,717400.0,39.744590759277344
2012-09-07,41.33000183105469,40.90999984741211,41.33000183105469,41.0,577300.0,39.5900993347168
2012-09-10,41.0,40.540000915527344,41.0,40.630001068115234,428900.0,39.23282241821289
2012-09-11,40.7400016784668,40.310001373291016,40.56999969482422,40.400001525878906,574700.0,39.01072692871094
2012-09-12,41.08000183105469,40.470001220703125,40.560001373291016,41.029998779296875,737200.0,39.61907196044922
2012-09-13,41.90999984741211,40.93000030517578,41.040000915527344,41.810001373291016,766700.0,40.37224197387695
2012-09-14,43.97999954223633,41.91999816894531,41.959999084472656,43.650001525878906,1919800.0,42.14897155761719
2012-09-17,44.68000030517578,43.470001220703125,43.630001068115234,43.939998626708984,1554600.0,42.42898941040039
2012-09-18,44.959999084472656,43.56999969482422,43.7599983215332,44.61000061035156,1361900.0,43.07594680786133
2012-09-19,44.959999084472656,44.41999816894531,44.59000015258789,44.83000183105469,1004400.0,43.28839111328125
2012-09-20,45.560001373291016,44.380001068115234,44.58000183105469,45.310001373291016,1053400.0,43.751895904541016
2012-09-21,45.77000045776367,45.08000183105469,45.77000045776367,45.279998779296875,2096100.0,43.722904205322266
2012-09-24,45.7400016784668,44.86000061035156,44.939998626708984,45.369998931884766,771300.0,43.809818267822266
2012-09-25,45.86000061035156,44.75,45.4900016784668,44.880001068115234,770300.0,43.336669921875
2012-09-26,45.22999954223633,44.150001525878906,45.0,44.90999984741211,652000.0,43.36564636230469
2012-09-27,45.88999938964844,45.029998779296875,45.099998474121094,45.75,757300.0,44.1767463684082
2012-09-28,46.029998779296875,45.439998626708984,45.439998626708984,45.72999954223633,686600.0,44.15744400024414
2012-10-01,46.119998931884766,45.61000061035156,45.88999938964844,45.869998931884766,1200700.0,44.29261779785156
2012-10-02,46.369998931884766,45.70000076293945,46.04999923706055,46.119998931884766,678900.0,44.534034729003906
2012-10-03,46.45000076293945,45.810001373291016,46.25,46.099998474121094,812700.0,44.51472473144531
2012-10-04,46.4900016784668,44.43000030517578,46.0,46.209999084472656,1692700.0,44.62094497680664
2012-10-05,46.65999984741211,45.869998931884766,46.58000183105469,46.060001373291016,602000.0,44.47608184814453
2012-10-08,46.119998931884766,45.77000045776367,45.939998626708984,45.90999984741211,686000.0,44.33125686645508
2012-10-09,46.279998779296875,44.970001220703125,45.869998931884766,45.150001525878906,1320300.0,43.597389221191406
2012-10-10,45.349998474121094,44.560001373291016,45.20000076293945,44.86000061035156,905500.0,43.31736373901367
2012-10-11,46.4900016784668,45.29999923706055,45.90999984741211,45.58000183105469,1018400.0,44.01259994506836
2012-10-12,45.83000183105469,45.04999923706055,45.47999954223633,45.33000183105469,445000.0,43.771202087402344
2012-10-15,45.65999984741211,45.08000183105469,45.33000183105469,45.45000076293945,395200.0,43.88706588745117
2012-10-16,45.65999984741211,44.630001068115234,45.54999923706055,45.02000045776367,1371800.0,43.47186279296875
2012-10-17,45.560001373291016,44.86000061035156,45.13999938964844,44.970001220703125,536800.0,43.423587799072266
2012-10-18,44.93000030517578,44.150001525878906,44.7400016784668,44.45000076293945,917900.0,42.92145919799805
2012-10-19,44.40999984741211,43.56999969482422,44.33000183105469,43.88999938964844,747300.0,42.380714416503906
2012-10-22,44.27000045776367,43.619998931884766,43.83000183105469,44.220001220703125,525600.0,42.69938278198242
2012-10-23,43.869998931884766,43.34000015258789,43.72999954223633,43.58000183105469,685700.0,42.081382751464844
2012-10-24,43.810001373291016,43.189998626708984,43.720001220703125,43.27000045776367,774300.0,41.782047271728516
2012-10-25,43.81999969482422,43.20000076293945,43.619998931884766,43.61000061035156,694000.0,42.110347747802734
2012-10-26,43.4900016784668,42.290000915527344,43.439998626708984,42.779998779296875,1343300.0,41.308895111083984
2012-10-31,42.4900016784668,40.459999084472656,42.369998931884766,41.38999938964844,2817000.0,39.9666862487793
2012-11-01,43.66999816894531,41.099998474121094,41.099998474121094,43.65999984741211,2457200.0,42.15861892700195
2012-11-02,43.93000030517578,42.599998474121094,43.86000061035156,42.75,1134900.0,41.27992248535156
2012-11-05,43.790000915527344,42.45000076293945,42.900001525878906,43.72999954223633,854900.0,42.22623062133789
2012-11-06,43.849998474121094,43.029998779296875,43.849998474121094,43.709999084472656,946500.0,42.2068977355957
2012-11-07,46.93000030517578,44.5,44.5,45.599998474121094,3172400.0,44.03191375732422
2012-11-08,45.650001525878906,43.88999938964844,45.5099983215332,43.900001525878906,1223700.0,42.390377044677734
2012-11-09,44.09000015258789,43.18000030517578,43.70000076293945,43.27000045776367,1049500.0,41.782047271728516
2012-11-12,43.630001068115234,43.22999954223633,43.58000183105469,43.310001373291016,478500.0,41.82065963745117
2012-11-13,43.279998779296875,42.7599983215332,43.0099983215332,42.779998779296875,751200.0,41.308895111083984
2012-11-14,42.939998626708984,41.5,42.68000030517578,41.56999969482422,750100.0,40.14051055908203
2012-11-15,41.70000076293945,40.7599983215332,41.540000915527344,41.310001373291016,966000.0,39.88943862915039
2012-11-16,41.9900016784668,41.13999938964844,41.2400016784668,41.619998931884766,760600.0,40.18878173828125
2012-11-19,42.900001525878906,41.65999984741211,42.029998779296875,42.869998931884766,806500.0,41.39578628540039
2012-11-20,43.29999923706055,42.16999816894531,42.849998474121094,42.849998474121094,484600.0,41.3764762878418
2012-11-21,43.84000015258789,42.880001068115234,43.04999923706055,43.54999923706055,595700.0,42.052406311035156
2012-11-23,44.0,43.349998474121094,43.400001525878906,43.97999954223633,273100.0,42.46761703491211
2012-11-26,43.709999084472656,43.09000015258789,43.470001220703125,43.63999938964844,608000.0,42.13930892944336
2012-11-27,43.79999923706055,43.119998931884766,43.599998474121094,43.16999816894531,631000.0,41.68547821044922
2012-11-28,43.56999969482422,42.970001220703125,43.20000076293945,43.5099983215332,438300.0,42.013790130615234
2012-11-29,44.81999969482422,43.349998474121094,43.68000030517578,44.810001373291016,1131000.0,43.31884765625
2012-11-30,45.09000015258789,44.060001373291016,44.060001373291016,45.06999969482422,915500.0,43.57020568847656
2012-12-03,45.369998931884766,44.66999816894531,45.220001220703125,44.95000076293945,868400.0,43.454200744628906
2012-12-04,45.220001220703125,44.599998474121094,44.91999816894531,44.720001220703125,581700.0,43.23185729980469
2012-12-05,45.349998474121094,44.63999938964844,44.70000076293945,45.15999984741211,854900.0,43.6572151184082
2012-12-06,46.880001068115234,45.040000915527344,45.25,46.16999816894531,1428200.0,44.63359069824219
2012-12-07,46.400001525878906,45.56999969482422,46.25,45.619998931884766,538400.0,44.101905822753906
2012-12-10,46.34000015258789,45.540000915527344,45.540000915527344,46.029998779296875,408300.0,44.498268127441406
2012-12-11,46.599998474121094,45.970001220703125,45.97999954223633,46.2400016784668,497200.0,44.701271057128906
2012-12-12,46.599998474121094,46.040000915527344,46.38999938964844,46.119998931884766,531200.0,44.58526611328125
2012-12-13,46.11000061035156,45.56999969482422,45.66999816894531,45.900001525878906,505000.0,44.760799407958984
2012-12-14,46.13999938964844,45.529998779296875,45.88999938964844,45.540000915527344,642800.0,44.409732818603516
2012-12-17,46.529998779296875,45.75,45.81999969482422,46.470001220703125,650100.0,45.31666564941406
2012-12-18,48.380001068115234,46.66999816894531,47.0099983215332,48.150001525878906,1307600.0,46.954952239990234
2012-12-19,49.75,47.81999969482422,48.2599983215332,49.459999084472656,1881300.0,48.232452392578125
2012-12-20,49.5,48.86000061035156,49.36000061035156,49.380001068115234,919800.0,48.15442657470703
2012-12-21,48.91999816894531,48.150001525878906,48.83000183105469,48.4900016784668,1585900.0,47.28652572631836
2012-12-24,48.66999816894531,48.130001068115234,48.619998931884766,48.540000915527344,310500.0,47.33528137207031
2012-12-26,48.720001220703125,47.81999969482422,48.560001373291016,47.849998474121094,501800.0,46.662410736083984
2012-12-27,48.33000183105469,47.689998626708984,47.959999084472656,48.189998626708984,762600.0,46.99396514892578
2012-12-28,48.189998626708984,47.349998474121094,48.0,47.380001068115234,572800.0,46.204063415527344
2012-12-31,48.4900016784668,47.209999084472656,47.400001525878906,48.349998474121094,517500.0,47.149986267089844
2013-01-02,49.88999938964844,48.939998626708984,49.40999984741211,49.689998626708984,944900.0,48.45673370361328
2013-01-03,50.38999938964844,49.38999938964844,49.52000045776367,49.84000015258789,626900.0,48.60301208496094
2013-01-04,50.20000076293945,49.54999923706055,49.88999938964844,50.0,635000.0,48.7590446472168
2013-01-07,51.25,50.22999954223633,50.7400016784668,51.209999084472656,1033100.0,49.93901443481445
2013-01-08,51.5,50.2400016784668,51.27000045776367,50.25,1194300.0,49.002838134765625
2013-01-09,51.16999816894531,50.150001525878906,50.630001068115234,50.810001373291016,1009000.0,49.54893112182617
2013-01-10,51.380001068115234,50.540000915527344,51.130001068115234,50.54999923706055,670600.0,49.29539108276367
2013-01-11,50.91999816894531,50.2599983215332,50.7599983215332,50.90999984741211,1188700.0,49.646453857421875
2013-01-14,51.58000183105469,50.56999969482422,50.56999969482422,51.52000045776367,688800.0,50.24131774902344
2013-01-15,53.279998779296875,51.20000076293945,51.220001220703125,53.2599983215332,1398300.0,51.93812561035156
2013-01-16,53.68000030517578,52.56999969482422,53.0,53.380001068115234,1106500.0,52.05516052246094
2013-01-17,55.209999084472656,53.380001068115234,53.65999984741211,54.779998779296875,1644400.0,53.42041015625
2013-01-18,55.5,54.5,54.779998779296875,55.459999084472656,1293400.0,54.08353042602539
2013-01-22,56.869998931884766,55.31999969482422,55.56999969482422,56.41999816894531,2208000.0,55.01968765258789
2013-01-23,56.25,54.849998474121094,56.18000030517578,55.18000030517578,1630100.0,53.81047821044922
2013-01-24,55.65999984741211,54.970001220703125,55.38999938964844,55.20000076293945,996500.0,53.82998275756836
2013-01-25,57.349998474121094,55.290000915527344,55.52000045776367,57.34000015258789,1656000.0,55.916873931884766
2013-01-28,57.38999938964844,56.2400016784668,57.220001220703125,57.08000183105469,747000.0,55.663326263427734
2013-01-29,57.20000076293945,55.63999938964844,56.970001220703125,56.380001068115234,1287500.0,54.980690002441406
2013-01-30,56.97999954223633,56.06999969482422,56.33000183105469,56.81999969482422,647800.0,55.40977478027344
2013-01-31,56.88999938964844,56.31999969482422,56.599998474121094,56.63999938964844,930400.0,55.23423767089844
2013-02-01,57.25,56.43000030517578,57.09000015258789,56.619998931884766,928000.0,55.214744567871094
2013-02-04,56.970001220703125,55.95000076293945,56.5,56.04999923706055,748900.0,54.658878326416016
2013-02-05,57.650001525878906,55.79999923706055,56.13999938964844,56.38999938964844,1212900.0,54.990447998046875
2013-02-06,57.119998931884766,56.16999816894531,56.27000045776367,56.79999923706055,442200.0,55.39027404785156
2013-02-07,57.439998626708984,56.65999984741211,56.900001525878906,57.09000015258789,598800.0,55.67307662963867
2013-02-08,58.56999969482422,57.060001373291016,57.209999084472656,58.11000061035156,584500.0,56.66776657104492
2013-02-11,57.900001525878906,56.75,57.29999923706055,57.380001068115234,851200.0,55.95586395263672
2013-02-12,57.400001525878906,56.209999084472656,57.220001220703125,56.29999923706055,771000.0,54.902679443359375
2013-02-13,57.290000915527344,56.529998779296875,56.540000915527344,57.279998779296875,886600.0,55.85834884643555
2013-02-14,58.040000915527344,57.0,57.060001373291016,57.90999984741211,444300.0,56.472713470458984
2013-02-15,58.47999954223633,57.25,57.90999984741211,57.41999816894531,825400.0,55.994876861572266
2013-02-19,57.79999923706055,56.779998779296875,57.29999923706055,57.7599983215332,899000.0,56.326446533203125
2013-02-20,58.349998474121094,56.72999954223633,57.630001068115234,56.790000915527344,545300.0,55.380516052246094
2013-02-21,57.52000045776367,56.2400016784668,56.849998474121094,57.029998779296875,773200.0,55.61454772949219
2013-02-22,58.040000915527344,57.220001220703125,57.2400016784668,57.9900016784668,744300.0,56.550743103027344
2013-02-25,58.349998474121094,55.939998626708984,58.130001068115234,56.0099983215332,900700.0,54.61986541748047
2013-02-26,56.880001068115234,55.29999923706055,56.38999938964844,56.68000030517578,1078400.0,55.273250579833984
2013-02-27,58.38999938964844,56.52000045776367,56.52000045776367,58.20000076293945,964200.0,56.80562973022461
2013-02-28,58.369998931884766,57.619998931884766,57.91999816894531,57.88999938964844,662200.0,56.5030517578125
2013-03-01,58.790000915527344,56.06999969482422,57.400001525878906,58.18000030517578,1553800.0,56.7861213684082
2013-03-04,58.099998474121094,57.0,57.70000076293945,57.34000015258789,834500.0,55.966243743896484
2013-03-05,58.52000045776367,57.439998626708984,57.66999816894531,58.40999984741211,900400.0,57.01060485839844
2013-03-06,58.75,58.189998626708984,58.75,58.43000030517578,828000.0,57.030120849609375
2013-03-07,59.79999923706055,58.52000045776367,58.72999954223633,59.470001220703125,845800.0,58.04520034790039
2013-03-08,60.18000030517578,59.2400016784668,59.720001220703125,60.02000045776367,907000.0,58.582035064697266
2013-03-11,60.529998779296875,59.900001525878906,59.939998626708984,60.29999923706055,831300.0,58.85531234741211
2013-03-12,60.90999984741211,60.13999938964844,60.29999923706055,60.869998931884766,527200.0,59.41166305541992
2013-03-13,61.400001525878906,60.630001068115234,60.79999923706055,61.15999984741211,422800.0,59.69472122192383
2013-03-14,61.709999084472656,61.09000015258789,61.13999938964844,61.470001220703125,683800.0,59.99729537963867
2013-03-15,62.040000915527344,61.16999816894531,61.369998931884766,62.0,1056400.0,60.51459884643555
2013-03-18,62.290000915527344,61.13999938964844,61.56999969482422,61.939998626708984,621700.0,60.456031799316406
2013-03-19,63.099998474121094,61.790000915527344,62.290000915527344,62.52000045776367,879100.0,61.02214050292969
2013-03-20,63.04999923706055,62.220001220703125,62.68000030517578,62.689998626708984,781100.0,61.18806457519531
2013-03-21,62.91999816894531,61.84000015258789,62.25,62.150001525878906,377500.0,60.6609992980957
2013-03-22,62.79999923706055,62.2400016784668,62.54999923706055,62.630001068115234,337700.0,61.1295051574707
2013-03-25,63.619998931884766,62.470001220703125,62.900001525878906,62.720001220703125,527000.0,61.21733474731445
2013-03-26,65.0,62.939998626708984,63.06999969482422,63.84000015258789,641500.0,62.31051254272461
2013-03-27,64.77999877929688,63.02000045776367,63.369998931884766,64.37999725341797,907400.0,62.83757019042969
2013-03-28,64.70999908447266,63.54999923706055,64.41999816894531,63.869998931884766,1004700.0,62.33979034423828
2013-04-01,65.36000061035156,63.7400016784668,63.880001068115234,64.91999816894531,955900.0,63.36463165283203
2013-04-02,66.44999694824219,64.2699966430664,65.48999786376953,64.5999984741211,1244200.0,63.05229949951172
2013-04-03,64.73999786376953,62.2599983215332,64.72000122070312,62.81999969482422,1215000.0,61.31495666503906
2013-04-04,63.470001220703125,62.0,62.83000183105469,62.86000061035156,692900.0,61.35399627685547
2013-04-05,62.63999938964844,61.79999923706055,61.79999923706055,62.439998626708984,541600.0,60.94404983520508
2013-04-08,62.75,61.959999084472656,62.599998474121094,62.5,547400.0,61.002628326416016
2013-04-09,62.939998626708984,61.90999984741211,62.52000045776367,62.08000183105469,877700.0,60.59268569946289
2013-04-10,62.04999923706055,60.40999984741211,61.220001220703125,60.84000015258789,2175500.0,59.382389068603516
2013-04-11,62.93000030517578,60.88999938964844,60.88999938964844,62.86000061035156,1240800.0,61.35399627685547
2013-04-12,63.52000045776367,62.38999938964844,62.599998474121094,62.459999084472656,564500.0,60.96356964111328
2013-04-15,62.59000015258789,59.880001068115234,62.040000915527344,60.119998931884766,915000.0,58.67963790893555
2013-04-16,61.2400016784668,59.08000183105469,60.34000015258789,61.209999084472656,2927000.0,59.7435188293457
2013-04-17,61.0,59.31999969482422,60.65999984741211,60.560001373291016,1085600.0,59.10908126831055
2013-04-18,60.66999816894531,59.36000061035156,60.66999816894531,60.34000015258789,812800.0,58.89436721801758
2013-04-19,61.5099983215332,60.27000045776367,60.70000076293945,61.25,567100.0,59.782569885253906
2013-04-22,61.54999923706055,59.970001220703125,61.369998931884766,61.08000183105469,630300.0,59.616634368896484
2013-04-23,63.04999923706055,61.36000061035156,61.529998779296875,62.72999954223633,886300.0,61.22710418701172
2013-04-24,63.18000030517578,62.279998779296875,62.91999816894531,62.72999954223633,862300.0,61.22710418701172
2013-04-25,63.41999816894531,62.45000076293945,63.189998626708984,62.5099983215332,1073000.0,61.01237487792969
2013-04-26,65.5199966430664,63.93000030517578,64.0,64.77999877929688,1570800.0,63.22798156738281
2013-04-29,68.75,65.20999908447266,66.70999908447266,65.47000122070312,1450500.0,63.901458740234375
2013-04-30,66.5999984741211,65.4800033569336,65.55999755859375,66.58999633789062,902200.0,64.99461364746094
2013-05-01,67.16000366210938,65.19999694824219,66.51000213623047,65.30999755859375,776800.0,63.745304107666016
2013-05-02,66.55000305175781,65.31999969482422,65.54000091552734,66.16999816894531,895600.0,64.58470153808594
2013-05-03,66.5999984741211,65.55999755859375,66.5,65.6500015258789,771200.0,64.07716369628906
2013-05-06,66.87000274658203,65.41999816894531,65.80999755859375,66.75,609300.0,65.15078735351562
2013-05-07,67.38999938964844,66.30999755859375,66.69999694824219,66.87000274658203,500100.0,65.26791381835938
2013-05-08,67.5999984741211,66.87000274658203,66.9000015258789,67.5999984741211,504600.0,65.98042297363281
2013-05-09,67.7699966430664,66.80999755859375,67.62999725341797,66.9800033569336,568400.0,65.37529754638672
2013-05-10,67.73999786376953,66.8499984741211,67.11000061035156,67.45999908447266,491700.0,65.84375762939453
2013-05-13,67.5999984741211,67.19999694824219,67.38999938964844,67.5999984741211,559500.0,65.98042297363281
2013-05-14,69.05999755859375,67.51000213623047,67.5999984741211,69.0199966430664,642200.0,67.36641693115234
2013-05-15,69.29000091552734,68.33999633789062,68.45999908447266,69.11000061035156,788300.0,67.4542465209961
2013-05-16,69.05000305175781,67.80999755859375,69.05000305175781,67.95999908447266,864700.0,66.331787109375
2013-05-17,67.77999877929688,66.4800033569336,67.72000122070312,67.04000091552734,1140300.0,65.4338607788086
2013-05-20,67.33999633789062,66.23999786376953,67.0,66.6500015258789,704000.0,65.0531997680664
2013-05-21,66.9000015258789,65.87000274658203,66.6500015258789,66.41000366210938,477000.0,64.81893920898438
2013-05-22,68.08999633789062,66.0199966430664,66.69999694824219,66.6500015258789,1079100.0,65.0531997680664
2013-05-23,67.12000274658203,65.6500015258789,66.23999786376953,67.0199966430664,483100.0,65.41432189941406
2013-05-24,66.77999877929688,66.0999984741211,66.55999755859375,66.7300033569336,454900.0,65.13127899169922
2013-05-28,69.5,67.55000305175781,67.55000305175781,69.37000274658203,944800.0,67.7080078125
2013-05-29,69.12999725341797,67.12000274658203,68.88999938964844,67.48999786376953,957000.0,65.8730697631836
2013-05-30,70.44000244140625,68.0999984741211,68.0999984741211,70.25,1115700.0,68.61778259277344
2013-05-31,70.31999969482422,69.02999877929688,69.8499984741211,69.13999938964844,774200.0,67.53353118896484
2013-06-03,69.72000122070312,68.23999786376953,69.33000183105469,69.0999984741211,803800.0,67.49446868896484
2013-06-04,70.1500015258789,68.1500015258789,69.04000091552734,68.62999725341797,516600.0,67.03541564941406
2013-06-05,69.13999938964844,67.7699966430664,68.44000244140625,67.80000305175781,718500.0,66.22468566894531
2013-06-06,68.94000244140625,67.68000030517578,67.94000244140625,68.81999969482422,409600.0,67.22100067138672
2013-06-07,70.0,68.94000244140625,68.95999908447266,69.93000030517578,503900.0,68.30522155761719
2013-06-10,71.11000061035156,69.88999938964844,69.9800033569336,70.8499984741211,885200.0,69.20382690429688
2013-06-11,70.93000030517578,69.8499984741211,70.16000366210938,70.13999938964844,495000.0,68.51033782958984
2013-06-12,71.30000305175781,69.5,71.01000213623047,69.87000274658203,584500.0,68.2466049194336
2013-06-13,71.31999969482422,69.23999786376953,69.7699966430664,71.19999694824219,399700.0,69.54570007324219
2013-06-14,71.54000091552734,70.2699966430664,70.69999694824219,70.33999633789062,375200.0,68.7056884765625
2013-06-17,71.05999755859375,69.47000122070312,70.83000183105469,69.91000366210938,479400.0,68.28565979003906
2013-06-18,70.58999633789062,69.69999694824219,70.0,70.06999969482422,301700.0,68.44197082519531
2013-06-19,70.56999969482422,68.13999938964844,70.20999908447266,68.37000274658203,723500.0,66.78144836425781
2013-06-20,68.2699966430664,66.18000030517578,68.12000274658203,66.37999725341797,655900.0,64.83769226074219
2013-06-21,66.93000030517578,65.1500015258789,66.69999694824219,65.81999969482422,627300.0,64.29071044921875
2013-06-24,66.4000015258789,64.8499984741211,65.18000030517578,65.37999725341797,705700.0,63.86091613769531
2013-06-25,65.9800033569336,65.0199966430664,65.86000061035156,65.52999877929688,435200.0,64.0074462890625
2013-06-26,66.5999984741211,65.37999725341797,66.0199966430664,65.75,407500.0,64.2223129272461
2013-06-27,67.11000061035156,66.04000091552734,66.19000244140625,66.94000244140625,411100.0,65.38469696044922
2013-06-28,67.68000030517578,66.61000061035156,66.66999816894531,66.95999908447266,1047600.0,65.40423583984375
2013-07-01,68.1500015258789,66.87999725341797,67.0,68.08999633789062,651000.0,66.5079574584961
2013-07-02,68.37999725341797,67.88999938964844,68.08999633789062,68.20999908447266,766300.0,66.62518310546875
2013-07-03,67.55000305175781,65.5199966430664,67.47000122070312,65.81999969482422,1263000.0,64.29071044921875
2013-07-05,66.52999877929688,63.5099983215332,66.0,63.83000183105469,1402200.0,62.34694290161133
2013-07-08,64.98999786376953,63.7400016784668,64.08999633789062,64.63999938964844,728000.0,63.138118743896484
2013-07-09,66.12000274658203,64.80999755859375,64.9000015258789,65.97000122070312,1164700.0,64.43721771240234
2013-07-10,67.30000305175781,65.91999816894531,66.11000061035156,67.26000213623047,541200.0,65.6972427368164
2013-07-11,67.9000015258789,66.45999908447266,67.69999694824219,67.08000183105469,569300.0,65.52142333984375
2013-07-12,68.12000274658203,66.66000366210938,67.16000366210938,67.81999969482422,718800.0,66.24421691894531
2013-07-15,68.55000305175781,67.7300033569336,68.12000274658203,68.11000061035156,627400.0,66.5274887084961
2013-07-16,69.69000244140625,67.91000366210938,68.44000244140625,68.08000183105469,770100.0,66.4981918334961
2013-07-17,68.33000183105469,66.91000366210938,68.2699966430664,66.9800033569336,677800.0,65.42376708984375
2013-07-18,68.55000305175781,67.29000091552734,67.29000091552734,68.4800033569336,472400.0,66.888916015625
2013-07-19,68.0,66.0199966430664,66.93000030517578,67.44999694824219,559400.0,65.88280487060547
2013-07-22,68.36000061035156,67.1500015258789,67.37999725341797,68.11000061035156,425800.0,66.5274887084961
2013-07-23,68.48999786376953,67.62000274658203,68.22000122070312,67.77999877929688,801200.0,66.20516204833984
2013-07-24,68.13999938964844,67.16999816894531,68.02999877929688,67.44000244140625,575300.0,65.87303161621094
2013-07-25,67.48999786376953,65.95999908447266,67.1500015258789,67.16999816894531,831400.0,65.60933685302734
2013-07-26,69.91999816894531,67.93000030517578,68.69999694824219,69.69000244140625,1331900.0,68.07079315185547
2013-07-29,70.93000030517578,69.44000244140625,70.08000183105469,69.8499984741211,737800.0,68.22705078125
2013-07-30,70.36000061035156,69.0999984741211,70.0,70.0999984741211,775200.0,68.47126007080078
2013-07-31,70.4000015258789,69.88999938964844,70.11000061035156,69.94999694824219,935200.0,68.32474517822266
2013-08-01,70.75,69.66999816894531,70.41000366210938,69.80999755859375,1234800.0,68.18798828125
2013-08-02,70.58999633789062,69.30999755859375,69.54000091552734,70.36000061035156,995200.0,68.72521209716797
2013-08-05,71.7300033569336,69.8499984741211,70.29000091552734,71.36000061035156,644600.0,69.70198059082031
2013-08-06,71.29000091552734,70.27999877929688,71.29000091552734,70.70999908447266,603500.0,69.06710052490234
2013-08-07,70.94999694824219,69.8499984741211,70.37999725341797,70.69000244140625,633200.0,69.04754638671875
2013-08-08,71.25,70.4000015258789,70.48999786376953,70.97000122070312,509300.0,69.32103729248047
2013-08-09,72.73999786376953,70.94000244140625,70.94000244140625,71.87000274658203,656600.0,70.20013427734375
2013-08-12,71.88999938964844,71.05999755859375,71.48999786376953,71.62000274658203,431000.0,69.95596313476562
2013-08-13,72.33999633789062,71.19000244140625,71.83000183105469,71.77999877929688,339200.0,70.11222076416016
2013-08-14,72.43000030517578,71.63999938964844,72.1500015258789,72.0199966430664,282900.0,70.3466567993164
2013-08-15,71.31999969482422,69.77999877929688,71.23999786376953,69.8499984741211,494100.0,68.22705078125
2013-08-16,70.20999908447266,69.30999755859375,70.0,69.80000305175781,407200.0,68.17823028564453
2013-08-19,70.70999908447266,69.29000091552734,69.9000015258789,69.30999755859375,461300.0,67.69961547851562
2013-08-20,70.41999816894531,69.08999633789062,69.22000122070312,70.19000244140625,344900.0,68.55915832519531
2013-08-21,70.12999725341797,68.47000122070312,70.12999725341797,68.94000244140625,580400.0,67.3382339477539
2013-08-22,70.05000305175781,68.73999786376953,68.95999908447266,69.6500015258789,379900.0,68.03172302246094
2013-08-23,70.70999908447266,69.44000244140625,69.7300033569336,70.41999816894531,474500.0,68.78382110595703
2013-08-26,71.3499984741211,70.22000122070312,70.3499984741211,71.20999908447266,318100.0,69.55546569824219
2013-08-27,70.63999938964844,69.30999755859375,70.58999633789062,69.30999755859375,550600.0,67.69961547851562
2013-08-28,69.86000061035156,68.94999694824219,69.30999755859375,68.98999786376953,271200.0,67.38704681396484
2013-08-29,69.54000091552734,68.26000213623047,68.91999816894531,69.22000122070312,267200.0,67.6607437133789
2013-08-30,69.30999755859375,67.5,69.13999938964844,67.75,486000.0,66.22384643554688
2013-09-03,69.0,67.0999984741211,68.58999633789062,67.87000274658203,670500.0,66.34117126464844
2013-09-04,68.45999908447266,67.66000366210938,67.81999969482422,67.97000122070312,334300.0,66.43890380859375
2013-09-05,68.68000030517578,67.83000183105469,68.06999969482422,68.26000213623047,401600.0,66.72237396240234
2013-09-06,69.0199966430664,66.91999816894531,68.52999877929688,68.45999908447266,678100.0,66.91785430908203
2013-09-09,68.43000030517578,67.5,68.31999969482422,67.5999984741211,619600.0,66.07721710205078
2013-09-10,69.69000244140625,68.0,68.0,69.66999816894531,530400.0,68.10059356689453
2013-09-11,70.94999694824219,69.33999633789062,69.66999816894531,70.44000244140625,481000.0,68.85326385498047
2013-09-12,70.7300033569336,69.54000091552734,70.19999694824219,70.68000030517578,394500.0,69.08784484863281
2013-09-13,72.13999938964844,70.66999816894531,70.91000366210938,71.69999694824219,634400.0,70.08486938476562
2013-09-16,72.5199966430664,71.26000213623047,72.5,71.48999786376953,504900.0,69.87960052490234
2013-09-17,72.83000183105469,71.43000030517578,71.58999633789062,72.83000183105469,466600.0,71.18941497802734
2013-09-18,73.77999877929688,72.36000061035156,72.80000305175781,73.6500015258789,472000.0,71.99095153808594
2013-09-19,74.19000244140625,73.37000274658203,73.97000122070312,73.51000213623047,468000.0,71.85411834716797
2013-09-20,74.20999908447266,72.6500015258789,74.0,73.37000274658203,940700.0,71.7172622680664
2013-09-23,73.45999908447266,72.25,73.37000274658203,73.38999938964844,453200.0,71.7367935180664
2013-09-24,74.08999633789062,72.93000030517578,73.33000183105469,72.98999786376953,392400.0,71.3458251953125
2013-09-25,73.93000030517578,72.66999816894531,73.16000366210938,73.69000244140625,418000.0,72.03004455566406
2013-09-26,74.87000274658203,73.4800033569336,73.68000030517578,74.2699966430664,307200.0,72.59697723388672
2013-09-27,74.7300033569336,73.55999755859375,73.77999877929688,74.29000091552734,559900.0,72.61653137207031
2013-09-30,75.3499984741211,73.3499984741211,73.55000305175781,74.98999786376953,696500.0,73.30074310302734
2013-10-01,76.79000091552734,74.97000122070312,75.44999694824219,75.66999816894531,1064700.0,73.96543884277344
2013-10-02,76.91000366210938,75.0999984741211,75.18000030517578,76.68000030517578,918400.0,74.95269012451172
2013-10-03,77.55000305175781,76.29000091552734,76.4000015258789,77.02999877929688,929100.0,75.29481506347656
2013-10-04,78.19999694824219,76.93000030517578,77.16000366210938,77.66000366210938,546800.0,75.91061401367188
2013-10-07,79.13999938964844,76.9000015258789,79.13999938964844,76.9000015258789,536400.0,75.16773986816406
2013-10-08,78.33000183105469,75.83000183105469,77.19999694824219,75.87999725341797,549100.0,74.17070007324219
2013-10-09,76.58999633789062,75.30000305175781,76.12000274658203,76.01000213623047,547800.0,74.29780578613281
2013-10-10,77.19999694824219,76.31999969482422,76.80000305175781,76.45999908447266,508700.0,74.73764038085938
2013-10-11,77.7300033569336,76.1500015258789,76.29000091552734,77.69000244140625,874900.0,75.93993377685547
2013-10-14,77.70999908447266,76.7300033569336,77.0999984741211,77.54000091552734,445700.0,75.7933120727539
2013-10-15,77.87999725341797,76.80999755859375,77.51000213623047,77.02999877929688,425600.0,75.29481506347656
2013-10-16,78.05000305175781,77.27999877929688,77.58999633789062,77.61000061035156,590100.0,75.86177062988281
2013-10-17,79.23999786376953,77.37000274658203,77.56999969482422,79.12999725341797,685400.0,77.34750366210938
2013-10-18,80.88999938964844,79.19999694824219,79.79000091552734,80.36000061035156,674200.0,78.54981231689453
2013-10-21,80.79000091552734,79.88999938964844,80.3499984741211,80.4000015258789,547600.0,78.58889770507812
2013-10-22,81.27999877929688,79.77999877929688,80.68000030517578,80.05999755859375,598400.0,78.25654602050781
2013-10-23,79.9000015258789,78.81999969482422,79.66000366210938,79.86000061035156,438500.0,78.06107330322266
2013-10-24,80.2699966430664,78.37999725341797,79.86000061035156,78.98999786376953,677500.0,77.2106704711914
2013-10-25,80.01000213623047,77.7699966430664,79.02999877929688,79.75,523100.0,77.95354461669922
2013-10-28,80.0,78.69000244140625,79.56999969482422,78.69000244140625,610100.0,76.91740417480469
2013-10-29,80.05999755859375,78.33000183105469,78.56999969482422,79.44999694824219,900100.0,77.6603012084961
2013-10-30,81.68000030517578,78.66999816894531,80.29000091552734,80.72000122070312,1141800.0,78.90167236328125
2013-10-31,81.69000244140625,80.51000213623047,80.69999694824219,80.55999755859375,815900.0,78.74529266357422
2013-11-01,81.19999694824219,79.66999816894531,80.62999725341797,80.77999877929688,545300.0,78.96034240722656
2013-11-04,81.52999877929688,80.47000122070312,80.94000244140625,81.41999816894531,694400.0,79.58589935302734
2013-11-05,81.68000030517578,80.02999877929688,81.68000030517578,80.23999786376953,602400.0,78.4325180053711
2013-11-06,81.0199966430664,79.58000183105469,80.41000366210938,80.12999725341797,474600.0,78.32498931884766
2013-11-07,80.44000244140625,77.23999786376953,80.30999755859375,77.30999755859375,772200.0,75.5685043334961
2013-11-08,80.05999755859375,77.5199966430664,78.33999633789062,80.0,1026600.0,78.19791412353516
2013-11-11,81.1500015258789,79.86000061035156,80.06999969482422,80.72000122070312,533300.0,78.90167236328125
2013-11-12,80.95999908447266,79.87000274658203,80.43000030517578,80.76000213623047,615100.0,78.94080352783203
2013-11-13,81.0999984741211,79.80000305175781,80.8499984741211,80.37999725341797,659800.0,78.56934356689453
2013-11-14,80.81999969482422,80.13999938964844,80.37999725341797,80.75,583200.0,78.93101501464844
2013-11-15,81.04000091552734,79.19999694824219,80.94999694824219,79.4000015258789,963400.0,77.61141204833984
2013-11-18,79.9000015258789,78.83000183105469,79.43000030517578,79.51000213623047,890400.0,77.71893310546875
2013-11-19,79.80999755859375,78.80000305175781,79.62000274658203,79.11000061035156,726700.0,77.32797241210938
2013-11-20,80.0,79.1500015258789,79.1500015258789,79.79000091552734,715100.0,77.99263000488281
2013-11-21,80.30999755859375,79.37000274658203,79.5,79.88999938964844,763600.0,78.09040069580078
2013-11-22,80.33000183105469,79.47000122070312,80.30000305175781,79.7699966430664,818500.0,77.97309112548828
2013-11-25,81.55999755859375,79.63999938964844,80.13999938964844,81.52999877929688,1200600.0,79.69345092773438
2013-11-26,82.9800033569336,81.41000366210938,82.08000183105469,82.08999633789062,4447900.0,80.24082946777344
2013-11-27,82.80000305175781,81.83999633789062,82.52999877929688,82.20999908447266,508200.0,80.4071044921875
2013-11-29,82.91999816894531,82.12999725341797,82.48999786376953,82.43000030517578,265000.0,80.62226867675781
2013-12-02,83.48999786376953,81.95999908447266,82.76000213623047,82.27999877929688,765600.0,80.4755630493164
2013-12-03,83.12999725341797,81.94000244140625,82.27999877929688,83.08999633789062,570200.0,81.26780700683594
2013-12-04,82.97000122070312,82.04000091552734,82.5999984741211,82.80999755859375,535000.0,80.99395751953125
2013-12-05,82.73999786376953,82.02999877929688,82.55999755859375,82.20999908447266,552800.0,80.4071044921875
2013-12-06,83.83000183105469,82.7300033569336,83.02999877929688,82.91000366210938,573800.0,81.09176635742188
2013-12-09,83.16000366210938,81.81999969482422,82.80999755859375,83.0,645200.0,81.17976379394531
2013-12-10,83.48999786376953,82.44000244140625,82.68000030517578,83.12000274658203,571600.0,81.29716491699219
2013-12-11,83.44999694824219,80.72000122070312,83.44999694824219,80.83999633789062,598200.0,79.06715393066406
2013-12-12,81.37999725341797,80.3499984741211,80.63999938964844,80.93000030517578,659000.0,79.15518188476562
2013-12-13,81.77999877929688,80.5,81.29000091552734,81.33000183105469,420300.0,79.54638671875
2013-12-16,81.94000244140625,80.80999755859375,81.47000122070312,80.91999816894531,408300.0,79.14539337158203
2013-12-17,81.27999877929688,79.72000122070312,80.66000366210938,80.25,861500.0,78.49009704589844
2013-12-18,81.0,79.38999938964844,80.5199966430664,80.52999877929688,708000.0,78.76396179199219
2013-12-19,80.44000244140625,78.45999908447266,80.36000061035156,79.0199966430664,1760500.0,77.28705596923828
2013-12-20,79.6500015258789,78.11000061035156,78.55999755859375,79.4000015258789,1844700.0,77.65872192382812
2013-12-23,79.95999908447266,79.3499984741211,79.55999755859375,79.68000030517578,494000.0,77.93257904052734
2013-12-24,80.98999786376953,79.52999877929688,79.80999755859375,80.52999877929688,261000.0,78.76396179199219
2013-12-26,81.08999633789062,80.16999816894531,80.9000015258789,80.58999633789062,297000.0,78.82261657714844
2013-12-27,80.81999969482422,79.91999816894531,80.58999633789062,80.1500015258789,392200.0,78.39229583740234
2013-12-30,80.55000305175781,79.38999938964844,80.19000244140625,80.18000030517578,416900.0,78.42162322998047
2013-12-31,81.56999969482422,80.08999633789062,80.44000244140625,81.26000213623047,339600.0,79.47795867919922
2014-01-02,81.88999938964844,80.19999694824219,80.83999633789062,80.62000274658203,544000.0,78.85196685791016
2014-01-03,82.45999908447266,80.70999908447266,80.70999908447266,81.51000213623047,645800.0,79.72246551513672
2014-01-06,81.94000244140625,79.6500015258789,81.63999938964844,80.51000213623047,603900.0,78.74437713623047
2014-01-07,83.3499984741211,80.93000030517578,80.93000030517578,82.81999969482422,670700.0,81.00374603271484
2014-01-08,83.43000030517578,82.16000366210938,82.80999755859375,83.04000091552734,422500.0,81.21891021728516
2014-01-09,84.48999786376953,83.05999755859375,83.51000213623047,84.44000244140625,726500.0,82.58820343017578
2014-01-10,85.55000305175781,83.94000244140625,84.19999694824219,85.5199966430664,581800.0,83.6445083618164
2014-01-13,85.94999694824219,83.72000122070312,85.55000305175781,83.98999786376953,816300.0,82.14805603027344
2014-01-14,85.77999877929688,84.19999694824219,84.31999969482422,85.69000244140625,529500.0,83.81077575683594
2014-01-15,86.01000213623047,85.2300033569336,85.4800033569336,85.80000305175781,502100.0,83.91838836669922
2014-01-16,86.08000183105469,85.05999755859375,85.66999816894531,85.26000213623047,810800.0,83.39020538330078
2014-01-17,85.62000274658203,84.63999938964844,85.06999969482422,85.27999877929688,376700.0,83.4097671508789
2014-01-21,85.75,82.72000122070312,85.5199966430664,83.88999938964844,933000.0,82.05025482177734
2014-01-22,84.37000274658203,83.29000091552734,83.88999938964844,83.80999755859375,573300.0,81.97200775146484
2014-01-23,83.73999786376953,82.41999816894531,83.41000366210938,82.91000366210938,662900.0,81.09176635742188
2014-01-24,82.5199966430664,80.27999877929688,82.5199966430664,80.31999969482422,825100.0,78.55854797363281
2014-01-27,80.69999694824219,78.9800033569336,80.27999877929688,79.68000030517578,733700.0,77.93257904052734
2014-01-28,81.20999908447266,79.4000015258789,79.80999755859375,80.66000366210938,697400.0,78.89111328125
2014-01-29,81.0,79.56999969482422,79.95999908447266,79.9800033569336,387000.0,78.22602081298828
2014-01-30,81.0999984741211,80.02999877929688,80.37999725341797,80.9000015258789,511000.0,79.12583923339844
2014-01-31,82.98999786376953,79.62000274658203,80.18000030517578,82.0199966430664,695300.0,80.22128295898438
2014-02-03,82.25,78.51000213623047,81.68000030517578,78.68000030517578,988700.0,76.95447540283203
2014-02-04,79.58000183105469,77.66000366210938,79.02999877929688,78.19000244140625,874700.0,76.47526550292969
2014-02-05,78.63999938964844,77.12000274658203,78.19000244140625,78.19999694824219,564200.0,76.48505401611328
2014-02-06,78.6500015258789,77.8499984741211,78.2699966430664,78.22000122070312,591300.0,76.50462341308594
2014-02-07,78.87999725341797,77.83000183105469,78.41000366210938,78.63999938964844,605400.0,76.91539764404297
2014-02-10,80.16999816894531,77.97000122070312,78.47000122070312,80.12000274658203,688000.0,78.36294555664062
2014-02-11,80.9000015258789,79.30999755859375,80.05000305175781,80.87000274658203,417100.0,79.09648132324219
2014-02-12,81.98999786376953,80.04000091552734,80.62000274658203,80.27999877929688,749500.0,78.51944732666016
2014-02-13,82.44999694824219,78.55000305175781,79.37000274658203,82.02999877929688,530300.0,80.2310562133789
2014-02-14,83.37999725341797,82.11000061035156,82.23999786376953,82.5,439900.0,80.69074249267578
2014-02-18,83.55999755859375,82.22000122070312,82.68000030517578,83.41999816894531,468500.0,81.59056854248047
2014-02-19,83.44000244140625,81.97000122070312,83.06999969482422,82.0,513200.0,80.20170593261719
2014-02-20,82.4000015258789,81.05000305175781,82.16999816894531,82.19000244140625,762700.0,80.38752746582031
2014-02-21,83.13999938964844,81.83999633789062,82.5,82.0999984741211,609900.0,80.29952239990234
2014-02-24,83.56999969482422,81.81999969482422,82.01000213623047,83.11000061035156,597300.0,81.2873764038086
2014-02-25,82.70999908447266,80.69000244140625,82.62000274658203,81.2300033569336,1026700.0,79.4485855102539
2014-02-26,83.0199966430664,80.88999938964844,81.29000091552734,82.43000030517578,799100.0,80.62226867675781
2014-02-27,82.83000183105469,81.80999755859375,82.13999938964844,82.19999694824219,742100.0,80.44612121582031
2014-02-28,82.41999816894531,78.55000305175781,80.44000244140625,80.27999877929688,1413400.0,78.56710052490234
2014-03-03,81.26000213623047,79.19999694824219,79.68000030517578,81.06999969482422,876600.0,79.34020233154297
2014-03-04,82.11000061035156,81.4000015258789,82.0199966430664,81.5,677400.0,79.76107025146484
2014-03-05,81.73999786376953,80.62999725341797,81.56999969482422,80.87000274658203,475800.0,79.14450073242188
2014-03-06,81.30999755859375,79.88999938964844,81.23999786376953,79.94000244140625,563800.0,78.23434448242188
2014-03-07,80.70999908447266,78.87000274658203,80.38999938964844,79.23999786376953,845100.0,77.54927825927734
2014-03-10,79.51000213623047,78.2300033569336,79.19999694824219,78.5199966430664,611700.0,76.84465789794922
2014-03-11,78.95999908447266,76.87999725341797,78.72000122070312,77.11000061035156,1007200.0,75.46472930908203
2014-03-12,77.05000305175781,75.66999816894531,76.51000213623047,76.7699966430664,1282200.0,75.1319580078125
2014-03-13,77.2300033569336,74.5999984741211,77.12999725341797,75.0999984741211,1279200.0,73.49761199951172
2014-03-14,75.47000122070312,74.19000244140625,74.91000366210938,74.58999633789062,1105100.0,72.99847412109375
2014-03-17,75.5999984741211,74.29000091552734,74.80999755859375,74.3499984741211,530000.0,72.76362609863281
2014-03-18,77.33000183105469,75.68000030517578,75.73999786376953,76.94999694824219,1467700.0,75.3081283569336
2014-03-19,77.87000274658203,76.66000366210938,76.9000015258789,76.87000274658203,821800.0,75.2298355102539
2014-03-20,77.73999786376953,76.7300033569336,76.88999938964844,76.80999755859375,641800.0,75.17111206054688
2014-03-21,77.25,75.5199966430664,77.19999694824219,75.5999984741211,1075900.0,73.9869384765625
2014-03-24,76.13999938964844,74.70999908447266,75.5999984741211,75.2699966430664,822500.0,73.66398620605469
2014-03-25,76.81999969482422,75.19000244140625,75.62999725341797,75.97000122070312,762700.0,74.34906005859375
2014-03-26,79.05000305175781,76.2699966430664,76.5199966430664,78.16999816894531,1371400.0,76.50212097167969
2014-03-27,78.33000183105469,77.5,78.25,78.22000122070312,613300.0,76.55106353759766
2014-03-28,80.62999725341797,78.5999984741211,78.5999984741211,79.69999694824219,779500.0,77.99947357177734
2014-03-31,82.13999938964844,79.91000366210938,80.5999984741211,82.06999969482422,1040000.0,80.31888580322266
2014-04-01,82.95999908447266,81.83999633789062,82.16000366210938,82.30999755859375,981500.0,80.55378723144531
2014-04-02,82.94000244140625,82.13999938964844,82.5,82.58000183105469,603700.0,80.81802368164062
2014-04-03,83.43000030517578,82.44999694824219,82.61000061035156,83.04000091552734,1380600.0,81.26820373535156
2014-04-04,84.4800033569336,81.2300033569336,83.69000244140625,81.33000183105469,1056800.0,79.59466552734375
2014-04-07,81.12000274658203,77.12000274658203,81.08000183105469,77.8499984741211,1281000.0,76.18893432617188
2014-04-08,78.37000274658203,76.56999969482422,77.68000030517578,77.77999877929688,924300.0,76.12042236328125
2014-04-09,78.02999877929688,76.98999786376953,77.66999816894531,77.6500015258789,897300.0,75.99319458007812
2014-04-10,77.87000274658203,75.44999694824219,77.7699966430664,75.87000274658203,808700.0,74.25119018554688
2014-04-11,76.3499984741211,73.6500015258789,75.43000030517578,74.61000061035156,450500.0,73.01807403564453
2014-04-14,75.31999969482422,74.31999969482422,74.98999786376953,75.08999633789062,678400.0,73.4878158569336
2014-04-15,75.94999694824219,73.79000091552734,75.26000213623047,75.04000091552734,605500.0,73.43888092041016
2014-04-16,75.69999694824219,74.0999984741211,75.56999969482422,74.88999938964844,439400.0,73.29208374023438
2014-04-17,75.11000061035156,73.05999755859375,74.5,74.6500015258789,667200.0,73.05724334716797
2014-04-21,75.9800033569336,74.6500015258789,74.75,75.48999786376953,462700.0,73.87928009033203
2014-04-22,76.5199966430664,75.30000305175781,75.44000244140625,75.72000122070312,283500.0,74.10438537597656
2014-04-23,77.16999816894531,75.58000183105469,75.73999786376953,76.5999984741211,636200.0,74.96561431884766
2014-04-24,78.6500015258789,76.80999755859375,76.9800033569336,78.12000274658203,1137900.0,76.45317840576172
2014-04-25,86.0,81.55999755859375,83.0,82.91999816894531,1707000.0,81.1507568359375
2014-04-28,84.36000061035156,82.41999816894531,84.0,83.12000274658203,1156300.0,81.34649658203125
2014-04-29,83.8499984741211,82.12000274658203,82.95999908447266,82.88999938964844,937400.0,81.12139129638672
2014-04-30,83.30999755859375,81.66000366210938,82.91000366210938,81.79000091552734,855400.0,80.04487609863281
2014-05-01,84.0199966430664,81.4000015258789,82.16999816894531,83.31999969482422,904100.0,81.54222106933594
2014-05-02,84.23999786376953,83.0199966430664,83.51000213623047,83.4000015258789,1095800.0,81.62054443359375
2014-05-05,83.58000183105469,82.43000030517578,82.98999786376953,83.37999725341797,423900.0,81.6009521484375
2014-05-06,84.0,82.16999816894531,83.05999755859375,82.69000244140625,745900.0,80.9256820678711
2014-05-07,82.93000030517578,81.37000274658203,82.76000213623047,82.45999908447266,573700.0,80.70055389404297
2014-05-08,83.66000366210938,81.54000091552734,82.19000244140625,81.91000366210938,610800.0,80.1623306274414
2014-05-09,82.63999938964844,81.38999938964844,81.87000274658203,82.56999969482422,451700.0,80.80821990966797
2014-05-12,84.47000122070312,82.72000122070312,82.80999755859375,84.31999969482422,683700.0,82.5208969116211
2014-05-13,86.12999725341797,84.43000030517578,84.5,86.0,817200.0,84.1650390625
2014-05-14,86.41999816894531,85.37999725341797,85.87000274658203,85.86000061035156,835000.0,84.02802276611328
2014-05-15,85.58999633789062,83.9800033569336,85.58999633789062,84.94000244140625,469300.0,83.1276626586914
2014-05-16,84.87000274658203,83.41000366210938,84.66000366210938,84.83000183105469,720000.0,83.02000427246094
2014-05-19,86.37999725341797,84.63999938964844,84.6500015258789,85.9800033569336,715000.0,84.14546203613281
2014-05-20,87.33000183105469,85.97000122070312,86.08999633789062,87.2300033569336,773200.0,85.36880493164062
2014-05-21,89.05999755859375,87.4000015258789,87.47000122070312,88.29000091552734,1140100.0,86.40618133544922
2014-05-22,89.02999877929688,88.16000366210938,88.58999633789062,88.23999786376953,587000.0,86.35722351074219
2014-05-23,90.13999938964844,87.8499984741211,88.52999877929688,89.43000030517578,895000.0,87.52186584472656
2014-05-27,90.37999725341797,88.66999816894531,89.86000061035156,89.05999755859375,581600.0,87.15975189208984
2014-05-28,89.55000305175781,87.87999725341797,89.22000122070312,89.3499984741211,727700.0,87.44355010986328
2014-05-29,90.12999725341797,88.05999755859375,89.5,89.73999786376953,611500.0,87.8744125366211
2014-05-30,90.66000366210938,89.4000015258789,89.55999755859375,89.56999969482422,907600.0,87.70794677734375
2014-06-02,90.0199966430664,88.66000366210938,89.5,89.91999816894531,556400.0,88.0506591796875
2014-06-03,92.8499984741211,89.25,89.98999786376953,92.83000183105469,1308200.0,90.90017700195312
2014-06-04,92.76000213623047,91.94999694824219,92.5,92.72000122070312,523300.0,90.79248046875
2014-06-05,95.66000366210938,92.43000030517578,92.43000030517578,95.26000213623047,986400.0,93.27965545654297
2014-06-06,96.12000274658203,94.2300033569336,95.26000213623047,94.81999969482422,712600.0,92.84881591796875
2014-06-09,94.70999908447266,93.83999633789062,94.51000213623047,94.0,586800.0,92.04585266113281
2014-06-10,94.02999877929688,92.62999725341797,93.9000015258789,93.37000274658203,491100.0,91.428955078125
2014-06-11,93.29000091552734,91.9000015258789,92.94999694824219,92.7699966430664,471600.0,90.84141540527344
2014-06-12,93.06999969482422,91.98999786376953,92.66999816894531,92.5,515700.0,90.57703399658203
2014-06-13,94.25,92.33999633789062,92.58999633789062,94.06999969482422,619100.0,92.1144027709961
2014-06-16,95.0,93.33999633789062,93.91999816894531,94.70999908447266,753500.0,92.7410888671875
2014-06-17,96.8499984741211,94.63999938964844,94.80999755859375,95.29000091552734,955700.0,93.30902862548828
2014-06-18,95.47000122070312,94.2300033569336,95.05000305175781,95.3499984741211,449100.0,93.36779022216797
2014-06-19,96.41999816894531,94.9000015258789,95.48999786376953,96.3499984741211,410100.0,94.34700775146484
2014-06-20,97.41000366210938,96.18000030517578,96.62999725341797,97.05999755859375,494900.0,95.04224395751953
2014-06-23,98.88999938964844,96.88999938964844,97.2300033569336,98.75,568500.0,96.69711303710938
2014-06-24,98.5199966430664,96.83000183105469,98.30999755859375,96.88999938964844,631400.0,94.87577819824219
2014-06-25,97.51000213623047,94.77999877929688,96.66000366210938,96.98999786376953,708900.0,94.97368621826172
2014-06-26,97.44000244140625,93.41999816894531,97.1500015258789,95.94000244140625,1382300.0,93.94551849365234
2014-06-27,96.38999938964844,94.5,95.81999969482422,95.0,1460800.0,93.0250473022461
2014-06-30,96.26000213623047,95.16000366210938,95.16000366210938,95.76000213623047,1027700.0,93.76927947998047
2014-07-01,97.06999969482422,94.86000061035156,95.87000274658203,95.66999816894531,875300.0,93.68113708496094
2014-07-02,96.5199966430664,94.95999908447266,95.36000061035156,96.4800033569336,448600.0,94.47430419921875
2014-07-03,97.0,95.69000244140625,96.4800033569336,96.19999694824219,350300.0,94.20010375976562
2014-07-07,96.02999877929688,94.19000244140625,95.80999755859375,94.19999694824219,408400.0,92.24169921875
2014-07-08,94.48999786376953,91.37999725341797,94.16000366210938,92.80000305175781,977600.0,90.87079620361328
2014-07-09,94.31999969482422,92.86000061035156,93.19999694824219,93.7300033569336,463000.0,91.78147888183594
2014-07-10,93.06999969482422,91.7300033569336,92.56999969482422,92.44999694824219,794900.0,90.52806854248047
2014-07-11,92.95999908447266,91.66000366210938,92.27999877929688,92.45999908447266,490500.0,90.53787231445312
2014-07-14,93.19999694824219,91.80000305175781,93.0,92.22000122070312,596000.0,90.3028564453125
2014-07-15,92.9000015258789,91.26000213623047,92.08999633789062,91.83000183105469,619600.0,89.92098236083984
2014-07-16,97.05000305175781,94.5,95.75,96.9800033569336,2044600.0,94.9638900756836
2014-07-17,97.55000305175781,95.2699966430664,96.58000183105469,95.5199966430664,693300.0,93.53424835205078
2014-07-18,96.94999694824219,94.79000091552734,95.55000305175781,96.30000305175781,582100.0,94.29804229736328
2014-07-21,96.16999816894531,94.26000213623047,95.81999969482422,95.87999725341797,405700.0,93.88675689697266
2014-07-22,97.9000015258789,93.93000030517578,96.06999969482422,96.9000015258789,1325900.0,94.88556671142578
2014-07-23,98.13999938964844,95.88999938964844,97.02999877929688,97.55999755859375,1144100.0,95.53184509277344
2014-07-24,98.9000015258789,97.30999755859375,98.37999725341797,97.54000091552734,1139900.0,95.51225280761719
2014-07-25,108.80000305175781,103.33000183105469,105.0,104.2300033569336,2853200.0,102.06319427490234
2014-07-28,108.95999908447266,104.69999694824219,104.87999725341797,108.06999969482422,2140500.0,105.82335662841797
2014-07-29,110.43000030517578,107.4000015258789,108.37999725341797,109.04000091552734,1107500.0,106.77320098876953
2014-07-30,109.44000244140625,107.52999877929688,109.06999969482422,108.12000274658203,873500.0,105.87232208251953
2014-07-31,107.91999816894531,105.63999938964844,107.91999816894531,106.5999984741211,1017600.0,104.38391876220703
2014-08-01,107.91000366210938,104.76000213623047,106.55000305175781,105.37000274658203,899900.0,103.17948913574219
2014-08-04,106.62000274658203,105.01000213623047,105.80000305175781,106.44999694824219,739200.0,104.2370376586914
2014-08-05,107.66999816894531,105.80999755859375,106.4000015258789,106.87999725341797,748800.0,104.65809631347656
2014-08-06,108.02999877929688,105.88999938964844,106.43000030517578,106.80000305175781,545900.0,104.57975006103516
2014-08-07,108.19000244140625,106.56999969482422,107.25,107.44999694824219,741000.0,105.21623992919922
2014-08-08,108.0999984741211,105.16000366210938,107.3499984741211,107.12000274658203,652000.0,104.89310455322266
2014-08-11,108.04000091552734,106.37999725341797,107.23999786376953,106.9000015258789,532500.0,104.67767333984375
2014-08-12,107.66999816894531,105.9000015258789,107.0,107.20999908447266,652800.0,104.9812240600586
2014-08-13,108.98999786376953,107.30999755859375,107.30999755859375,108.87999725341797,640700.0,106.61651611328125
2014-08-14,110.33000183105469,109.08999633789062,109.16999816894531,109.91999816894531,470700.0,107.63489532470703
2014-08-15,110.43000030517578,108.6500015258789,110.08999633789062,109.62000274658203,301100.0,107.34112548828125
2014-08-18,111.69999694824219,109.75,110.19999694824219,111.69999694824219,457000.0,109.37789154052734
2014-08-19,112.43000030517578,111.37999725341797,112.18000030517578,112.19000244140625,484400.0,109.85771179199219
2014-08-20,112.54000091552734,110.88999938964844,111.76000213623047,112.33999633789062,421000.0,110.00457763671875
2014-08-21,112.87000274658203,111.94999694824219,112.31999969482422,112.37999725341797,507100.0,110.04376983642578
2014-08-22,113.27999877929688,112.0,112.44000244140625,113.0,500600.0,110.65087127685547
2014-08-25,113.63999938964844,112.5,113.44999694824219,113.16000366210938,426200.0,110.80754089355469
2014-08-26,114.12000274658203,113.1500015258789,113.58000183105469,113.63999938964844,472100.0,111.277587890625
2014-08-27,113.83999633789062,112.91000366210938,113.66000366210938,113.4000015258789,585500.0,111.04254913330078
2014-08-28,113.73999786376953,112.77999877929688,113.19999694824219,113.56999969482422,390800.0,111.30718231201172
2014-08-29,115.44000244140625,113.3499984741211,113.43000030517578,114.44000244140625,441400.0,112.15984344482422
2014-09-02,115.25,113.16999816894531,114.77999877929688,114.66000366210938,606800.0,112.3754653930664
2014-09-03,115.63999938964844,111.25,114.56999969482422,111.44999694824219,1366600.0,109.2293930053711
2014-09-04,112.02999877929688,105.4000015258789,111.26000213623047,108.0,2855300.0,105.8481674194336
2014-09-05,108.63999938964844,106.58000183105469,108.16000366210938,107.55000305175781,948000.0,105.40713500976562
2014-09-08,110.1500015258789,107.70999908447266,107.70999908447266,110.05000305175781,1016400.0,107.85731506347656
2014-09-09,113.16000366210938,110.16000366210938,110.4800033569336,111.62000274658203,1073900.0,109.3960189819336
2014-09-10,112.04000091552734,110.08000183105469,112.04000091552734,111.16000366210938,618300.0,108.94517517089844
2014-09-11,113.61000061035156,110.9800033569336,110.9800033569336,113.25,712400.0,110.99356842041016
2014-09-12,113.9000015258789,111.26000213623047,113.5999984741211,111.70999908447266,797500.0,109.48421478271484
2014-09-15,113.20999908447266,110.22000122070312,112.43000030517578,111.25,1334400.0,109.03340911865234
2014-09-16,112.80000305175781,110.61000061035156,110.80999755859375,112.06999969482422,1407100.0,109.83704376220703
2014-09-17,112.87000274658203,110.77999877929688,112.3499984741211,111.66999816894531,720800.0,109.44503021240234
2014-09-18,113.02999877929688,111.48999786376953,111.88999938964844,112.55999755859375,872500.0,110.3172836303711
2014-09-19,114.68000030517578,112.4800033569336,113.43000030517578,113.93000030517578,13966800.0,111.6600112915039
2014-09-22,114.44000244140625,112.7699966430664,113.7699966430664,113.19000244140625,1241200.0,110.93473815917969
2014-09-23,113.87999725341797,112.41000366210938,113.38999938964844,112.79000091552734,987900.0,110.54271697998047
2014-09-24,115.37000274658203,112.2699966430664,113.0199966430664,114.83999633789062,780500.0,112.55187225341797
2014-09-25,114.75,111.51000213623047,114.75,111.7300033569336,827100.0,109.50382232666016
2014-09-26,112.62000274658203,108.4800033569336,111.75,109.02999877929688,1840100.0,106.8576431274414
2014-09-29,109.93000030517578,108.0999984741211,109.02999877929688,109.55000305175781,1706200.0,107.36726379394531
2014-09-30,110.16999816894531,104.41999816894531,109.80000305175781,104.5,2256000.0,102.41790008544922
2014-10-01,105.36000061035156,102.61000061035156,104.62000274658203,103.61000061035156,1582900.0,101.54563903808594
2014-10-02,106.01000213623047,102.55999755859375,103.62999725341797,105.75,1192700.0,103.64299011230469
2014-10-03,108.11000061035156,106.02999877929688,106.73999786376953,107.4000015258789,989100.0,105.26011657714844
2014-10-06,108.11000061035156,105.19000244140625,107.5199966430664,105.47000122070312,1254800.0,103.36856079101562
2014-10-07,107.02999877929688,104.68000030517578,105.33000183105469,105.72000122070312,1073200.0,103.61359405517578
2014-10-08,108.22000122070312,105.05999755859375,105.72000122070312,108.16999816894531,813400.0,106.0147476196289
2014-10-09,108.06999969482422,104.25,107.80999755859375,104.31999969482422,705200.0,102.24148559570312
2014-10-10,105.98999786376953,103.77999877929688,104.38999938964844,103.86000061035156,756500.0,101.79061126708984
2014-10-13,105.1500015258789,102.01000213623047,103.83999633789062,102.13999938964844,952900.0,100.10490417480469
2014-10-14,104.72000122070312,100.2300033569336,102.69999694824219,102.93000030517578,943300.0,100.8791732788086
2014-10-15,101.5,97.1500015258789,101.16000366210938,100.26000213623047,1785300.0,98.26235961914062
2014-10-16,103.73999786376953,100.2699966430664,101.02999877929688,103.23999786376953,1299000.0,101.18299865722656
2014-10-17,105.06999969482422,103.04000091552734,103.77999877929688,103.30999755859375,863200.0,101.25160217285156
2014-10-20,104.9800033569336,102.30000305175781,102.95999908447266,104.91000366210938,594600.0,102.8197250366211
2014-10-21,107.38999938964844,105.55000305175781,105.76000213623047,106.95999908447266,767400.0,104.8288803100586
2014-10-22,107.0999984741211,105.0,106.83000183105469,105.30000305175781,769900.0,103.20196533203125
2014-10-23,107.70999908447266,105.80999755859375,106.08000183105469,106.58000183105469,846600.0,104.45645904541016
2014-10-24,108.62000274658203,105.7699966430664,106.81999969482422,108.58999633789062,835600.0,106.42639923095703
2014-10-27,109.13999938964844,107.52999877929688,108.3499984741211,108.41999816894531,930100.0,106.25979614257812
2014-10-28,110.44999694824219,103.83000183105469,108.77999877929688,107.44999694824219,1309500.0,105.30912017822266
2014-10-29,107.83000183105469,104.23999786376953,107.30999755859375,104.72000122070312,1260100.0,102.6335220336914
2014-10-30,105.0199966430664,101.29000091552734,104.69000244140625,102.66000366210938,1664100.0,100.61455535888672
2014-10-31,104.22000122070312,101.08999633789062,104.01000213623047,103.70999908447266,878700.0,101.64364624023438
2014-11-03,107.79000091552734,102.83999633789062,103.63999938964844,103.44000244140625,908700.0,101.37901306152344
2014-11-04,103.77999877929688,99.18000030517578,103.7300033569336,102.0999984741211,1756000.0,100.06570434570312
2014-11-05,102.66999816894531,98.23999786376953,102.66999816894531,98.69999694824219,2036500.0,96.73345184326172
2014-11-06,100.83000183105469,99.0199966430664,99.0199966430664,100.25,1230000.0,98.25254821777344
2014-11-07,100.30999755859375,95.62999725341797,100.13999938964844,97.93000030517578,2942100.0,95.97879791259766
2014-11-10,99.30000305175781,97.48999786376953,98.43000030517578,97.80999755859375,1071400.0,95.8611831665039
2014-11-11,98.9000015258789,97.58999633789062,98.05000305175781,98.81999969482422,719200.0,96.85106658935547
2014-11-12,99.19000244140625,96.51000213623047,97.80000305175781,99.05999755859375,1546700.0,97.0862808227539
2014-11-13,99.52999877929688,98.05000305175781,99.0,98.80999755859375,1236900.0,96.8412857055664
2014-11-14,99.2300033569336,97.76000213623047,98.61000061035156,97.93000030517578,909300.0,95.97879791259766
2014-11-17,101.05999755859375,97.80000305175781,97.94999694824219,100.93000030517578,1241400.0,98.91902923583984
2014-11-18,103.86000061035156,100.73999786376953,101.16999816894531,103.5,927400.0,101.43781280517578
2014-11-19,103.8499984741211,102.01000213623047,103.12999725341797,102.20999908447266,1102500.0,100.17353057861328
2014-11-20,103.9000015258789,101.43000030517578,101.55000305175781,103.05999755859375,1003400.0,101.0065689086914
2014-11-21,104.66999816894531,102.9800033569336,103.75,103.55000305175781,916700.0,101.48680114746094
2014-11-24,105.30000305175781,103.08000183105469,103.37999725341797,103.76000213623047,1021100.0,101.69264221191406
2014-11-25,104.83999633789062,103.45999908447266,103.72000122070312,104.7300033569336,732600.0,102.643310546875
2014-11-26,105.19000244140625,103.47000122070312,104.8499984741211,104.0,555800.0,101.9278564453125
2014-11-28,105.04000091552734,103.4000015258789,103.4000015258789,104.62000274658203,288300.0,102.63421630859375
2014-12-01,105.08999633789062,103.2300033569336,104.9000015258789,103.87999725341797,555400.0,101.90821075439453
2014-12-02,104.7300033569336,103.43000030517578,103.56999969482422,104.33999633789062,450200.0,102.35948944091797
2014-12-03,105.88999938964844,104.29000091552734,104.29000091552734,105.86000061035156,588100.0,103.85065460205078
2014-12-04,107.7300033569336,105.26000213623047,105.7300033569336,106.91999816894531,658200.0,104.89051055908203
2014-12-05,108.16000366210938,106.6500015258789,107.13999938964844,107.5,856900.0,105.45951843261719
2014-12-08,110.19999694824219,107.30000305175781,107.83999633789062,108.27999877929688,710300.0,106.22471618652344
2014-12-09,107.37999725341797,105.83000183105469,107.11000061035156,107.30000305175781,512000.0,105.2633285522461
2014-12-10,107.13999938964844,105.55000305175781,106.94000244140625,106.41000366210938,807100.0,104.39021301269531
2014-12-11,108.98999786376953,106.7300033569336,107.06999969482422,108.1500015258789,426300.0,106.09719848632812
2014-12-12,109.37999725341797,106.58000183105469,107.16000366210938,106.63999938964844,1164000.0,104.61583709716797
2014-12-15,108.0,104.94999694824219,106.7699966430664,106.44999694824219,936500.0,104.42945098876953
2014-12-16,107.30999755859375,104.23999786376953,105.98999786376953,104.37000274658203,836100.0,102.38894653320312
2014-12-17,106.06999969482422,103.72000122070312,104.5999984741211,105.5999984741211,1023100.0,103.59558868408203
2014-12-18,109.66999816894531,106.5999984741211,106.7699966430664,109.66999816894531,712900.0,107.58831787109375
2014-12-19,110.56999969482422,109.38999938964844,110.12999725341797,109.87000274658203,1235500.0,107.78451538085938
2014-12-22,110.79000091552734,109.52999877929688,109.91999816894531,110.66000366210938,468500.0,108.5595474243164
2014-12-23,111.37999725341797,110.43000030517578,111.06999969482422,110.87999725341797,677000.0,108.7753677368164
2014-12-24,112.58999633789062,111.0,111.01000213623047,111.87000274658203,266900.0,109.74656677246094
2014-12-26,112.75,111.83000183105469,112.0,112.31999969482422,485800.0,110.18802642822266
2014-12-29,112.41999816894531,111.33000183105469,111.95999908447266,111.62999725341797,620600.0,109.51112365722656
2014-12-30,112.36000061035156,110.83999633789062,111.37000274658203,111.51000213623047,585800.0,109.39338684082031
2014-12-31,112.18000030517578,110.9000015258789,111.87000274658203,111.26000213623047,1030700.0,109.14813995361328
